step,source_elapsed_s,target_center_x,target_center_y,target_center_z,action_0,action_1,action_2,action_3,action_4,action_5,action_6,action_7,action_8,action_9,action_10,action_11,action_12,action_13,noise_0,noise_1,noise_2,noise_3,noise_4,noise_5,noise_6,noise_7,noise_8,noise_9,noise_10,noise_11,noise_12,noise_13
0,0.035511565,0.500000000,0.000000000,0.200000000,-0.124330795,1.000000000,0.641305541,-0.688849756,-0.861445910,0.288453607,0.805454364,-0.212676906,1.000000000,0.413143774,-0.006620490,-0.363134767,0.088684583,0.678629300,-0.316148779,0.010731280,0.323016172,0.271407834,-0.534533298,0.242687931,0.264511218,0.167980201,0.008960903,0.418859544,0.962916530,-0.321997224,0.019724565,0.475764981
1,0.084997476,0.500000000,0.000000000,0.200000000,-0.226904177,1.000000000,-0.019561653,-0.951585557,0.041863884,-0.373209468,0.178450376,-0.585173096,0.904655743,-0.196837906,-0.303607219,-0.263036979,1.000000000,0.033714110,-0.365427696,0.016185999,-0.285067563,-0.009889807,0.263965051,-0.437582835,-0.374252647,-0.334893908,-0.082364988,-0.261267621,0.650440640,-0.317615287,0.698651284,-0.110178610
2,0.135321282,0.500000000,0.000000000,0.200000000,0.190956442,1.000000000,0.181479431,-1.000000000,-0.095508223,0.300005793,0.643623606,-0.025187759,0.693528280,0.041754803,-1.000000000,-0.784591935,0.549038266,-0.074994135,0.074127091,0.015991211,0.004764787,-0.074977517,0.186101998,0.086988881,0.089685158,0.148069204,-0.291988149,-0.112866575,-0.063945174,-0.897374138,0.153554593,-0.172350551
3,0.184979455,0.500000000,0.000000000,0.200000000,0.062017273,1.000000000,0.194848848,-0.846490637,0.269768380,0.621368655,1.000000000,-0.256786905,1.000000000,0.154773662,-1.000000000,-0.361025569,0.953250557,0.278194045,-0.021226946,0.015745759,0.095272636,0.053593620,0.597118937,0.282420733,0.449125648,-0.124258555,0.015011430,-0.049821710,-0.089402795,-0.489131299,0.462852150,0.206808460
4,0.234956575,0.500000000,0.000000000,0.200000000,0.393935034,0.554736051,-0.120253961,-1.000000000,-1.000000000,0.454217674,1.000000000,0.154312011,0.708190783,0.675542129,-1.000000000,0.280138671,0.922627053,-0.055505007,0.350281605,-0.430075315,-0.140561027,-0.139141679,-0.633254170,-0.004093139,0.458659053,0.264986742,-0.276997403,0.442800818,-0.127328932,0.164350397,0.345511398,-0.110541064
5,0.285016621,0.500000000,0.000000000,0.200000000,-0.232159465,1.000000000,-0.130469005,-1.000000000,-0.045621749,0.523849615,0.670947190,-0.331021971,1.000000000,-0.117731731,-0.978527744,-0.903190178,1.000000000,0.068020638,-0.241611273,0.014529109,-0.073303658,-0.204510748,0.352671627,-0.048711828,0.144374486,-0.230084083,0.014193177,-0.359053578,-0.165561874,-0.985559021,0.347602785,0.025393847
6,0.334892758,0.500000000,0.000000000,0.200000000,0.113177184,0.191696296,-0.066551345,-0.876911068,0.247069550,0.320984176,0.637952093,0.153350849,0.561652616,0.276416635,-1.000000000,0.056913759,0.857250879,0.390061285,0.126391316,-0.794317355,0.063516167,-0.196769977,0.665554566,-0.355872163,0.133059446,0.251521636,-0.424956008,0.041388756,-0.286094248,0.022740475,0.139186154,0.357169214
7,0.384929388,0.500000000,0.000000000,0.200000000,0.029317848,0.664493703,0.037548452,-0.472611688,0.177022524,0.630043707,0.978592584,-0.061506313,1.000000000,0.598960111,-0.769879880,-0.288541594,0.989256698,0.003876850,0.045928150,-0.321746803,0.238230839,0.001276054,0.600577719,-0.137082913,0.504054109,0.040246490,0.012679398,0.380725304,-0.227428439,-0.268984280,0.212248999,-0.022760436
8,0.434905124,0.500000000,0.000000000,0.200000000,0.014481963,0.796980738,-0.397201596,0.300520105,0.681609627,0.524936944,1.000000000,0.068585548,1.000000000,0.265423921,-0.566993667,-0.189205357,0.441062590,-0.423439193,0.012837189,-0.188908995,-0.127294926,0.430355800,1.090231415,-0.312633187,0.562136590,0.176078926,0.012421310,0.067843777,-0.315522028,-0.105702513,-0.387610177,-0.453373715
9,0.484929239,0.500000000,0.000000000,0.200000000,0.009142710,1.000000000,-0.452126399,0.394038924,-1.000000000,1.000000000,0.327985673,-0.103102360,1.000000000,-0.032285604,1.000000000,0.533630253,1.000000000,0.099398199,-0.021297498,0.015288115,-0.116342679,0.094638624,-0.639528543,0.114860594,-0.059774817,0.009658892,0.013206899,-0.214034650,0.843309134,0.657469691,0.128588438,0.041057083
10,0.534962747,0.500000000,0.000000000,0.200000000,-0.141648918,1.000000000,-0.669897459,0.744413459,-0.116022145,1.000000000,0.493511799,-0.093865608,1.000000000,0.127212738,0.292554349,-0.419708868,1.000000000,0.138429689,-0.194185551,0.018009901,-0.301466099,0.116405749,0.130642245,0.095183611,0.166305515,0.035582478,0.016683459,-0.043961162,-0.228304892,-0.268719395,0.099599779,0.008645612
11,0.585048484,0.500000000,0.000000000,0.200000000,-0.084262807,0.061279304,-0.773949985,0.948874999,0.259355161,1.000000000,-0.010533009,-0.034746014,1.000000000,-0.717102177,1.000000000,-0.788242674,0.434832729,0.481897412,-0.156680729,-0.913248591,-0.431677137,0.155995954,0.325669359,0.106905460,-0.262570832,0.118726290,0.026973844,-0.866914562,0.279518306,-0.598035610,-0.474877261,0.253252683
12,0.634915661,0.500000000,0.000000000,0.200000000,0.204875518,1.000000000,0.008875383,0.998135206,0.076610226,0.650858623,0.364909126,-0.637784452,0.878479019,0.396661468,0.302577447,0.186235466,1.000000000,0.328627669,0.113093239,0.045071781,0.269322885,0.151167986,-0.069813412,-0.175636905,0.222411244,-0.457853378,-0.065554127,0.296233460,-0.494423617,0.443375506,0.105154932,0.020969295
13,0.684920315,0.500000000,0.000000000,0.200000000,0.064691625,1.000000000,0.091516011,0.719210471,1.000000000,0.972084301,0.406771721,0.116511373,1.000000000,-0.489371771,1.000000000,-1.000000000,0.926417766,0.037759174,-0.041470126,0.098945856,0.265950494,-0.124438261,0.632882744,0.345382052,0.379750641,0.333805872,0.148235440,-0.523588968,0.193757534,-0.677121997,0.088760672,-0.300231915
14,0.734905732,0.500000000,0.000000000,0.200000000,0.326384224,0.924363998,-0.027642092,-0.634068177,0.968127279,0.220516920,-0.833905009,0.110209164,0.446298090,-0.306587612,0.942957531,-0.608585200,0.804379661,0.232310166,0.173774026,0.207156924,0.101591194,-1.432962523,0.449274866,0.057844579,-0.774292295,0.361036506,-0.053455624,-0.287352884,0.186784874,-0.282224796,0.165007133,-0.098106394
15,0.784955885,0.500000000,0.000000000,0.200000000,0.036431935,-0.274859997,0.191645877,0.774394472,0.221057698,-0.423231897,-0.443360189,0.267930355,-0.042155416,0.017937969,1.000000000,-0.524013320,-0.247010787,0.148593875,-0.245331112,-0.533617082,0.335026996,0.051691671,-0.419967011,-0.131922421,-0.332111502,0.514887091,0.136976509,0.069867268,0.355256498,-0.340538258,-0.457863440,-0.136764375
16,0.834919162,0.500000000,0.000000000,0.200000000,0.499394340,-0.706426584,-0.390536251,0.627089665,0.445269139,-1.000000000,0.259543103,-0.189198275,-0.904017819,0.236486002,0.565638194,-0.409522664,-0.731449299,-0.206926585,0.047285480,-0.095157050,-0.143169703,0.075604663,-0.249163060,-0.240617633,0.278277996,-0.067142327,-0.110728515,0.189608756,0.172246644,-0.604041707,-0.318055444,-0.387269364
17,0.884882450,0.500000000,0.000000000,0.200000000,0.232047351,-0.715369745,-0.592845486,-0.087603376,-0.234345225,-0.600404286,0.089097824,0.190497613,-0.948265708,-0.154539544,0.383773846,0.490121177,-0.058008926,0.207100583,-0.337377874,0.129919366,-0.215744690,-0.487857208,-0.760713962,0.280391074,-0.171559486,0.047251007,-0.042140878,-0.376874868,0.169025970,0.044828376,0.531231685,0.150516765
18,0.934965736,0.500000000,0.000000000,0.200000000,0.205336921,-0.858128670,-0.274229350,0.265775770,-0.470985854,-1.000000000,0.319255424,0.330480327,-1.000000000,0.930546714,0.449141517,0.085858158,0.467379622,-0.431261208,-0.355775960,-0.082104865,-0.066577899,-0.063413024,-0.722358609,-0.210018277,-0.069444078,0.070380231,-0.146637797,0.688089279,0.260340944,-0.285478272,0.838060073,-0.428208923
19,0.984942630,0.500000000,0.000000000,0.200000000,0.144079028,-1.000000000,0.314089703,-0.173094921,0.498813193,-0.447023390,0.031112548,0.229427610,-1.000000000,0.390651634,-0.392918581,-0.307176832,0.035168475,-0.169015056,-0.291330846,-0.380861640,0.467310029,-0.396362655,0.384165939,0.046632709,-0.239094946,0.020219479,-0.371912301,0.301791785,-0.444203304,-0.485948894,0.268644011,-0.141665210
20,1.034936036,0.500000000,0.000000000,0.200000000,0.692605594,0.273167655,-0.922034818,0.165309755,-0.121250088,0.342969296,-0.098637528,-0.037420867,-0.313586150,-0.115127001,-0.382672711,0.200949832,-0.358034440,-0.292804857,0.501523295,0.629801259,-0.699665907,0.060421316,-0.098469236,0.480943052,-0.220277309,-0.156901961,-0.081872572,-0.093376242,-0.402391865,0.119604117,-0.237187684,-0.239513089
21,1.084923331,0.500000000,0.000000000,0.200000000,0.409993205,-0.045502605,-0.621140390,-0.730494198,-0.214402581,-0.367682832,-0.467335313,0.306768932,-0.112145517,-0.294218862,0.038071730,-0.301687456,-0.038059184,0.448327713,0.408427988,0.056527106,-0.449152037,-0.707904606,-0.201965764,-0.289594079,-0.501590941,0.256487076,-0.063400898,-0.224917994,0.067330603,-0.312825427,0.019701643,0.484524887
22,1.135020143,0.500000000,0.000000000,0.200000000,-0.063303681,-0.329828157,-0.610828010,0.297515631,-0.108192722,0.044527835,-0.640551479,-0.063911825,0.030125635,0.119589492,0.058582241,-0.136954397,0.470942086,-0.038860959,-0.015688142,-0.295746582,-0.482766239,0.304513456,-0.108194670,0.086481265,-0.618440791,-0.097435906,0.026185001,0.191667787,0.100951953,-0.156982567,0.523735645,-0.013139860
23,1.184979357,0.500000000,0.000000000,0.200000000,-0.590909771,-0.645054919,-0.108051338,0.091021279,-0.734100982,-0.316839109,0.077171107,0.080384684,0.146261447,0.185848630,-0.025460886,-0.410855339,0.495640317,0.264216777,-0.574447227,-0.606733618,-0.031074189,0.101066749,-0.755254989,-0.279977924,0.129589782,0.056729264,0.124218819,0.262870907,0.017029693,-0.426230092,0.525119472,0.278310137
24,1.234929410,0.500000000,0.000000000,0.200000000,0.461959873,0.197611402,0.009978443,0.106157309,0.241646348,-0.433146798,-0.089759349,-0.040861448,0.172359746,0.090107542,-0.147020665,-0.184823873,-0.562949542,0.084019952,0.468593393,0.218965500,0.064478885,0.130805538,0.199768963,-0.404803048,-0.035154204,-0.068881387,0.156794082,0.145122547,-0.105144230,-0.194051088,-0.527497526,0.095188727
25,1.284909262,0.500000000,0.000000000,0.200000000,-0.103199628,-0.144450186,0.442118474,0.527717273,-0.093576008,0.370869230,0.244943430,0.057226602,-0.295113215,-0.366869193,0.384879298,-1.000000000,0.700743160,0.184975921,-0.109098542,-0.131743962,0.475274549,0.558766342,-0.137932514,0.398859851,0.295798258,0.025450762,-0.302542184,-0.320431423,0.420195206,-1.006337401,0.727985560,0.192688236
26,1.334907994,0.500000000,0.000000000,0.200000000,-0.084653844,0.755847119,0.072939334,-0.661033231,-0.344816754,-0.278015069,-0.509801696,0.494834015,0.021417402,-0.122623246,0.296359909,0.291011664,-0.337339383,-0.290112900,-0.092888606,0.762645954,0.100102065,-0.628591876,-0.380044556,-0.251915750,-0.465845789,0.460972922,0.025111944,-0.083252016,0.328203299,0.284109443,-0.307401915,-0.286420461
27,1.385613864,0.500000000,0.000000000,0.200000000,-0.543725663,0.400945894,-0.153118500,0.389823943,0.012036096,-0.352609627,-0.298211224,0.375071118,-0.254763646,0.129053497,-1.000000000,-0.444310460,0.358989536,-0.534643227,-0.554198129,0.408209593,-0.130722410,0.420240765,-0.023808815,-0.327386722,-0.259187363,0.342706161,-0.242976842,0.165548449,-0.975075485,-0.452661853,0.382319537,-0.532780249
28,1.435389530,0.500000000,0.000000000,0.200000000,0.292112838,-0.262142141,-0.291319815,0.680925416,-0.267273929,0.223586555,-0.184410512,0.123222348,0.362394538,0.391655740,-0.115893901,-1.000000000,0.724419249,-0.142301473,0.279630903,-0.252388416,-0.269128365,0.707643971,-0.300155971,0.247721696,-0.148927275,0.092758923,0.381515824,0.424684231,-0.092846597,-1.010001348,0.746235259,-0.140987624
29,1.484929814,0.500000000,0.000000000,0.200000000,0.379410980,-0.368750019,-0.179173150,0.055728223,0.045532957,0.438217718,-0.667787908,-0.088146141,0.097856184,0.159064085,0.020194402,0.146769683,0.435240713,-0.137326277,0.364712013,-0.355122959,-0.157238263,0.078651771,0.014136859,0.461121393,-0.634832139,-0.117084796,0.119590785,0.190333229,0.041143954,0.135740566,0.454734297,-0.135790065
30,1.534935775,0.500000000,0.000000000,0.200000000,-0.120729601,-0.044397518,0.288250172,-0.719266332,1.000000000,-0.094151255,-0.254272320,-0.045713581,-0.402903381,-0.372529837,-0.145604434,0.279859545,0.303794274,-0.101020986,-0.137356229,-0.026868662,0.310835247,-0.699599323,0.970496945,-0.071467465,-0.223601912,-0.073477121,-0.380736177,-0.342885931,-0.124752204,0.268043601,0.321586007,-0.098965650
31,1.584947652,0.500000000,0.000000000,0.200000000,-0.055167762,0.206148946,-0.800104447,-0.091158240,0.631498641,0.360146512,-0.095896479,-0.297695108,-0.232128833,0.455267406,0.866028018,-0.063964280,-0.638875349,0.045470297,-0.073139771,0.226556548,-0.776802467,-0.074012785,0.603169546,0.382448890,-0.066888862,-0.324732464,-0.209714996,0.483798827,0.886331940,-0.076240574,-0.622650466,0.048010671
32,1.634977072,0.500000000,0.000000000,0.200000000,0.240038135,0.413727493,0.140345461,1.000000000,0.039294546,0.635781837,-0.426470900,0.384721089,0.388877863,0.296131843,-0.343316187,-0.047248906,-0.505544179,0.015827348,0.221412943,0.433967422,0.164023799,1.016860262,0.011815093,0.657747838,-0.398644058,0.358040389,0.411535680,0.324032434,-0.323133451,-0.059670613,-0.490159080,0.018628528
33,1.685376015,0.500000000,0.000000000,0.200000000,0.103199599,0.258823949,-0.520247159,-0.371081221,-1.000000000,-0.002773459,-0.415773265,0.281231373,-0.213378200,0.170808965,-0.181464776,-0.000109536,-0.100415010,-0.327723335,0.084673168,0.278805298,-0.495707407,-0.354823195,-1.025818067,0.018690580,-0.389030278,0.254763711,-0.190609278,0.197955770,-0.161792144,-0.012746382,-0.085919192,-0.324820947
34,1.734944419,0.500000000,0.000000000,0.200000000,0.254342638,-0.431248240,0.506961159,-1.000000000,-0.256914201,0.166429445,0.292621219,-0.443347469,0.040516025,0.034079324,0.087641349,-0.200510443,-0.355619982,0.041136633,0.235513015,-0.411464507,0.531223140,-0.984241275,-0.282645243,0.187337682,0.318641988,-0.469677197,0.063525817,0.060628248,0.107059983,-0.213240525,-0.341962054,0.043940815
35,1.785004293,0.500000000,0.000000000,0.200000000,0.165909453,0.427982024,-0.071814441,-0.445573329,0.414724942,-0.341912432,-0.306799408,-0.135732196,-0.038723155,0.029123940,0.823378352,0.336225076,0.379236475,-0.116529366,0.146929889,0.447562599,-0.047816877,-0.430135503,0.388948869,-0.321554052,-0.281144390,-0.161956258,-0.015553179,0.055186844,0.842560356,0.323534059,0.392178320,-0.113908451
36,1.834919996,0.500000000,0.000000000,0.200000000,-0.280119368,-0.197405371,-0.242123199,1.000000000,0.847331000,0.176433816,-0.054369209,-0.282075309,-0.134795857,-0.260229047,-0.342041573,0.245363988,0.732666536,0.563067850,-0.299162866,-0.178043208,-0.218441763,1.015126516,0.821763874,0.196324398,-0.029010569,-0.308136076,-0.111482892,-0.234347354,-0.323074634,0.232934385,0.745054102,0.565495587
37,1.884925663,0.500000000,0.000000000,0.200000000,-0.026470519,0.042544908,0.123836064,-0.330280048,0.788686928,0.109924496,0.028268246,0.170605033,-0.169470213,-0.090778687,0.553187900,0.568550253,0.083098376,-0.375018944,-0.045477321,0.061707900,0.147163495,-0.315445738,0.763475458,0.129414453,0.053292865,0.144745534,-0.146001795,-0.065027053,0.571923119,0.556488951,0.095016610,-0.372793862
38,1.935038910,0.500000000,0.000000000,0.200000000,0.720297071,0.232766607,0.410043318,-0.458111256,0.403891190,0.139521012,0.138018649,0.335517022,-0.605731463,0.481485080,-0.132875173,-0.188826902,0.032253268,0.148208871,0.701370074,0.251744685,0.433006047,-0.443557683,0.379105083,0.158656215,0.162695452,0.309828862,-0.582114659,0.507117806,-0.114356245,-0.200495048,0.043761701,0.150210661
39,1.984940042,0.500000000,0.000000000,0.200000000,0.107745011,-0.140934205,0.275020792,1.000000000,0.471778889,-0.075067867,0.485092069,0.269519053,-0.259093886,0.497801668,-0.557403974,0.333575787,0.822031072,-0.297157657,0.088930119,-0.122138394,0.297609054,1.014288373,0.447455258,-0.056266852,0.509421996,0.243996277,-0.235329950,0.523319953,-0.539104316,0.322289955,0.833158398,-0.295389755
40,2.035003063,0.500000000,0.000000000,0.200000000,-0.077378084,-0.346881397,0.579370918,-0.319922460,0.021723804,0.092929369,0.377728666,0.211737555,-0.341407001,-0.770470120,0.411641472,0.052321747,0.262687822,-0.163531684,-0.096030303,-0.328279754,0.601584574,-0.305880830,-0.002095156,0.111396045,0.401711241,0.186370885,-0.317468783,-0.745231558,0.429716852,0.041318347,0.273437687,-0.162002982
41,2.084971047,0.500000000,0.000000000,0.200000000,0.017734209,0.630015601,-0.633420278,-0.113562629,-0.843885491,0.282605710,0.039618955,-0.203912622,-0.611798037,0.009749897,0.044516713,-0.079251441,0.550003505,-0.271129252,-0.000731088,0.648388217,-0.611574427,-0.099737620,-0.867176893,0.300729298,0.063263108,-0.229190134,-0.587694986,0.034566306,0.062376274,-0.090101527,0.560389315,-0.269858035
42,2.135124506,0.500000000,0.000000000,0.200000000,0.229863660,0.691284435,-0.262357040,0.422953919,0.875264536,-0.325829048,-0.258743499,-0.274724096,0.161920247,0.692166179,-0.620539039,0.023479740,1.000000000,-0.167086200,0.211595038,0.709406706,-0.240868962,0.436564377,0.852519962,-0.308075115,-0.235425592,-0.299970515,0.186182282,0.716473454,-0.602893538,0.012665711,1.010036653,-0.166091943
43,2.185002479,0.500000000,0.000000000,0.200000000,0.193943744,0.264281870,-0.225515927,0.446553644,0.235407680,-0.037966625,-0.122960164,0.336221468,0.032348674,-0.306543881,-0.232056720,0.175777481,0.176013627,-0.381431339,0.175878856,0.282147207,-0.204363896,0.459954391,0.213211707,-0.020593374,-0.099947038,0.311074272,0.056759721,-0.282628935,-0.214611638,0.164993936,0.185709539,-0.380726611
44,2.234962595,0.500000000,0.000000000,0.200000000,0.265184812,-0.579823700,-0.770636795,-0.176328259,0.210392559,0.203674250,-0.455967845,-0.061903243,0.347943152,-0.039769098,0.475316494,0.361977244,-0.631857606,-0.217476112,0.247325457,-0.562201592,-0.749799948,-0.163144330,0.188726841,0.220676184,-0.433247685,-0.086901209,0.372490455,-0.016150100,0.492566458,0.351284168,-0.622503541,-0.217059394
45,2.284968229,0.500000000,0.000000000,0.200000000,0.264307466,-1.000000000,0.333639040,-0.087535415,-0.463632507,0.501734144,-0.351897100,-0.126465688,-0.129473411,-0.140214083,0.221478015,0.233497189,-1.000000000,0.321496701,0.246646353,-0.982598256,0.354172076,-0.074567620,-0.484790155,0.518387997,-0.329466613,-0.151329685,-0.104796218,-0.116900419,0.238551542,0.222917558,-0.990972138,0.321636802
46,2.335316333,0.500000000,0.000000000,0.200000000,0.318741576,0.426571937,0.189662504,-0.769468816,0.452493852,-0.116899334,-0.422083019,0.038486232,0.216644845,-0.399881338,-0.472095191,0.331482596,0.428829853,-0.146911071,0.301275616,0.443758586,0.209895273,-0.756708344,0.431826221,-0.100580607,-0.399936138,0.013766508,0.241454405,-0.376852357,-0.455209782,0.321031846,0.437529900,-0.147034453
47,2.384951231,0.500000000,0.000000000,0.200000000,0.076914865,-0.009792423,0.538781244,0.132112333,-0.984549393,-0.205387798,0.446632623,0.350831123,0.449288970,-0.102282942,-0.395345637,0.391793452,-0.058556500,-0.065712129,0.059640275,0.007186252,0.558720713,0.144668118,-1.004740029,-0.189391508,0.468499192,0.326255137,0.474221597,-0.079535878,-0.378633120,0.381478854,-0.050174540,-0.066087072
48,2.434878091,0.500000000,0.000000000,0.200000000,-0.169634832,0.145192879,-0.390504479,-0.213281241,1.000000000,-0.033613385,0.448809155,0.077873403,0.125283155,0.048434469,0.948743594,0.209683514,0.110875523,0.049134687,-0.186717352,0.161967735,-0.370850971,-0.200928594,0.980274983,-0.017935601,0.470400926,0.053444911,0.150336936,0.070911721,0.965280176,0.199510403,0.118944491,0.048518099
49,2.484969574,0.500000000,0.000000000,0.200000000,-0.116791376,0.546162317,-0.353809796,-0.774430674,0.165973452,0.088954395,-0.469637549,0.091155040,-0.028533311,-0.634023910,-0.933081939,0.193849369,-0.006775675,0.228789988,-0.133685309,0.562736256,-0.334443964,-0.762280213,0.146707312,0.104319241,-0.448320063,0.066877228,-0.003358982,-0.611812599,-0.916724688,0.183824688,0.000979330,0.227940212
50,2.534888360,0.500000000,0.000000000,0.200000000,-0.352232914,0.535291024,0.029027062,0.214521873,1.000000000,-0.020142417,-0.086385713,-0.078106101,-0.541688806,-0.055469390,-0.649101086,-0.557634634,-0.766160483,0.212743664,-0.368944106,0.551698145,0.048189419,0.226547003,0.981119094,-0.004994720,-0.065295412,-0.102253263,-0.516440169,-0.033467725,-0.632816117,-0.567548521,-0.758629132,0.211674610
51,2.585012257,0.500000000,0.000000000,0.200000000,-0.013147535,0.555759922,-0.254482957,-0.206747438,-0.378872942,-0.230623877,0.638333465,-0.648426371,0.431497037,0.426009545,-0.212146535,0.085716251,0.650820364,0.004377963,-0.029691171,0.572001208,-0.235613851,-0.194946836,-0.397344649,-0.215778085,0.659179493,-0.672427213,0.456769799,0.447765279,-0.196039112,0.075954997,0.658061889,0.003111559
52,2.635090977,0.500000000,0.000000000,0.200000000,-0.549185767,-0.343217178,0.517313316,-0.499165454,0.704569394,-0.113047843,0.258406606,-0.100519233,-0.270615354,-0.142859924,-0.936279124,0.319299872,-0.915607300,-0.016360164,-0.565554601,-0.327150040,0.535914026,-0.487542166,0.686535003,-0.098466235,0.278987851,-0.124361616,-0.245332829,-0.121341992,-0.920283998,0.309694469,-0.908641224,-0.017826422
53,2.684939296,0.500000000,0.000000000,0.200000000,-0.289521131,0.150214115,0.511928611,-0.001633594,-0.154722737,0.051104758,0.158175625,0.234944240,-0.194923075,0.429460409,-0.456944282,-0.070245764,0.936105234,0.061811802,-0.305702805,0.166117202,0.530263337,0.009800563,-0.172328766,0.065422938,0.178499224,0.211259452,-0.169670833,0.450745664,-0.441053406,-0.079691023,0.942808973,0.060148998
54,2.735387859,0.500000000,0.000000000,0.200000000,0.223821643,0.186425916,0.113373622,0.982679407,0.057554938,-0.362224917,-0.091657777,0.075170868,-0.220007577,-0.238114288,0.534865297,0.316981256,0.673265727,0.077913464,0.207824347,0.202171597,0.131445696,0.993930080,0.040369345,-0.348158456,-0.071588250,0.051645388,-0.194778179,-0.217053791,0.550643876,0.307697272,0.679708513,0.076057571
55,2.784976890,0.500000000,0.000000000,0.200000000,-0.283942998,-0.114186178,-0.133148776,-0.173281061,0.450091069,-0.414125755,-0.071931355,0.404731058,-0.425505696,0.265679366,-0.000374296,-0.863433446,-0.391788445,0.374722190,-0.299759836,-0.098593419,-0.115336567,-0.162212755,0.433315310,-0.400307186,-0.052110803,0.381365959,-0.400303267,0.286519869,0.015297915,-0.872554843,-0.385598910,0.372678916
56,2.834982734,0.500000000,0.000000000,0.200000000,-0.169611122,0.024703538,-0.046334100,-0.574200202,0.670255383,0.202198827,0.143254502,-0.009579647,-0.318222544,-0.378186822,0.392841013,-1.000000000,0.411765247,0.098564674,-0.185248972,0.040147946,-0.028774879,-0.563311247,0.653880355,0.215773166,0.162830420,-0.032784912,-0.293039988,-0.357562561,0.408398304,-1.008959374,0.417702321,0.096340285
57,2.884938201,0.500000000,0.000000000,0.200000000,0.148502786,-0.011171371,-0.426746081,-0.435985237,-0.061968527,0.088899305,0.452602026,0.092399183,0.171220569,-0.314958602,0.365316851,0.286445591,0.759929861,0.274780710,0.133040189,0.004125684,-0.409435603,-0.425269346,-0.077953560,0.102235568,0.471937277,0.069355463,0.196385561,-0.294543734,0.380764347,0.277648329,0.765621984,0.272382224
58,2.934962102,0.500000000,0.000000000,0.200000000,0.032808445,-0.522745556,0.646869220,-0.450676447,0.210956371,0.225428069,0.299916313,-0.225703877,-0.362553222,0.429315422,0.296517349,1.000000000,-0.325060592,-0.436189013,0.017521298,-0.507595213,0.663938102,-0.440130791,0.195352139,0.238528636,0.319015439,-0.248586853,-0.337396927,0.449524978,0.311844770,0.991364760,-0.319614465,-0.438754987
59,2.984946630,0.500000000,0.000000000,0.200000000,-0.302913435,-0.413529526,-0.176584695,0.151085781,0.197320245,-0.072649269,-0.298594573,0.098285867,-0.199927289,0.343309900,-0.154529721,-0.301819279,0.506497129,0.334641868,-0.318030375,-0.398523720,-0.159755445,0.161459660,0.182086831,-0.059784040,-0.279728015,0.075564232,-0.174777696,0.363318952,-0.139317668,-0.310293836,0.511703950,0.331914314
60,3.034960585,0.500000000,0.000000000,0.200000000,0.462144605,-0.442446274,0.404791614,0.698764743,0.160698764,-0.215534447,-0.061175062,0.175783126,0.026309946,0.030766988,0.414680989,1.000000000,0.649857695,-0.232649791,0.447197916,-0.427582043,0.421388783,0.708974407,0.145828162,-0.202898391,-0.042537328,0.153224038,0.051454253,0.050582506,0.429776006,0.991686156,0.654829829,-0.235532748
61,3.084917297,0.500000000,0.000000000,0.200000000,-0.424393538,0.775308354,0.576143839,-0.037341282,-0.877658900,0.327013413,-0.198796743,-0.165065023,-0.095057023,0.022905270,-0.688906180,-0.652499925,-0.013803044,0.016961430,-0.439172461,0.790028090,0.592510654,-0.027291126,-0.892177805,0.339426538,-0.180385004,-0.187463022,-0.069911973,0.042528905,-0.673934398,-0.660654248,-0.009066879,0.013929344
62,3.135045449,0.500000000,0.000000000,0.200000000,-0.400958810,1.000000000,0.465430378,0.260904272,0.367821862,-0.481828219,0.011983447,0.149437309,0.014204443,0.108997676,0.239954549,0.814845162,0.450357058,-0.138340468,-0.415570810,1.014579963,0.481579085,0.270799829,0.353644040,-0.469631858,0.030176338,0.127199479,0.039347088,0.128437114,0.254818053,0.806845234,0.454869978,-0.141515790
63,3.184901128,0.500000000,0.000000000,0.200000000,0.311818494,-0.225211757,0.072102949,0.157005607,0.009088657,-0.054073508,0.085704461,0.103081101,-0.894616537,-0.056934543,-0.357368200,0.813631041,0.066215644,-0.198806594,0.297370767,-0.210771627,0.088034525,0.166754007,-0.004760397,-0.042085867,0.103683204,0.081002544,-0.869473906,-0.037674209,-0.342623939,0.805784318,0.070504842,-0.202118730
64,3.234880285,0.500000000,0.000000000,0.200000000,0.142242248,0.051186868,0.214400992,-1.000000000,-0.186159780,-0.235527644,0.525464649,0.201223371,-0.113052065,-0.058537952,-0.060690710,-0.264986436,-0.407805264,-0.351478747,0.127955495,0.065491725,0.230121250,-0.990402438,-0.199687796,-0.223747979,0.543232406,0.179303927,-0.087908496,-0.039454072,-0.046062533,-0.272681743,-0.403735302,-0.354922198
65,3.284851213,0.500000000,0.000000000,0.200000000,0.322943826,-0.493676119,0.157983990,0.404121832,0.315837694,-0.027925796,0.196628215,-0.123480725,-0.385162828,0.320679624,0.250963640,0.600922572,-0.005181267,-0.528098173,0.308816662,-0.479508296,0.173495533,0.413574984,0.302623074,-0.016350726,0.214188345,-0.145241071,-0.360022287,0.339590967,0.265481154,0.593376834,-0.001323629,-0.531667485
66,3.334866334,0.500000000,0.000000000,0.200000000,-0.116770259,-0.339569916,0.400060791,-0.435236423,0.530495942,0.043087045,0.093467422,0.085952573,0.196679027,-0.425147146,0.504582829,-0.842265572,-0.299745449,-0.194412752,-0.130737550,-0.325536698,0.415365018,-0.425929966,0.517591675,0.054458145,0.110819901,0.064353517,0.221817139,-0.406405484,0.518979938,-0.849660280,-0.296102623,-0.198102903
67,3.384911286,0.500000000,0.000000000,0.200000000,0.218362502,-0.396783790,0.712355970,-0.488087647,1.000000000,0.140606474,0.320541172,0.114965105,0.305724678,-0.281619294,-0.597575504,0.485574204,0.288153276,-0.034323465,0.204545952,-0.382867777,0.727512143,-0.478871134,0.987352029,0.151838399,0.337720967,0.093496909,0.330877726,-0.263019218,-0.583240192,0.478292976,0.291635037,-0.038131677
68,3.435120044,0.500000000,0.000000000,0.200000000,-0.048968811,-0.074406142,0.067259626,0.457278434,-0.156598570,0.070377053,0.451930057,-0.014459335,0.204299819,-0.233342455,0.028129914,-0.108493911,0.506959123,-0.082743158,-0.062645309,-0.060609673,0.082202448,0.466330594,-0.168973565,0.081398139,0.468925483,-0.035771333,0.229430678,-0.214899457,0.042326703,-0.115630485,0.510234431,-0.086652331
69,3.484907318,0.500000000,0.000000000,0.200000000,-0.289657330,0.119248547,-0.218677088,0.681381455,0.260712590,-0.101291194,-0.423045027,0.034023368,-0.094125206,-0.060414967,0.040841724,1.000000000,-0.318510623,0.070449550,-0.303186922,0.132911318,-0.203928668,0.690302659,0.248628013,-0.090461163,-0.406250666,0.012870784,-0.068992328,-0.042131462,0.054927044,0.993008853,-0.315437015,0.066437568
70,3.534934563,0.500000000,0.000000000,0.200000000,0.250336676,0.566697676,-0.056216673,0.155685719,-0.107744203,0.462174933,-0.232780491,0.098501861,-0.278097324,0.273496147,-0.298577035,0.853093289,-0.223150976,-0.018080755,0.236961759,0.580229535,-0.041661688,0.164473084,-0.119546720,0.472814922,-0.216183516,0.077507844,-0.252966123,0.291620962,-0.284608993,0.846246290,-0.220277459,-0.022193229
71,3.584921276,0.500000000,0.000000000,0.200000000,-0.000222508,0.144050561,-0.265278576,-0.887852296,-1.000000000,-0.062893926,0.398617499,0.283465438,0.144280792,0.365929249,-0.007274315,-0.054703582,0.226469405,0.385038485,-0.013443604,0.157448229,-0.250914748,-0.879196498,-1.011526361,-0.052441314,0.415019874,0.262630914,0.169413476,0.383898218,0.006578861,-0.061409146,0.229145483,0.380827278
72,3.634962296,0.500000000,0.000000000,0.200000000,0.407142814,0.208661929,-0.556295285,-0.290574920,-1.000000000,0.235552607,-0.024211814,0.344939201,0.464267238,-0.071068950,0.285679599,-0.000813527,-0.601423085,0.131898981,0.394075143,0.221929966,-0.542118056,-0.282048075,-1.011255218,0.245822431,-0.008001047,0.324262992,0.489397622,-0.053254798,0.299422468,-0.007381023,-0.598937651,0.127591909
73,3.684924252,0.500000000,0.000000000,0.200000000,0.075165198,0.100384016,0.674265692,-0.457770856,-0.821851789,0.208303988,0.451417999,0.179592408,0.028284190,0.109259842,0.110057123,0.098932255,-0.106363682,0.347095006,0.062249202,0.113522704,0.688257632,-0.449370446,-0.832843809,0.218393930,0.467439802,0.159075143,0.053415399,0.126923302,0.123684499,0.092500979,-0.104067402,0.342695303
74,3.734931496,0.500000000,0.000000000,0.200000000,-0.123511520,-0.602336787,0.011937956,-0.339906803,-0.471820349,0.127139135,-0.442336697,-0.205307684,-0.232575027,-0.343535165,-0.186936236,-0.168132380,-0.523928653,-0.359233719,-0.136277717,-0.589325155,0.025748718,-0.331633513,-0.482554715,0.137050683,-0.426501736,-0.225667347,-0.207445433,-0.326022220,-0.173418452,-0.174430683,-0.521815284,-0.363722716
75,3.785041058,0.500000000,0.000000000,0.200000000,0.573866357,0.084262358,-0.176027970,0.253129917,0.128942661,0.022403014,-0.150833961,-0.041337763,-0.180195180,0.615502467,-0.137929814,0.244469636,0.214457720,-0.488884265,0.561250243,0.097144610,-0.162395809,0.261284967,0.118459404,0.032141159,-0.135182724,-0.061539092,-0.155067240,0.632869960,-0.124523083,0.238302816,0.216391650,-0.493458338
76,3.834955954,0.500000000,0.000000000,0.200000000,0.318549781,0.098227564,-0.738274415,0.722438633,0.545110810,0.056901302,-0.254775290,-0.191087307,-0.080352165,-0.187451697,0.410475779,0.336064063,0.447007045,0.059125011,0.306082647,0.110983743,-0.724816462,0.730472492,0.534872956,0.066467265,-0.239304806,-0.211132802,-0.055224166,-0.170230533,0.423769579,0.330025388,0.448762236,0.054469333
77,3.884965713,0.500000000,0.000000000,0.200000000,-0.028325417,-0.120708578,-0.128600638,-0.086764786,0.198421772,0.038219632,-0.019426729,0.592361748,0.017163770,0.109518354,-0.100262300,0.530312863,0.357523096,0.031947102,-0.040647018,-0.108077801,-0.115315850,-0.078848132,0.188422871,0.047616780,-0.004134673,0.572473695,0.042288709,0.126598728,-0.087075828,0.524400635,0.359106880,0.027212957
78,3.935075389,0.500000000,0.000000000,0.200000000,0.294656361,0.281783548,-0.541957473,-0.628759052,-0.518940091,0.018244982,-0.298719309,-0.360082100,-0.248938232,-0.037445712,-0.058337953,0.063620621,-0.081934248,0.044908413,0.282480158,0.294289681,-0.528843511,-0.620955268,-0.528707338,0.027478738,-0.283603560,-0.379815747,-0.223814811,-0.020506873,-0.045261731,0.057832158,-0.080520561,0.040099927
79,3.984904757,0.500000000,0.000000000,0.200000000,-0.050625850,-0.395908558,-0.576487645,-0.058450057,0.280334329,-0.156477846,-0.241254466,0.199976525,0.564542473,0.509900457,-0.264805359,-0.395710980,-0.133853159,0.038852364,-0.062657726,-0.383526920,-0.563536779,-0.050752153,0.270790555,-0.147400897,-0.226309625,0.180395362,0.589666140,0.526702185,-0.251835484,-0.401380714,-0.132604562,0.033973025
80,4.035258606,0.500000000,0.000000000,0.200000000,0.334272670,-1.000000000,0.433377446,-0.534969363,0.169088753,-0.879087920,-0.246278315,0.118860512,-0.377140055,-0.691853793,-1.000000000,-0.041748111,-1.000000000,-0.380314250,0.075756597,-0.160246313,0.499669590,0.405052808,-0.267957715,0.108389561,-0.257700027,-0.024729596,0.500394990,-0.505366953,-0.052490413,-0.272961770,-0.011553526,0.066511165
81,4.084996231,0.400000000,0.000000000,0.200000000,0.205760444,0.613840348,-0.358100248,-0.452665192,-0.403808201,-0.784121511,0.171366935,0.251048530,-0.839533015,-0.030673633,-1.000000000,-0.120969638,-1.000000000,-0.591484758,-0.039062371,0.815763450,-0.383012538,0.360485393,-0.225009779,0.080678346,-0.065325911,-0.081994896,-0.222679361,-0.117431777,-0.257107615,-0.338818192,-0.072870493,-0.092375132
82,4.134949868,0.400000000,0.000000000,0.200000000,-0.052454129,-0.095801625,-0.343021371,0.005486987,-0.479633801,-0.438405893,0.729355156,0.072205449,-0.248763193,-0.472812852,-0.884883979,-0.219019182,0.042754668,-0.598906082,-0.251931116,-0.155599132,-0.365772181,0.501474849,-0.123809092,-0.039548448,0.451109051,-0.248233383,0.044939707,-0.511091301,-0.370317259,-0.412919395,0.728088397,-0.194058430
83,4.184850907,0.400000000,0.000000000,0.200000000,0.288732707,0.282349853,0.498952402,-0.347420935,-1.000000000,-0.371127537,0.706687536,0.275794126,0.471108826,0.522447814,-0.073882180,0.037029517,0.091708128,-0.698103053,0.198587886,0.251077345,0.590833014,-0.106740270,-0.681942880,-0.258291288,0.557151269,0.158902042,0.543179983,0.612794203,0.168672082,0.015292305,0.264200453,-0.333790583
84,4.234938551,0.400000000,0.000000000,0.200000000,-0.052559419,-0.110538334,0.145692470,-0.872801122,-1.000000000,0.230045731,0.214680038,-0.170571846,-0.197642125,-0.173160543,-0.732887574,-0.533261316,0.501378652,-0.051147428,-0.074676659,0.010895513,0.333491268,-0.830439378,-0.803374827,0.273353147,0.229479625,-0.094853041,-0.175562251,0.001637692,-0.676561803,-0.424690256,0.418311741,0.274434957
85,4.284920177,0.400000000,0.000000000,0.200000000,0.430886262,0.016638660,0.329694472,-0.561516377,-0.893321856,-0.616007272,-0.670997439,-0.594514893,0.251906064,0.120446856,-0.491331100,-1.000000000,0.517793619,0.113716983,0.447337887,0.227653020,0.505614854,-0.707448813,-0.769938230,-0.661327034,-0.543099044,-0.446018966,0.225152284,0.270070399,-0.606984034,-0.844022974,0.398252056,0.349659794
86,4.334897417,0.400000000,0.000000000,0.200000000,-0.354465918,-0.085005367,0.501107750,0.285015411,0.789797766,0.047347603,-0.098833096,-0.203025667,-0.760190467,-0.237063313,-0.303582825,0.488521320,-0.491970752,-0.161648456,-0.338092844,0.113287261,0.589705778,0.142984919,0.868774285,0.019365545,0.087107065,-0.089724941,-0.766746972,-0.205370979,-0.434934773,0.552891706,-0.595173497,-0.038546380
87,4.385147843,0.400000000,0.000000000,0.200000000,-0.033454382,0.152826939,-0.018867472,1.000000000,0.213020549,0.087423570,-0.128239666,0.141160181,-0.563174848,-0.293460019,0.115089627,-0.444230243,0.121879982,-0.551523375,0.011548552,0.270856131,0.028967554,0.913552076,0.287961916,0.054018162,0.080331649,0.236524774,-0.549871416,-0.286118036,0.017222354,-0.406052861,0.055140952,-0.499357993
88,4.435058461,0.400000000,0.000000000,0.200000000,0.459380751,0.078016982,0.041792478,-0.457369927,0.419415022,0.243927270,-0.388088155,-0.049832070,-0.532867783,0.134731883,0.091317052,0.546627052,0.247096758,0.316208662,0.523893153,0.143954404,0.042152855,-0.505222708,0.454298015,0.213290782,-0.185148108,-0.013969967,-0.508997177,0.092258187,0.032746835,0.560590864,0.214343670,0.332229608
89,4.484972123,0.400000000,0.000000000,0.200000000,-0.109318266,0.071706864,-0.029630399,0.029510952,-0.375022448,0.003059548,-0.404386132,0.242573350,0.121651070,0.096423022,-0.142648813,0.532327917,0.064077583,0.156569460,-0.035925696,0.102494883,-0.066659423,0.012840962,-0.352728646,-0.021435720,-0.215458586,0.262574758,0.144793575,0.068632079,-0.166653185,0.554443036,0.053647148,0.148004043
90,4.534921530,0.400000000,0.000000000,0.200000000,-0.182570857,0.120159064,-0.215265081,-0.314814976,-0.312878121,0.387749917,-0.111376932,0.327297048,-0.340384028,0.155120270,-0.237165043,0.138016607,0.657329063,0.429204772,-0.124989570,0.148279559,-0.275129885,-0.315924952,-0.304902165,0.375680749,0.049479941,0.344474205,-0.320825945,0.131362553,-0.233259075,0.168229669,0.669407014,0.401989926
91,4.585039355,0.400000000,0.000000000,0.200000000,-0.267366098,0.330079047,0.411225425,-0.096565098,-0.212293659,-0.198236867,-0.062132130,-0.342115611,-0.104022844,0.047020894,-0.322630701,-0.660526509,0.284433598,-0.022450235,-0.223059008,0.346422678,0.349832660,-0.078484200,-0.222788791,-0.197478033,0.061754098,-0.324137123,-0.090837121,0.030085279,-0.315408824,-0.624946839,0.301982578,-0.056520179
92,4.634942967,0.400000000,0.000000000,0.200000000,-0.460336571,-0.128857851,0.177588676,-0.345204164,0.233252881,0.024665242,0.027412896,-0.113032057,-0.210721421,0.379791957,0.091451294,0.174113110,0.230387979,0.120965133,-0.425621813,-0.121679025,0.121473935,-0.318722161,0.205977540,0.034692098,0.120548506,-0.092702084,-0.193419314,0.369964354,0.096048753,0.206918318,0.243315044,0.090720585
93,4.684925756,0.400000000,0.000000000,0.200000000,0.068804574,0.136928900,0.067081105,-0.316224412,0.457058706,0.050062371,-0.187328772,0.177264425,0.640592516,-0.334225949,0.089305451,0.649315247,-0.566663218,0.037438679,0.098167586,0.141367482,0.016412608,-0.293262559,0.422781688,0.060234275,-0.116581978,0.197498831,0.659676003,-0.344357476,0.093650414,0.677296130,-0.558235917,0.010299080
94,4.735233985,0.400000000,0.000000000,0.200000000,-0.036170682,-0.264514346,0.711498017,0.399109354,0.000340090,-0.307202584,0.008693032,-0.215489372,0.162122409,-0.098496900,0.131916916,0.742035578,0.322409677,-0.030253431,-0.011858657,-0.256838593,0.665523897,0.415518876,-0.026793528,-0.298194033,0.062864412,-0.194133618,0.183282607,-0.107514130,0.135842687,0.767817150,0.328369162,-0.058232786
95,4.784908896,0.400000000,0.000000000,0.200000000,-0.042789511,-0.382491399,0.365879338,-0.425685260,-0.254348489,-0.313187520,0.001741097,0.432646181,-0.161961783,-0.134039119,-0.205385289,0.055752199,0.171210751,0.686265123,-0.020251916,-0.369955245,0.325627081,-0.414474815,-0.280695424,-0.304942664,0.044484255,0.453756073,-0.139911823,-0.144461783,-0.200836080,0.079110086,0.175923387,0.658533337
96,4.834924400,0.400000000,0.000000000,0.200000000,0.318944222,0.111032332,-0.353849969,0.664966877,0.317425115,-0.152913026,0.099185542,0.011464779,0.403342903,0.205236009,-0.288493765,0.201401073,0.678811034,0.154062666,0.341630230,0.127482745,-0.387787006,0.672434958,0.292838473,-0.145247140,0.135780324,0.033764102,0.426172586,0.195004163,-0.284055492,0.222408732,0.682795941,0.127038779
97,4.885173759,0.400000000,0.000000000,0.200000000,-0.102840203,-0.230175832,1.000000000,0.651713277,-0.419478941,0.137505846,0.471390657,0.192821453,-0.162049208,-0.004482834,-0.799889713,-0.111973843,-0.051394210,0.260990980,-0.079547786,-0.210201721,0.970528319,0.655928303,-0.442187599,0.144852828,0.504163690,0.215528295,-0.138962317,-0.015454439,-0.795455002,-0.093252743,-0.047427363,0.234298509
98,4.934971927,0.400000000,0.000000000,0.200000000,-0.082286457,-0.260333860,0.685106950,0.490205197,-0.289632689,-0.480743852,-0.682664964,-0.059307368,-0.031655170,-0.040090383,0.357256029,0.917350151,0.316551018,0.101586018,-0.058373982,-0.238212462,0.658464965,0.492448537,-0.309923768,-0.473616233,-0.652389338,-0.036309761,-0.008481843,-0.051309057,0.361622583,0.934182484,0.320914825,0.074713610
99,4.984892661,0.400000000,0.000000000,0.200000000,0.043529233,-0.687923977,0.419300733,-0.104520508,0.554799261,-0.269466210,-0.132912709,-0.411184020,-0.136022577,0.665542616,-0.320865224,-0.252086088,-0.211818765,0.112023515,0.067602638,-0.666097555,0.393846027,-0.102507092,0.536609257,-0.262577475,-0.104477048,-0.388393744,-0.112559300,0.654184709,-0.316659971,-0.236619701,-0.206853694,0.084821289
100,5.035023337,0.400000000,0.000000000,0.200000000,-0.304196266,-0.267525992,-0.543905811,1.000000000,-0.346143877,-0.060136228,-0.498500491,-0.018849031,-0.141515601,-0.744227044,1.000000000,-0.257001654,-0.191121218,0.224880269,-0.280751485,-0.245596324,-0.569031590,1.001554000,-0.362876322,-0.053607191,-0.471230224,0.003404933,-0.117870077,-0.755562616,1.003968924,-0.242553696,-0.185857625,0.197499385
101,5.084873713,0.400000000,0.000000000,0.200000000,-0.601735044,-0.130853228,-0.527128080,-0.381791778,-0.277411932,-0.575288727,-0.254539496,0.025770756,-0.396227555,0.054893723,-0.143583949,0.675826954,-0.089473326,0.100066935,-0.578916760,-0.108897181,-0.552271685,-0.380415549,-0.293268900,-0.569026805,-0.227921515,0.047509151,-0.372323716,0.043634181,-0.139822819,0.689597714,-0.083976894,0.072627613
102,5.135079907,0.400000000,0.000000000,0.200000000,-0.010321932,-0.163314623,0.692658419,0.201998091,0.194864150,0.159533675,0.766151971,-0.223988501,0.470388172,-0.374057271,-0.053132462,0.373518014,0.509852239,-0.194046974,0.011982227,-0.141422681,0.667651968,0.203259053,0.179880095,0.165530538,0.792246078,-0.202936034,0.494632141,-0.385496341,-0.049665983,0.386569118,0.515441144,-0.221344571
103,5.185407638,0.400000000,0.000000000,0.200000000,0.309217851,0.296069950,0.995288964,-0.631000223,0.323580188,-0.103175473,-0.153100531,-0.015144405,-0.201968543,0.202238802,0.051354060,-0.531304704,0.969291199,0.045719473,0.330982232,0.318003953,0.970252616,-0.629843629,0.309346498,-0.097373168,-0.127307910,0.005415098,-0.177947216,0.190809081,0.054918006,-0.518894469,0.975047827,0.018615119
104,5.234909684,0.400000000,0.000000000,0.200000000,-0.505116677,-0.132325129,0.053093823,-0.137633562,-0.133575342,0.284120508,-0.233805401,-0.125756252,-0.210118352,-0.131600832,-0.288879043,0.058014469,0.459138812,0.067758729,-0.483543858,-0.110392423,0.028454533,-0.136562746,-0.146924190,0.289772793,-0.208252411,-0.105639807,-0.186268142,-0.143069164,-0.285421490,0.069817511,0.464985231,0.040910824
105,5.285024469,0.400000000,0.000000000,0.200000000,0.024747858,-0.237594529,-0.183558767,-0.725181072,1.000000000,-0.060980155,-0.381303396,-0.006582644,-0.096526017,0.451838476,0.166510998,-0.584551001,-0.224655583,-0.214717971,0.046068888,-0.215616531,-0.207936765,-0.724256586,0.987448663,-0.055424553,-0.356017172,0.013202539,-0.072798540,0.440375395,0.169920451,-0.573270891,-0.218720654,-0.241351377
106,5.335354698,0.400000000,0.000000000,0.200000000,-0.071811353,-0.748755930,0.723204431,0.186949774,0.115402374,0.057209023,0.208226183,-0.217331085,0.022829678,0.627536766,0.616325833,-0.586995130,-0.201950716,-0.053207372,-0.050670345,-0.726771034,0.699131488,0.187771532,0.103635869,0.062684944,0.233217319,-0.197893681,0.046418268,0.615998668,0.619664118,-0.576225710,-0.195940301,-0.079651245
107,5.384935537,0.400000000,0.000000000,0.200000000,-0.521673933,-0.307180909,0.014364968,0.252672754,-0.079363054,-0.329436061,-0.113574957,-0.204596562,0.317591130,0.343852150,-0.209344215,0.678960961,-0.135543958,0.114635259,-0.500719374,-0.285198636,-0.009437018,0.253382135,-0.090399602,-0.324033005,-0.088893976,-0.185462881,0.341049257,0.332280395,-0.206069259,0.689250677,-0.129479811,0.088350192
108,5.434910700,0.400000000,0.000000000,0.200000000,0.377904763,0.310821165,-0.052492176,0.101663321,1.000000000,-0.042616354,0.143708570,-0.252019720,0.195491472,-0.131417258,0.392082108,-0.418127004,0.296158699,0.060023401,0.398692173,0.332786102,-0.076016278,0.102275800,0.989660479,-0.037273124,0.168062920,-0.233193189,0.218819665,-0.143044534,0.395292483,-0.408300221,0.302264463,0.033878151
109,5.484925698,0.400000000,0.000000000,0.200000000,0.092027193,0.249208695,0.377106737,-0.393063785,-0.985117985,-0.016803085,0.269947154,-0.268558851,0.378325907,-0.300455479,0.091487669,0.043466268,0.056979627,0.417757686,0.112648983,0.271148746,0.353847591,-0.392552493,-0.994799835,-0.011517909,0.293964555,-0.250018962,0.401526585,-0.312119475,0.094635043,0.052855281,0.063114105,0.391733216
110,5.535012799,0.400000000,0.000000000,0.200000000,-0.317174620,-0.432036737,-0.148492883,0.146899381,-0.438129603,0.304267659,0.008368792,-0.018452468,-0.165334457,0.380334234,0.609422648,-1.000000000,0.228538617,-0.257545776,-0.296711120,-0.410128234,-0.171490037,0.147320797,-0.447186613,0.309506494,0.032038389,-0.000193559,-0.142258966,0.368631568,0.612508525,-0.991028005,0.234693672,-0.283462909
111,5.584910249,0.400000000,0.000000000,0.200000000,0.099309902,0.080144294,0.160251697,-0.038481206,-0.224632996,0.181635629,-0.363953591,0.332247970,0.248491569,-0.460600347,-0.686041165,0.859018921,-0.042187297,-0.251606332,0.119615739,0.101999522,0.137508423,-0.038137984,-0.233104525,0.186833994,-0.340630694,0.350226934,0.271456950,-0.472331240,-0.683022178,0.867586857,-0.036020172,-0.277387680
112,5.635013526,0.400000000,0.000000000,0.200000000,0.238978418,0.042189362,0.233240838,0.021045334,0.079873905,0.139604795,0.302846674,-0.466675681,-0.047588133,0.286085880,0.448425501,-0.178802871,-0.032945369,-0.183133164,0.259127485,0.063981351,0.210748193,0.021322373,0.071956588,0.144769476,0.325831711,-0.448978200,-0.024724654,0.274338620,0.451373126,-0.170625483,-0.026773207,-0.208746947
113,5.684934058,0.400000000,0.000000000,0.200000000,-0.483731437,-0.276044879,0.241034271,-0.038972533,0.634587362,-0.136083433,0.147638688,-0.062773183,0.119488982,-0.272654196,-0.066261420,-0.048103017,0.085010129,0.540293668,-0.463741481,-0.254317218,0.218778979,-0.038759338,0.627188203,-0.130952770,0.170299437,-0.045348473,0.142255343,-0.284399481,-0.063376841,-0.040291086,0.091193123,0.514860748
114,5.734947301,0.400000000,0.000000000,0.200000000,-0.358466721,0.372704967,-0.258665212,0.048636303,-0.144058170,-0.008783071,0.545454950,-0.086255591,0.596733052,-0.397423257,0.026233668,-0.212922133,-0.480445934,0.119785334,-0.338631377,0.394369506,-0.280680094,0.048791815,-0.150959060,-0.003684065,0.567800096,-0.069102062,0.619406102,-0.409162821,0.029046201,-0.205456366,-0.474258633,0.094542616
115,5.784850872,0.400000000,0.000000000,0.200000000,-0.195331645,0.347957154,-0.302594368,0.117674676,0.143764143,0.397172124,0.140824103,-0.159072391,-0.601002938,-0.036519009,0.511822997,0.281994982,-0.327875960,0.061924793,-0.175654311,0.369558349,-0.324376204,0.117779748,0.137337536,0.402244138,0.162861535,-0.142181172,-0.578420847,-0.048241811,0.514571396,0.289134879,-0.321686678,0.036878975
116,5.834961170,0.400000000,0.000000000,0.200000000,0.132053744,-0.142395215,0.045585347,-0.052520977,0.054349696,0.219392111,-0.940406977,-0.653052502,0.350741204,-0.151062830,0.477950923,0.771490706,-0.190053200,-0.027744115,0.151575897,-0.120857514,0.024035308,-0.052461339,0.048375247,0.224439032,-0.918670622,-0.636419088,0.373235513,-0.162764036,0.480635665,0.778322730,-0.183863769,-0.052587672
117,5.884940692,0.400000000,0.000000000,0.200000000,0.269940391,0.484916272,0.170308206,0.399781360,-0.168761695,0.091488554,-0.178294763,0.163663875,-0.273261309,0.009166831,0.099538458,-1.000000000,0.636584926,-0.412982122,0.289307691,0.506389257,0.148994041,0.399797010,-0.174294965,0.096510277,-0.156856559,0.180042540,-0.250855005,-0.002508049,0.102157918,-0.993462172,0.642766818,-0.437615835
118,5.935031733,0.400000000,0.000000000,0.200000000,-0.105047154,-0.211811642,-0.045406941,-1.000000000,0.356761680,0.076717911,0.067284344,0.089715460,0.439818247,-0.093237239,-0.270467940,0.479174115,-0.470277424,-0.080000821,-0.085834582,-0.190381330,-0.066593749,-1.000033345,0.351544410,0.081719377,0.088478809,0.105898397,0.462170989,-0.104843620,-0.267900232,0.485493859,-0.464079574,-0.104457154
119,5.984954440,0.400000000,0.000000000,0.200000000,-0.268284510,0.503421360,-0.003760808,0.498549200,0.330531513,-0.238538024,-0.050719176,-0.256465772,-0.669467217,0.016568934,-0.454808584,-0.077655088,-0.102965007,0.429765876,-0.249181802,0.524785183,-0.024664859,0.498501051,0.325738200,-0.233549596,-0.029800483,-0.240538822,-0.647213309,0.004949673,-0.452299407,-0.071602765,-0.096778675,0.405519668
120,6.035347619,0.400000000,0.000000000,0.200000000,-0.127932631,-0.305184325,-0.045149528,-0.556629458,0.065761815,0.105529073,-0.233443615,-0.314547162,-0.311329553,0.299038792,-0.331976916,-0.052962249,-0.348942769,-0.210764479,-0.108997716,-0.283881567,-0.065847861,-0.556721491,0.061343914,0.110490336,-0.212798658,-0.298837574,-0.289151499,0.287481944,-0.329522813,-0.047154609,-0.342778832,-0.234796841
121,6.085327536,0.400000000,0.000000000,0.200000000,0.157165332,-0.873881014,0.565959424,0.094603212,0.397096854,-0.148404896,-0.475886204,-0.615294656,-0.263085109,0.230183267,0.073757443,0.149011358,-0.435498288,-0.164040245,0.175953105,-0.852643793,0.545491046,0.094486368,0.393052623,-0.143463451,-0.455517146,-0.599825886,-0.240989574,0.218659182,0.076154489,0.154579454,-0.429354229,-0.187850384
122,6.134959647,0.400000000,0.000000000,0.200000000,0.251706443,-0.667222216,-0.490232498,0.774383162,0.336151690,0.198416642,-0.160425489,-0.268514006,-0.095568550,0.110586606,0.516306080,0.858201785,-0.177009298,0.180706264,0.270337825,-0.646048787,-0.510490530,0.774234378,0.332454174,0.203334775,-0.140324810,-0.253266623,-0.073549726,0.099124554,0.518647694,0.863550244,-0.170887277,0.157120848
123,6.185007537,0.400000000,0.000000000,0.200000000,-0.204135152,-0.248321585,-0.136155705,-0.610451152,-0.606432233,0.520820639,-0.391069215,0.377088140,-0.233983058,0.173470764,-0.638390204,1.000000000,0.227922054,-0.348829037,-0.185653409,-0.227212010,-0.156198659,-0.610622668,-0.609795774,0.525720608,-0.371233193,0.392110650,-0.212039101,0.162062275,-0.636102084,1.005139432,0.234023170,-0.372185391
124,6.235078868,0.400000000,0.000000000,0.200000000,-0.014554614,0.332077424,-0.538694065,0.697625999,-0.142587175,-0.012432352,-0.582749260,-0.090272878,0.394972315,0.019167484,-0.245816295,-0.552939566,-0.299657560,0.305672823,0.003777079,0.353125247,-0.558527332,0.697431327,-0.145633086,-0.007551411,-0.563171241,-0.075466127,0.416840631,0.007822473,-0.243580255,-0.547996318,-0.293579883,0.282548087
125,6.284893134,0.400000000,0.000000000,0.200000000,-0.074630101,-0.514005029,0.476700380,-0.011076613,0.913267759,0.383863697,0.079997509,-0.264578685,-0.241876594,0.353953887,0.320228831,-0.065886663,0.302963610,0.034913452,-0.056446750,-0.493021432,0.457073839,-0.011286388,0.910523624,0.388729581,0.099322527,-0.249984586,-0.220080317,0.342673360,0.322414208,-0.061128468,0.309015508,0.012022718
126,6.334973570,0.400000000,0.000000000,0.200000000,-0.480533220,0.231698016,-0.049187192,0.007132183,-0.267076767,0.382274482,0.034023733,-0.289766976,-0.084964963,0.713898690,-0.163931511,-0.491994834,0.053399632,0.132905023,-0.462497112,0.252618535,-0.068609552,0.006902828,-0.269532492,0.387120272,0.053100859,-0.275380587,-0.063242099,0.702686527,-0.161793386,-0.487410621,0.059426006,0.110249599
127,6.384949633,0.400000000,0.000000000,0.200000000,0.090828595,-0.281190079,-0.065795828,-0.135331790,0.423392314,-0.038836664,0.191551401,0.740886553,0.081036089,0.104084439,0.072645307,-0.531130205,0.409796523,-0.141301036,0.108718450,-0.260333324,-0.085017732,-0.135576255,0.421211454,-0.034009820,0.210385143,0.755069352,0.102690455,0.092943853,0.074733365,-0.526709961,0.415794064,-0.163720099
128,6.434963526,0.400000000,0.000000000,0.200000000,0.481812525,-0.237577109,0.714223990,-0.185586940,0.518352955,-0.036398213,0.578424637,0.464593692,0.010100305,0.005866723,-0.077745203,-0.001822029,0.077600306,0.162485461,0.499557573,-0.216784759,0.695200184,-0.185840703,0.516433788,-0.031586389,0.597019507,0.478577801,0.031686285,-0.005199426,-0.075705350,0.002443797,0.083565394,0.140304334
129,6.485220131,0.400000000,0.000000000,0.200000000,0.186609058,-0.143174295,0.094902202,-0.048518330,-0.251472438,0.282474556,-0.157085732,-0.032831424,-0.048351292,-0.039296355,-0.253205708,-0.017107829,0.945321875,-0.168433913,0.204210444,-0.122444636,0.076074337,-0.048781987,-0.253142965,0.287270577,-0.138724611,-0.019042161,-0.026834002,-0.050286368,-0.251208771,-0.012987674,0.951256044,-0.190376165
130,6.534974640,0.400000000,0.000000000,0.200000000,-0.227798974,0.352414932,-0.597505000,0.181216124,-0.477414828,-0.250201249,-0.643670875,0.134486941,-0.469142500,0.046920057,-0.197624359,0.392556652,-0.223370311,0.502001528,-0.210339904,0.373082271,-0.616147418,0.180940829,-0.478853761,-0.245425158,-0.625536071,0.148087619,-0.447690863,0.036009182,-0.195670993,0.396542281,-0.217466301,0.480296038
131,6.584934986,0.400000000,0.000000000,0.200000000,0.203891491,0.639993297,-0.505281745,0.200487498,0.675521275,0.154322786,-0.524956704,-0.367191227,-0.318646045,-0.297964336,0.340456791,0.147602232,-0.708981971,0.106614998,0.221213111,0.660597632,-0.523736436,0.200208224,0.674305635,0.159082919,-0.507043677,-0.353775066,-0.297259518,-0.308795365,0.342368688,0.151460503,-0.703110549,0.085145776
132,6.634901316,0.400000000,0.000000000,0.200000000,0.087808531,0.222708631,-0.155652381,-0.518927138,-0.703713181,0.046224308,-0.654203103,-0.272276343,0.320833531,0.392340045,0.249785734,-0.341810530,0.521958877,-0.494759943,0.104991932,0.243251552,-0.173924319,-0.519211858,-0.704718044,0.050967424,-0.636507475,-0.259040230,0.342155468,0.381591133,0.251659335,-0.338071884,0.527799127,-0.515993230
133,6.684902712,0.400000000,0.000000000,0.200000000,-0.346988937,-0.178693703,0.207967628,-0.761713103,0.409148113,-0.079688997,-0.125009196,-0.167626580,0.398115611,-0.330041106,-0.706758703,0.152289682,0.238623740,0.063824118,-0.329941671,-0.158214875,0.189882914,-0.761998918,0.408349184,-0.074962809,-0.107529806,-0.154569860,0.419371395,-0.340707713,-0.704925022,0.155913323,0.244427990,0.042829440
134,6.734915874,0.400000000,0.000000000,0.200000000,-0.711323066,0.192689057,-0.204968965,-0.565463109,0.343258065,0.291475904,-0.440521409,-0.037971908,-0.344998434,0.032258072,-0.075282701,0.330751787,-0.218922185,-0.394377287,-0.694413923,0.213106088,-0.222878365,-0.565755593,0.342649051,0.296182110,-0.423252420,-0.025088102,-0.323803026,0.021678575,-0.073488031,0.334269497,-0.213154322,-0.415135564
135,6.785323788,0.400000000,0.000000000,0.200000000,0.090593985,0.086915034,0.515883519,-0.610640945,0.005616645,0.381902096,-0.102209235,0.186095184,0.110100064,0.227538785,-0.313362952,-0.609566402,-0.617792678,-0.209949921,0.107377725,0.107284713,0.498086200,-0.610938517,0.005141473,0.386598960,-0.085114820,0.198833139,0.131261315,0.217045132,-0.311606295,-0.606126312,-0.612045736,-0.230501062
136,6.834929902,0.400000000,0.000000000,0.200000000,0.110047764,0.539955691,-0.247396402,0.109279466,0.437687293,-0.385049918,-0.128324218,0.272299940,0.119834416,0.019380364,0.107964572,-0.063446834,0.503476562,0.139797869,0.126724507,0.560259758,-0.264983844,0.108995059,0.437406134,-0.380368902,-0.111425683,0.284870208,0.140917499,0.008950987,0.109694496,-0.060109292,0.509189992,0.119472385
137,6.884962020,0.400000000,0.000000000,0.200000000,-0.074042820,0.493388595,0.516951143,0.175471483,0.321534631,-0.086849091,-0.172158444,0.134109762,0.311169139,-0.474611096,0.080984604,-0.249862531,-0.308717134,-0.296681160,-0.057505774,0.513630191,0.499529849,0.175183604,0.321418264,-0.082190694,-0.155457636,0.146524792,0.332190546,-0.484943037,0.082679243,-0.246614500,-0.303049091,-0.316776447
138,6.934984022,0.400000000,0.000000000,0.200000000,-0.360945155,-0.522399937,0.069933959,0.171924760,0.417856333,-0.147486616,-0.449903702,-0.078450974,1.000000000,-0.155231252,-0.486868248,-0.811381791,0.058787706,0.372417160,-0.344540530,-0.502220125,0.052687776,0.171637209,0.417901614,-0.142849609,-0.433402782,-0.066202365,1.020957386,-0.165480396,-0.485203754,-0.808221258,0.064415264,0.352556166
139,6.984997263,0.400000000,0.000000000,0.200000000,-0.122123872,0.698659323,-0.263715280,-0.481478604,-0.193290296,0.263166881,-0.171233309,-0.141103807,-0.044167967,0.498060441,0.185342513,0.152476997,-0.756029421,-0.060273208,-0.105851415,0.718772910,-0.280792318,-0.481760754,-0.193093589,0.267782386,-0.154929084,-0.129013335,-0.023270193,0.487905716,0.186972928,0.155556543,-0.750443123,-0.079898102
140,7.034934207,0.400000000,0.000000000,0.200000000,0.078942690,0.312642855,0.339511296,-0.664768525,0.638802475,-0.184531705,0.497161070,-0.499155353,0.235102575,0.063721721,0.969604080,-0.023143780,-0.939382329,0.175321910,0.095084974,0.332691993,0.322603196,-0.665044655,0.639144349,-0.179934677,0.513271481,-0.487224330,0.255938574,0.053657124,0.971202159,-0.020141839,-0.933838603,0.155934270
141,7.085015837,0.400000000,0.000000000,0.200000000,-0.128818336,-0.342532210,0.617122615,0.422316877,0.163580392,0.033647018,0.183405898,0.459758771,0.933897534,-0.101898038,-0.460156110,-0.893465909,-0.429065555,0.072763196,-0.112806157,-0.322548062,0.600379708,0.422046924,0.164058805,0.038223349,0.199325833,0.471534746,0.954674219,-0.111869073,-0.458586313,-0.890537028,-0.423561047,0.053611995
142,7.134931766,0.400000000,0.000000000,0.200000000,-0.324935242,-0.058305941,-0.078144162,1.000000000,0.012212318,0.120718342,0.373171787,-0.479153486,0.352226119,0.103118244,0.281722309,-0.118441120,0.546996693,-0.033726315,-0.309050725,-0.038386512,-0.094723047,0.999737721,0.012821653,0.125273394,0.388904528,-0.467530726,0.372940726,0.093241070,0.283263034,-0.115580962,0.552461133,-0.052641404
143,7.184968720,0.400000000,0.000000000,0.200000000,0.081714758,0.800260125,0.628862059,-0.599207194,-0.306051351,-0.000281934,-0.109346990,0.003964732,0.328476161,0.299265869,0.289992883,0.536822831,-0.468355424,-0.104369949,0.097470210,0.820117487,0.612443200,-0.599465427,-0.305318426,0.004250573,-0.093798926,0.015436736,0.349130813,0.289483271,0.291505534,0.539618318,-0.462932080,-0.123050508
144,7.234890665,0.400000000,0.000000000,0.200000000,0.343014079,-0.462588272,-0.503583338,-0.217010528,-0.640184288,-0.092674379,0.449057447,0.018262238,-0.006270433,-0.363943738,-0.577498606,0.639653300,-0.824952225,-0.279528246,0.358642896,-0.442796332,-0.519843317,-0.217257951,-0.639334151,-0.088162957,0.464423098,0.029586038,0.014325686,-0.373632005,-0.576014461,0.642387023,-0.819570350,-0.297975252
145,7.285001691,0.400000000,0.000000000,0.200000000,0.439525662,-0.026084909,-0.482930829,0.656130330,-0.202062839,0.012058573,0.412190546,-0.142790672,-0.708914182,0.033462913,0.635098996,0.224434522,0.187395148,-0.203233386,0.455028884,-0.006358076,-0.499034613,0.655893167,-0.201102359,0.016548792,0.427376902,-0.131611983,-0.688378376,0.023870182,0.636556349,0.227110712,0.192735092,-0.221447697
146,7.335038779,0.400000000,0.000000000,0.200000000,0.070517861,0.786831365,0.566563322,-0.044857031,0.666511850,-0.055219321,0.566823557,-0.321861217,0.041744929,-0.858307101,-0.126661099,1.000000000,-0.086043911,0.445769213,0.085896733,0.806493017,0.550614315,-0.045086431,0.667577756,-0.050753570,0.581833063,-0.310826016,0.062222082,-0.867804898,-0.125226455,1.002621235,-0.080742783,0.427786166
147,7.384915077,0.400000000,0.000000000,0.200000000,0.142750131,0.727293392,-0.177126850,-0.225708818,-0.034947040,0.021395499,0.009713162,0.118513009,-0.304329888,0.260107521,0.581034618,-0.440151751,-0.418435484,0.249354353,0.158007043,0.746892349,-0.192927598,-0.225926595,-0.033783815,0.025839801,0.024551179,0.129408216,-0.283910691,0.250704242,0.582443080,-0.437581657,-0.413175557,0.231599370
148,7.434962634,0.400000000,0.000000000,0.200000000,0.040178933,0.411374585,-0.407974299,-0.188692511,0.271333999,-0.142824083,0.105063622,0.012784926,-0.299731083,-0.102992518,-0.399672572,-0.646635055,-0.284605963,0.443859750,0.055315874,0.430909640,-0.423626326,-0.188900781,0.272590744,-0.138402826,0.119732570,0.023543223,-0.279368926,-0.112302040,-0.398286789,-0.644113419,-0.279386178,0.426329793
149,7.484860977,0.400000000,0.000000000,0.200000000,-0.029419163,0.146976275,-0.214708309,-0.208574082,0.014843840,-0.422236330,-0.587742280,-0.273142210,0.439050046,0.265426358,-0.558574192,-0.379271990,0.260800978,-0.072092196,-0.014402082,0.166449677,-0.230215472,-0.208773299,0.016188889,-0.417839331,-0.573239863,-0.262518225,0.459353890,0.256210675,-0.557210537,-0.376795966,0.265981410,-0.089399507
150,7.534889256,0.400000000,0.000000000,0.200000000,0.472568209,0.189584143,-0.102629369,0.173479553,0.538163053,0.081003320,-0.175132450,0.249370882,0.372975527,0.110913723,0.468229381,0.580048399,0.324615792,-0.331513182,0.487467753,0.208991587,-0.117993291,0.173296220,0.539590714,0.085378072,-0.160793918,0.259863199,0.393222567,0.101791552,0.469569000,0.582481120,0.329754174,-0.348598948
151,7.584909404,0.400000000,0.000000000,0.200000000,-0.464587777,0.072485697,0.332867529,-0.004028503,-0.494472128,0.082974348,-0.374829097,-0.188162627,-0.011008985,0.280624597,0.307389863,-0.134151316,-0.006474734,0.432519295,-0.449794596,0.091845252,0.317598728,-0.004208699,-0.492992313,0.087333543,-0.360626809,-0.177785199,0.009206776,0.271587579,0.308708174,-0.131748084,-0.001363666,0.415629257
152,7.634942066,0.400000000,0.000000000,0.200000000,-0.506388107,0.113901083,0.285679757,0.509549253,0.070098946,-0.084474883,0.553307765,-0.066207573,0.007083923,0.714116694,0.170429951,-0.104950474,-0.206816830,0.252634605,-0.491693111,0.133194203,0.270574757,0.509390619,0.071669717,-0.080140304,0.567356288,-0.055954945,0.027227886,0.705160032,0.171733480,-0.102592571,-0.201742641,0.235951628
153,7.684956025,0.400000000,0.000000000,0.200000000,-0.576593012,-0.253543007,0.030388440,0.120355060,-1.000000000,-0.101321617,0.152674468,-0.257158359,-0.319212638,-0.607249769,0.539660881,0.718705619,0.565137622,-0.170074566,-0.562019188,-0.234311285,0.015418518,0.120203355,-0.998359387,-0.097015975,0.166565518,-0.247025635,-0.299127834,-0.616107063,0.540947542,0.721026805,0.570168480,-0.186546488
154,7.734996591,0.400000000,0.000000000,0.200000000,0.008873730,0.250147471,0.588692307,-0.423813081,0.547830642,0.099863565,0.360411581,0.204925945,-0.177970594,0.171668605,-0.188167628,-0.725926388,0.102767245,-0.435133492,0.023333748,0.269314365,0.573864041,-0.423950086,0.549540113,0.104142720,0.374144112,0.214931470,-0.157946183,0.162900621,-0.186898447,-0.723641441,0.107755233,-0.451390463
155,7.784893794,0.400000000,0.000000000,0.200000000,0.399238342,0.343072255,-0.133427909,0.317524166,-0.168592168,0.046995129,-0.385125830,0.242909202,-0.427192260,-0.291734295,1.000000000,0.409476308,-0.316778841,0.240873874,0.413583361,0.362173132,-0.148119158,0.317401220,-0.166819755,0.051247738,-0.371549628,0.252792141,-0.407224771,-0.300407223,1.001248171,0.411727474,-0.311836613,0.224832452
156,7.835236633,0.400000000,0.000000000,0.200000000,-0.355079198,-0.056208580,-0.335856467,-0.316641875,0.014702889,0.134316235,0.391986575,-0.050313249,-0.621720097,0.130302216,0.074033382,0.716975082,0.165828748,0.558640167,-0.340848395,-0.037171486,-0.350410960,-0.316755277,0.016536307,0.138539445,0.405407774,-0.040553822,-0.601811650,0.121721079,0.075267590,0.719193287,0.170730580,0.542813260
157,7.884963685,0.400000000,0.000000000,0.200000000,0.297998712,-0.087804771,0.241492364,0.038501524,1.000000000,-0.218453880,-0.060014560,0.161502553,-0.387128466,0.393949203,-0.671360399,0.648947841,0.174197217,-0.018559204,0.312116735,-0.068833784,0.227071513,0.038405058,1.001889968,-0.214257626,-0.046745900,0.171141389,-0.367277171,0.385462369,-0.670143982,0.651134799,0.179058102,-0.034172557
158,7.934955359,0.400000000,0.000000000,0.200000000,-0.005508701,-0.556462291,0.409096842,0.424096992,-0.614362910,0.092977007,-0.026498044,0.000495423,-0.449900798,0.709999693,0.483375426,-0.253333225,0.047995798,0.551859509,0.008496961,-0.537554612,0.394808905,0.424014101,-0.612419775,0.097145858,-0.013380574,0.010014226,-0.430110281,0.701605388,0.484581144,-0.251176099,0.052819967,0.536458038
159,7.985015809,0.400000000,0.000000000,0.200000000,0.008486957,-0.039176569,0.244387891,0.393984662,-0.011967937,0.031181101,0.401926945,-0.111235604,-0.222413063,0.029919772,-0.858102511,-0.569118668,0.154136570,-0.218342759,0.022382171,-0.020334000,0.230230722,0.393914966,-0.009974660,0.035320583,0.414895630,-0.101835172,-0.202680100,0.021617684,-0.856916225,-0.566989974,0.158917631,-0.233534136
160,8.035527921,0.400000000,0.000000000,0.200000000,0.177827178,-0.613535824,-0.531326135,0.201690633,-1.000000000,0.611022056,1.000000000,-0.490101044,-0.477005528,0.438834737,1.000000000,-0.695267318,0.289067721,0.649172136,0.071833549,-0.159421596,-0.025485953,-0.798267286,-0.335726321,-0.387836098,0.214147806,-0.103359108,0.049284829,0.270091738,0.000101388,-0.349541603,-0.710737133,-0.214008382
161,8.084859430,0.600000000,0.000000000,0.300000000,-0.025944109,-0.616247988,-0.175562433,-0.020203786,-0.435057876,0.693905072,1.000000000,-0.590437633,-1.000000000,0.424202593,1.000000000,0.064592070,1.000000000,1.000000000,-0.079930971,-0.240419394,-0.089314534,-1.019904869,-0.429929809,-0.293251677,0.211609006,-0.263000918,-0.642648667,0.103887292,0.000909626,0.424346930,0.001543283,0.121325254
162,8.135009284,0.600000000,0.000000000,0.300000000,0.076776114,-0.491615941,-0.428362191,1.000000000,0.573784533,1.000000000,0.152677577,0.021225107,0.004244848,0.411711239,1.000000000,-0.731961609,0.874917993,1.000000000,-0.003294247,-0.091985961,-0.469929684,0.001248300,0.595658076,0.067732811,-0.492374618,0.253735987,-0.089674452,0.152752303,0.004136384,-0.514293925,-0.117276481,0.136998236
163,8.184968580,0.600000000,0.000000000,0.300000000,-0.370321955,-0.397145249,0.257094283,-0.015155696,-0.880961921,0.618169595,-0.075399253,-0.380927083,0.720315228,0.268152049,1.000000000,-0.786396359,1.000000000,0.767984615,-0.293156977,-0.281929217,0.101729337,-1.008209192,-0.943733569,-0.146563541,-0.570847365,-0.198073891,0.420581977,0.111264190,0.023774981,-0.601949190,0.044492006,-0.059979810
164,8.234959152,0.600000000,0.000000000,0.300000000,0.036798043,-0.094093414,0.284581471,1.000000000,1.000000000,0.581846722,-0.093347758,-0.086941157,1.000000000,-0.196726974,0.202811119,-0.470673401,1.000000000,0.289944488,0.314398957,-0.292780371,0.101699341,0.041467369,0.890917249,0.103473075,-0.344487727,0.044835832,0.588072658,-0.290278438,-0.674874845,-0.348005626,0.219910681,-0.471329492
165,8.284912951,0.600000000,0.000000000,0.300000000,-0.722796644,1.000000000,0.005176286,0.609643550,0.261197117,0.217916766,-0.347820323,-0.185600420,-0.133812514,0.147802403,0.560456197,1.000000000,-0.029792429,0.489450372,-0.304535086,0.592272550,-0.146191900,-0.145356505,0.091395181,0.026873449,-0.277305525,-0.084056077,-0.616327938,0.161255999,0.048085849,1.044832561,-0.323283256,-0.156058454
166,8.335356546,0.600000000,0.000000000,0.300000000,-0.687750173,0.264339482,0.295841277,0.554656539,0.051731710,-0.249897691,-0.583186494,0.153867990,0.090613929,-0.430797168,-0.077215836,0.070622723,-0.688524643,0.272648082,-0.207844150,-0.181298757,0.235014987,0.480583157,-0.258975651,-0.043978425,-0.285237001,0.209501930,-0.402523758,-0.327390552,-0.074617759,0.004182595,-0.583086344,-0.176924958
167,8.384973463,0.600000000,0.000000000,0.300000000,-0.481850249,0.697237992,-0.262987009,-0.677119172,1.000000000,-0.141725679,0.465618101,0.466008487,0.558241968,0.231357017,-0.997825882,-0.469270950,-0.440556007,0.443235697,-0.096720976,0.213221127,-0.326114758,-0.369091159,0.545357406,0.197301845,0.747254071,0.389294158,0.204059158,0.339074114,-0.792887321,-0.692537566,-0.170409846,0.211626263
168,8.435188522,0.600000000,0.000000000,0.300000000,-0.139428885,0.086388882,-0.342808590,0.335898290,-0.258448810,-0.263307439,-0.073033355,0.066139106,0.250358051,0.001534219,0.411767014,-0.279749082,-0.454761301,-0.198696587,0.010351150,-0.333585534,-0.542851970,0.616861502,-0.666871101,0.014169438,-0.008160896,-0.098354023,0.015335238,0.048111933,0.634549596,-0.537362383,-0.163245295,-0.304150190
169,8.484957846,0.600000000,0.000000000,0.300000000,0.326299018,0.662186156,0.311958115,-0.226940242,0.182808353,-0.149390412,0.387299507,0.345278086,0.178090392,0.295445047,-0.234391780,-1.000000000,0.231663516,-0.079776000,0.341647059,0.308051060,0.076319541,0.029853078,-0.155546205,0.075140747,0.312535002,0.163475873,-0.008985417,0.319905713,-0.038640068,-1.235146195,0.455443641,-0.126411807
170,8.535361096,0.600000000,0.000000000,0.300000000,-0.076307271,0.523374235,0.177663112,-0.336631609,0.130507053,0.021918278,0.190440733,0.119063549,-0.279136843,0.355249477,-0.636253223,-0.242877410,0.051527628,-0.127250939,-0.162750583,0.233229076,-0.029072216,-0.183154834,-0.080289691,0.143514257,0.012985680,-0.036655329,-0.414485178,0.362469731,-0.509288609,-0.401842223,0.170231262,-0.117177916
171,8.584934087,0.600000000,0.000000000,0.300000000,0.208901056,-0.334638099,0.039876858,0.254432472,0.760099059,-0.145252253,0.278715509,0.205453632,0.835822483,-0.411776458,0.607307761,-0.401149409,0.050151937,0.239447015,0.094986231,-0.554836775,-0.074564090,0.335175718,0.659631779,-0.076483007,0.073439333,0.096768168,0.747318459,-0.379701880,0.676065586,-0.476329165,0.120645330,0.292405429
172,8.634913692,0.600000000,0.000000000,0.300000000,-0.256153552,0.400356266,-0.637992967,0.254934831,0.183692828,0.340287232,0.282678031,0.200658890,-0.013131483,0.402112620,-0.292465431,-0.445144647,-0.074642067,0.068530784,-0.349157458,0.255040291,-0.679142386,0.308174255,0.085228756,0.414403268,0.118125015,0.125558476,-0.082738137,0.435181180,-0.253738833,-0.505138961,-0.015841448,0.162203149
173,8.685232055,0.600000000,0.000000000,0.300000000,0.258720952,0.061911133,-0.164150556,-0.745356796,-0.725159209,-0.058942341,0.375139815,0.411336465,0.436131691,0.257435863,-0.129311639,-0.632888325,-0.118317307,-0.273611660,0.155433061,-0.034407894,-0.166938362,-0.746489258,-0.787555933,-0.024247498,0.244126079,0.360100417,0.383564228,0.286878408,-0.129428429,-0.680820097,-0.087393775,-0.160057451
174,8.735143525,0.600000000,0.000000000,0.300000000,-0.056955869,0.367671605,-0.228258753,-0.170858090,0.111588685,0.028914848,0.199272812,0.312167294,-0.466983631,0.614281960,-0.135266617,-0.495950529,0.446577484,-0.674901048,-0.137464816,0.311657406,-0.189986368,-0.182001719,0.080739567,0.075214268,0.089650937,0.279904361,-0.502550143,0.647124969,-0.147675930,-0.522095861,0.479152246,-0.564544203
175,8.784893331,0.600000000,0.000000000,0.300000000,0.127031078,-0.957267510,0.393492032,-0.280884670,1.000000000,-0.292808277,0.706427641,-0.023126640,-0.022678984,-0.259023399,-0.260242180,-0.165976362,0.572274512,0.094477130,0.066202392,-0.983935438,0.455664463,-0.315195015,0.969826782,-0.259250750,0.619708650,-0.049251082,-0.042193055,-0.230634318,-0.290144566,-0.196958838,0.599237675,0.201356163
176,8.834922835,0.600000000,0.000000000,0.300000000,0.227929168,-0.478149135,-0.014535843,0.395093704,-0.616300237,0.142251834,0.556540539,0.090840864,0.046437979,0.173586152,-0.289429812,0.587837675,0.769887592,-0.126473633,0.180054047,-0.487827343,0.051923448,0.356031021,-0.639792024,0.179263137,0.483907742,0.071204753,0.034931864,0.201861986,-0.321877549,0.561884602,0.797559834,-0.030571279
177,8.884909568,0.600000000,0.000000000,0.300000000,0.110267468,-0.187479997,-0.239197673,-0.215444186,-0.434042052,0.204575912,-0.052307146,-0.012938651,0.050607646,-0.401958166,0.467204506,0.486126207,0.550640847,-0.474729574,0.072532304,-0.190511106,-0.173223922,-0.256618676,-0.457688412,0.236829513,-0.112905966,-0.032413237,0.040386813,-0.376836384,0.432634281,0.458444949,0.577784035,-0.388960658
178,8.934938389,0.600000000,0.000000000,0.300000000,0.094422676,0.629541220,-0.751099016,-0.225585382,-0.639830536,-0.015940159,0.190113252,0.064285802,-0.139331953,0.155347191,-0.369568954,0.624401618,-0.045429641,-0.603064415,0.063464547,0.626661521,-0.691253174,-0.263990800,-0.662582892,0.015818291,0.137339538,0.047171245,-0.150301678,0.180871165,-0.402134108,0.598568822,-0.018405322,-0.527817336
179,8.985027132,0.600000000,0.000000000,0.300000000,-0.016987497,0.199359935,-1.000000000,1.000000000,-0.332175247,-0.458979397,0.468364441,0.401357736,0.399282739,0.085663295,-0.041653633,1.000000000,0.296824927,-0.545838452,-0.043362781,0.193437316,-0.946674466,0.964195941,-0.355375012,-0.429895996,0.421693077,0.384474467,0.384719190,0.110541385,-0.072044127,0.974246260,0.323876570,-0.479488171
180,9.035087570,0.600000000,0.000000000,0.300000000,0.329238035,0.585416946,-0.782249128,-0.784858002,0.747884364,-0.043179895,-0.184442953,-0.104622846,0.413004069,-0.139697645,-0.459505914,0.329189490,-0.097874485,-0.031369183,0.305032326,0.575364665,-0.736314287,-0.817307285,0.723066329,-0.015097705,-0.226977777,-0.121417477,0.395296332,-0.114530474,-0.487902776,0.304336141,-0.071470074,0.027341891
181,9.084919506,0.600000000,0.000000000,0.300000000,0.054602468,-0.945042815,-0.039693060,-0.015439837,0.191011457,0.039488120,0.134156713,0.029802319,0.296506043,0.013855704,0.701865692,-0.222669706,-0.238114779,0.411101861,0.031166071,-0.958855878,0.000074366,-0.045551323,0.164151227,0.066333836,0.094549147,0.012479207,0.276165867,0.038777935,0.675401574,-0.246551004,-0.211681211,0.463880802
182,9.134883001,0.600000000,0.000000000,0.300000000,0.108458220,-0.046781469,-0.620880133,0.221769588,-0.805370034,-0.186600821,-0.064293610,0.314496660,0.351177093,0.082524338,0.276057221,-0.067462656,0.277201815,-0.059157375,0.084790119,-0.064077725,-0.586474183,0.193733724,-0.833292947,-0.160544731,-0.101820437,0.296902878,0.328748953,0.107669826,0.250904307,-0.090131195,0.303429695,-0.011329099
183,9.185252876,0.600000000,0.000000000,0.300000000,0.173739194,0.275107087,-0.935476878,-0.831314943,-1.000000000,-0.584682991,-0.156152778,-0.035110284,0.405560451,0.803035264,-0.185060738,0.693862533,0.560677132,0.127549150,0.149510001,0.254792047,-0.905152585,-0.857270821,-1.027636750,-0.558904889,-0.192071334,-0.053107432,0.382176353,0.828171431,-0.209516291,0.672400787,0.586716298,0.171176423
184,9.234868667,0.600000000,0.000000000,0.300000000,-0.490283087,-0.534877933,-0.467425856,0.212242895,0.804325835,-0.301243632,-0.214956758,-0.006883565,0.164692849,-0.334286650,0.532516054,0.256640797,0.493744477,-0.307124520,-0.515090322,-0.557421803,-0.439886586,0.188042016,0.776873675,-0.275477636,-0.249487424,-0.025183882,0.141003849,-0.309297645,0.508327699,0.236174818,0.519341492,-0.266750520
185,9.284886713,0.600000000,0.000000000,0.300000000,0.260980869,-0.510073553,0.290358429,0.287595104,0.470402634,0.164486480,0.293995156,-0.071524377,0.695363648,-0.656510517,0.600440008,0.118686454,-0.164191607,-0.336893065,0.235563385,-0.532995016,0.316257970,0.263960739,0.443286410,0.190373066,0.260804976,-0.089916871,0.671454368,-0.631833050,0.576670166,0.099007399,-0.138720261,-0.299054815
186,9.335394407,0.600000000,0.000000000,0.300000000,-0.119812118,-0.232023008,-1.000000000,0.201171701,-0.904311761,-0.228098169,-0.590856532,0.510315004,0.026914351,0.167980031,0.081546982,0.099282116,-0.063434322,-0.284334218,-0.145510098,-0.254827216,-0.974571951,0.177690578,-0.931025618,-0.202201935,-0.623188226,0.492063307,0.003102321,0.192400637,0.057918950,0.080142146,-0.038138398,-0.248086089
187,9.384941599,0.600000000,0.000000000,0.300000000,0.492452060,0.334252613,-0.518136576,0.213111888,-0.369847503,-0.326883358,-0.571879104,-0.091066155,-0.534106839,-0.369464635,-0.054275644,-0.733127781,-0.209813997,-0.292443667,0.466830011,0.311373104,-0.493170921,0.189930301,-0.396046693,-0.301127785,-0.603118835,-0.109114160,-0.557645913,-0.345418469,-0.077765650,-0.751691161,-0.184618920,-0.257896636
188,9.435001941,0.600000000,0.000000000,0.300000000,0.464722760,-0.055097296,0.552327749,0.563274984,0.534973187,-0.168042428,-0.072902509,0.305743857,0.366908187,-0.388106421,-1.000000000,0.050797869,-0.324239629,0.047387827,0.439518135,-0.077993515,0.577294134,0.540454731,0.509240761,-0.142263671,-0.103106656,0.287975338,0.343662668,-0.364477981,-1.023318706,0.032708811,-0.299142896,0.080430526
189,9.485045223,0.600000000,0.000000000,0.300000000,0.289864130,0.354430859,-0.197936530,-1.000000000,0.656700288,0.104218511,-0.149974102,0.043661826,0.036871094,-0.075885642,-0.043682124,0.153295301,-0.238847713,-0.065951057,0.265169009,0.331520402,-0.172834352,-1.022562187,0.631077237,0.129954470,-0.179289363,0.026187365,0.013952244,-0.052683022,-0.066876890,0.135583019,-0.213908565,-0.033971630
190,9.535051372,0.600000000,0.000000000,0.300000000,0.068752747,-0.416780970,-0.298667726,-0.702785859,0.828776056,-0.125372697,0.673075912,-0.353018229,0.361559003,0.429335460,0.307757565,0.406877301,0.692394126,0.478697973,0.044493753,-0.439747383,-0.273481962,-0.725062229,0.803480158,-0.099710062,0.644521445,-0.370240520,0.338887682,0.452055896,0.284757334,0.389460448,0.717194928,0.509652336
191,9.585022353,0.600000000,0.000000000,0.300000000,-0.275308842,-0.857764621,-0.820068243,-0.224373869,-0.341216913,-0.141192829,-0.181942334,0.023888616,-0.001566172,0.152262654,-0.525658539,-0.083041892,0.158845112,0.459926073,-0.299111946,-0.880874143,-0.794753912,-0.246335323,-0.366019862,-0.115616087,-0.209872927,0.006876728,-0.024028968,0.174529817,-0.548466914,-0.100221828,0.183506495,0.489937712
192,9.634932122,0.600000000,0.000000000,0.300000000,0.173172320,-0.126802228,0.177105813,0.464390585,0.124216199,-0.062704875,-0.170611478,-0.297257508,0.162765296,-0.511461028,0.100387355,-0.481642970,-0.322905735,0.048176705,0.149776225,-0.150085434,0.202476338,0.442710159,0.099930514,-0.037277226,-0.198009718,-0.314130527,0.140488075,-0.489640222,0.077779775,-0.498637607,-0.298386871,0.077341150
193,9.684900312,0.600000000,0.000000000,0.300000000,0.207163681,0.095016895,-0.107686854,0.085807405,0.760869980,-0.286714857,0.749802119,0.295730023,-0.009092065,0.446107148,0.085346866,0.074351416,0.550218438,0.213173441,0.184094459,0.071541108,-0.082418985,0.064413270,0.737021644,-0.261454815,0.722861663,0.278935928,-0.031188148,0.467510157,0.062948720,0.057533189,0.574609318,0.241597304
194,9.734908048,0.600000000,0.000000000,0.300000000,-0.365564196,-0.035076860,0.334964400,-0.899555888,-0.120644809,-0.611781742,0.557154622,0.048374399,0.196547518,0.189626913,0.332906555,-0.645238232,0.392067418,-0.244595589,-0.388299255,-0.058726372,0.360131586,-0.920666203,-0.144079690,-0.586683750,0.530617900,0.031627260,0.174632337,0.210639063,0.310710754,-0.661889507,0.416339383,-0.216782475
195,9.784913548,0.600000000,0.000000000,0.300000000,-0.054831813,0.965519252,-0.383740112,0.278344057,0.601094849,-0.228147172,0.065505589,0.010380493,0.160352233,0.407489010,0.302873642,0.320984129,-0.810733322,-0.053111209,-0.077246400,0.941702704,-0.358707383,0.257505204,0.578042632,-0.203220480,0.039329503,-0.006334261,0.138611850,0.428131324,0.280888055,0.304494010,-0.786573438,-0.025804261
196,9.834873708,0.600000000,0.000000000,0.300000000,0.352308461,-0.081364968,-0.090844150,0.348522114,-0.060798079,-0.051182445,0.109369132,-0.292812554,0.098354790,-0.661726143,-0.223220193,-0.907264579,-0.464098137,-0.270786173,0.330216949,-0.105340169,-0.065951218,0.327948120,-0.083484799,-0.026429737,0.083506153,-0.309503503,0.076792584,-0.641431240,-0.245002925,-0.923594406,-0.440046223,-0.243894923
197,9.884860277,0.600000000,0.000000000,0.300000000,0.302858629,0.458324760,-0.128741741,-0.179217954,0.396724885,-0.376586914,0.204027754,-0.131935626,0.371077837,0.250315201,-0.139881347,0.126336258,-0.266337778,-0.530259672,0.281048056,0.434222301,-0.104005184,-0.199536397,0.374373898,-0.352016695,0.178480590,-0.148621183,0.349691698,0.270264538,-0.161455412,0.110137453,-0.242413522,-0.503739798
198,9.935353098,0.600000000,0.000000000,0.300000000,0.559384633,0.394622931,0.222054824,-0.226282411,-0.211501596,-0.244564168,0.500431695,-0.242848107,-0.138465121,-0.261079706,-0.778814651,-0.692773951,0.850479197,0.166203754,0.537778258,0.370444879,0.246631790,-0.246362152,-0.233560247,-0.220205121,0.475286662,-0.259550169,-0.159698130,-0.241475077,-0.800158746,-0.708900222,0.874243086,0.192379538
199,9.984886294,0.600000000,0.000000000,0.300000000,-0.238841423,-0.291580332,0.669250013,0.038461623,-0.749335650,-0.349996630,0.501482495,0.125592943,0.537150803,-0.127425320,-0.630166737,-0.204844002,0.262091392,0.295516125,-0.260277036,-0.315832249,0.693660201,0.018611820,-0.771136248,-0.325892718,0.476795611,0.108867196,0.516062493,-0.108151879,-0.651285421,-0.220916389,0.285666962,0.321401266
200,10.034956858,0.600000000,0.000000000,0.300000000,0.329141041,0.455677541,-0.467087999,0.520330762,0.020833316,-0.081214429,-0.058992093,0.347139699,0.556526109,0.020554097,0.487426841,-0.827305307,-0.063329003,-0.625470004,0.307863099,0.431370670,-0.442856846,0.500705976,-0.000734234,-0.057396590,-0.083180574,0.330392589,0.535570152,0.039502306,0.466553918,-0.843322424,-0.039946505,-0.599865117
201,10.084904484,0.600000000,0.000000000,0.300000000,0.126486733,0.526633879,0.425755207,0.463511895,0.560812901,-0.376307485,-0.143198898,0.392273746,-0.114165844,-0.220444693,0.450018654,0.535295668,-0.073903150,-0.131967618,0.105367641,0.502300156,0.449791156,0.444109602,0.539451667,-0.352795574,-0.166875178,0.375525921,-0.134993350,-0.201827858,0.429411453,0.519348777,-0.050710003,-0.106715773
202,10.135030920,0.600000000,0.000000000,0.300000000,0.118287394,0.448788673,-0.358840485,0.823554086,-0.111680758,-0.158877263,0.242357564,-0.389470373,0.361022709,0.584838240,0.277659110,-0.158667149,-0.069401758,-0.397496791,0.097281367,0.424459210,-0.334919068,0.804316948,-0.132892200,-0.135604132,0.219093037,-0.406199070,0.340320990,0.603194722,0.257277834,-0.174569184,-0.046359597,-0.372609443
203,10.184894022,0.600000000,0.000000000,0.300000000,-0.070237683,0.264979515,0.373141513,-0.066872065,0.406130872,0.176111746,0.350605732,-0.165387878,0.069370335,-0.250537093,-0.046694897,-0.055171916,0.090098064,0.457661602,-0.091080926,0.240632465,0.396826270,-0.085891674,0.385077923,0.199081787,0.327836622,-0.182085590,0.048770035,-0.232519859,-0.066806273,-0.070965826,0.112954788,0.482212336
204,10.234898673,0.600000000,0.000000000,0.300000000,-0.402403010,0.103804622,0.042563283,-0.296292120,-0.223839206,-0.077325598,0.165876098,-0.029999956,-0.101573918,0.160264735,-0.256177441,-0.521975820,-0.070649844,-0.182468162,-0.423061738,0.079460774,0.066089640,-0.315084790,-0.244708683,-0.054624815,0.143607287,-0.046655122,-0.122014292,0.177969980,-0.276023355,-0.537655302,-0.047977634,-0.158279155
205,10.284929841,0.600000000,0.000000000,0.300000000,-0.071598638,-0.003019125,-0.358747634,0.289737600,-0.122819457,0.128983422,0.435368090,0.155639179,0.126643266,0.134781438,0.245792680,0.277890604,-0.114882013,-0.236690042,-0.092096105,-0.027356152,-0.335414692,0.271156869,-0.143524406,0.151411221,0.413598423,0.139032071,0.106340983,0.152175105,0.226216045,0.262335724,-0.092401991,-0.212869709
206,10.334934511,0.600000000,0.000000000,0.300000000,0.035174845,0.637125307,0.612676177,0.448268645,0.564923280,-0.232495601,0.072677223,-0.453269700,-0.516099727,1.000000000,0.258829262,0.141342229,-0.350745176,0.271112562,0.014843000,0.612803291,0.635833172,0.429899110,0.544381012,-0.210329753,0.051396891,-0.469814776,-0.536258422,1.017104760,0.239514667,0.125926850,-0.328460782,0.294564939
207,10.385129506,0.600000000,0.000000000,0.300000000,0.178467509,0.228192963,-0.619800085,-0.258588013,0.687348681,-0.065706584,0.611095486,-0.044502266,0.086181795,-0.065077650,0.804737666,-0.620207137,0.528983960,0.325137323,0.158296286,0.203887014,-0.596826233,-0.276752553,0.666960679,-0.043797137,0.590294979,-0.060983792,0.066164098,-0.048260041,0.785685773,-0.635472929,0.551071622,0.348227678
208,10.435309782,0.600000000,0.000000000,0.300000000,0.004644996,0.661313928,0.166590585,-0.437383282,-0.465452147,-0.274134728,-0.232039776,0.376419056,-0.565789411,-0.482295854,-0.456199369,0.057800073,0.433439025,0.109434549,-0.015364071,0.637030407,0.189386961,-0.455342916,-0.485688906,-0.252469051,-0.252368905,0.360009096,-0.585664829,-0.465749774,-0.474995113,0.042694254,0.455328134,0.132169482
209,10.484933778,0.600000000,0.000000000,0.300000000,0.287578159,-0.337045846,-0.076973960,0.230524738,-0.180223655,-0.100175397,0.374157032,-0.163042008,0.024782167,-0.563684437,-1.000000000,0.375546430,-0.213531161,0.249207902,0.267730101,-0.361306641,-0.054354526,0.212764657,-0.200312266,-0.078748729,0.354291081,-0.179377155,0.005048971,-0.547402201,-1.018539356,0.360608613,-0.191837862,0.271594371
210,10.535048047,0.600000000,0.000000000,0.300000000,0.076515648,0.190531723,0.122062470,-0.376722763,0.226135319,-0.371439739,-0.025505735,-0.451362714,-0.746102627,-0.174392769,0.036356321,-0.474845014,-0.258124305,0.250503554,0.056827329,0.166297497,0.144505491,-0.394286389,0.206192367,-0.350245467,-0.044916127,-0.467618696,-0.765695376,-0.158362549,0.018066237,-0.489607468,-0.236628296,0.272547732
211,10.584890197,0.600000000,0.000000000,0.300000000,-0.122569502,0.211206894,0.089372635,-0.383921888,-0.415453934,0.225548682,-0.080138729,0.029978586,0.202349794,-0.002163716,-0.928907470,0.487742622,0.169042774,-0.084381814,-0.142099662,0.187002483,0.111641703,-0.401291382,-0.435252848,0.246520146,-0.099102327,0.013804746,0.182899908,0.013622515,-0.946953613,0.473161685,0.190339765,-0.062673920
212,10.634913104,0.600000000,0.000000000,0.300000000,0.095033968,0.348547793,0.457874209,-0.078722893,-0.660026047,0.098811036,-0.747504471,0.433079177,-0.115445162,-0.587300206,-0.103438240,-0.714380364,0.098450065,-0.230078307,0.075660478,0.324374312,0.479969601,-0.095903123,-0.679683126,0.119563622,-0.766029319,0.416991801,-0.134754256,-0.571747941,-0.121244075,-0.728773809,0.119547842,-0.208700812
213,10.685204960,0.600000000,0.000000000,0.300000000,-0.000466594,0.798806092,0.885580226,0.173955832,-0.315478345,0.066744549,0.206356244,-0.497747148,-0.349597135,-0.120441816,0.608516144,0.400616399,0.506674414,-0.337005645,-0.019684236,0.774664855,0.907502706,0.156964179,-0.334996003,0.087285690,0.188263057,-0.513745795,-0.368766074,-0.105115593,0.590947342,0.386415154,0.527571801,-0.315952484
214,10.735077373,0.600000000,0.000000000,0.300000000,0.019044839,-0.151414462,0.110933297,0.835455999,0.512753815,-0.135166791,0.181833755,0.350354613,0.321803542,-0.029122372,0.507866543,-0.432683418,-0.292222314,0.196407245,-0.000018097,-0.175522192,0.132684533,0.818649098,0.493373821,-0.114833227,0.164164545,0.334447823,0.302772835,-0.014012925,0.490535403,-0.446688290,-0.271519944,0.217141578
215,10.784872620,0.600000000,0.000000000,0.300000000,0.100035733,-0.433367481,0.025963710,0.155681302,-1.000000000,0.144699855,-0.238507711,-0.462324596,-0.195316422,-0.054093678,0.495544559,-0.596957967,-0.530858327,0.072153847,0.081123928,-0.457439573,0.047550747,0.139052606,-1.019245412,0.164835895,-0.255767488,-0.478140184,-0.214208628,-0.039192622,0.478439075,-0.610768014,-0.510350261,0.092575410
216,10.834874546,0.600000000,0.000000000,0.300000000,-0.436317412,1.000000000,-0.275923686,0.317662716,-0.090442071,0.147480477,-0.093786126,-0.101612105,-0.154929417,0.587615210,0.230842971,-0.137984698,-0.002228203,0.263087799,-0.455080407,0.975964887,-0.254503235,0.301207325,-0.109555299,0.167421034,-0.110643737,-0.117332051,-0.173686906,0.602318065,0.213959687,-0.151596492,0.018085425,0.283204797
217,10.884896167,0.600000000,0.000000000,0.300000000,0.312332538,-0.250735107,-0.554766403,0.388363613,0.388369854,0.122593913,0.522417465,-0.178997530,0.050773877,0.099775532,0.079621165,-0.496304174,0.478063214,0.252427615,0.293718162,-0.274734181,-0.533510550,0.372082668,0.369387529,0.142346522,0.505954359,-0.194621834,0.032152553,0.114284922,0.062955973,-0.509715837,0.498182669,0.272246260
218,10.934934412,0.600000000,0.000000000,0.300000000,0.155974093,0.228693531,0.015298913,-0.707563946,-0.236796437,-0.286065640,0.345957858,-0.224670519,-0.310352880,0.478008550,-0.239324713,0.519486467,-0.418227208,0.453235292,0.137506791,0.204733118,0.036390577,-0.723676693,-0.255649004,-0.266499210,0.329883087,-0.240197900,-0.328841898,0.492330999,-0.255771037,0.506275843,-0.398297533,0.472760917
219,10.984936869,0.600000000,0.000000000,0.300000000,0.290573467,-0.348296158,-0.925921353,0.540047977,0.120033146,-0.312510849,0.622423001,-0.006175451,0.181856302,0.556287957,1.000000000,-0.976521640,0.629196110,-0.193566545,0.272252409,-0.372217610,-0.904992205,0.524101775,0.101309980,-0.293126368,0.606729273,-0.021603495,0.163502512,0.570432045,0.983763071,-0.989528867,0.648934902,-0.174329559
220,11.034869183,0.600000000,0.000000000,0.300000000,0.260791448,-0.696286695,-0.668662335,-0.300324303,-0.350625323,-0.269258390,0.015057852,-0.032985026,-0.020837660,0.230721725,0.207608459,-0.267494280,-0.191492218,0.074368057,0.242581650,-0.720161356,-0.647835766,-0.316142359,-0.369246093,-0.250009472,-0.000328435,-0.048334260,-0.039071119,0.244707714,0.191551579,-0.280345459,-0.171912671,0.093329822
221,11.084931507,0.600000000,0.000000000,0.300000000,0.228689801,-0.532801988,-0.745379721,0.612056674,-0.603794521,-0.462103268,0.232043432,0.054074800,-0.412453298,-0.138924681,0.432487424,-0.114212526,0.124334435,-0.174248413,0.210620519,-0.556649484,-0.724757009,0.596400518,-0.622301873,-0.443045642,0.217025472,0.038837536,-0.430576034,-0.125096957,0.416628589,-0.126852381,0.143722857,-0.155536587
222,11.135323038,0.600000000,0.000000000,0.300000000,0.100301837,-0.155670632,0.069055636,-0.278087643,0.874299346,0.062048760,0.233262166,-0.231292601,0.062376495,-0.131375247,0.534627762,0.110005505,0.193357777,0.016088641,0.082391930,-0.179480672,0.089535550,-0.293571815,0.855932314,0.080943157,0.218609528,-0.246433775,0.044394796,-0.117715204,0.518973351,0.097573711,0.212560183,0.034535289
223,11.185132523,0.600000000,0.000000000,0.300000000,-0.704394102,0.106969537,0.588909815,-0.376988713,0.042967433,0.022663098,-0.135857777,0.239606078,0.156694727,0.438924322,-0.491937999,0.017166033,0.741919672,-0.360979570,-0.722162492,0.083200257,0.609219569,-0.392316989,0.024730356,0.041382648,-0.150144817,0.224567312,0.138844371,0.452424595,-0.507389894,0.004941290,0.760933543,-0.342804598
224,11.234957159,0.600000000,0.000000000,0.300000000,0.007387463,0.075700261,-0.061896412,0.589705969,-0.411672227,-0.263604150,0.632487504,0.122798183,-0.265095809,0.023138544,-0.168879240,0.032421233,-0.010318671,0.368255631,-0.010236781,0.051974615,-0.041744493,0.574535236,-0.429777041,-0.245054236,0.618558326,0.107863761,-0.282816909,0.036483902,-0.184129360,0.020402960,0.008509313,0.386159043
225,11.284924500,0.600000000,0.000000000,0.300000000,0.221599621,0.661586184,0.223636490,-0.130844887,0.375542977,-0.027017841,0.377296257,0.063239914,-0.335976180,-0.063582654,-0.813107210,1.000000000,0.635601787,-0.194429785,0.204117020,0.637900080,0.243626774,-0.145858723,0.357565959,-0.008633362,0.363718174,0.048410819,-0.353564089,-0.050389469,-0.828165329,0.988187810,0.654238924,-0.176795097
226,11.334977663,0.600000000,0.000000000,0.300000000,-0.302458497,0.725169347,-0.433023517,0.325674446,1.000000000,0.016217444,0.249100527,0.307372594,0.182167776,-0.328939014,0.069057762,1.000000000,0.167555468,0.096071384,-0.319800465,0.701528055,-0.413192441,0.310810445,0.982149810,0.034437438,0.235867760,0.292649274,0.164709482,-0.315895799,0.054193584,0.988391869,0.186003381,0.113441023
227,11.385218357,0.600000000,0.000000000,0.300000000,0.067845489,0.135814148,-0.239892026,0.126751754,0.687602035,-0.564241222,0.052157400,0.059404482,-0.039021647,-0.156439630,-0.100475423,0.865180053,-0.134936117,0.055847868,0.050643587,0.112215004,-0.220218438,0.112038541,0.669878421,-0.546182300,0.039264028,0.044788101,-0.056353931,-0.143541036,-0.115142235,0.853774491,-0.116669847,0.072956375
228,11.434920474,0.600000000,0.000000000,0.300000000,0.042544118,-0.308828813,0.476457269,-0.539940591,0.637070400,0.241453462,0.134502605,-0.322434983,0.591508194,0.202450154,0.424786911,0.540550294,-0.171249045,-0.063287570,0.025482186,-0.332384649,0.495974121,-0.554506283,0.619471305,0.259353335,0.121943263,-0.336944397,0.574309115,0.215208388,0.410299770,0.529345901,-0.153171183,-0.046436190
229,11.484988979,0.600000000,0.000000000,0.300000000,-0.477539563,-0.262834096,0.048318301,-0.046564796,-0.413337597,-0.172702125,0.144398709,0.167145518,0.208977355,0.499742222,-0.426167948,0.740794851,-0.123092967,0.156382778,-0.494465025,-0.286346474,0.067678659,-0.060986172,-0.430811725,-0.154957800,0.132166874,0.152742774,0.191901548,0.512361270,-0.440464603,0.729789216,-0.105197645,0.172980699
230,11.534941962,0.600000000,0.000000000,0.300000000,0.207565416,0.270501159,-0.331640517,-0.241679165,-0.044381906,0.115956156,-0.129448173,-0.021838518,0.397603540,-0.019295777,0.089362325,-0.185935212,0.121176745,-0.484157749,0.190777900,0.247032134,-0.312433509,-0.255958063,-0.061731542,0.133545706,-0.141357721,-0.036133340,0.380656978,-0.006809298,0.075243614,-0.196743311,0.138888396,-0.467809763
231,11.585224827,0.600000000,0.000000000,0.300000000,0.249286846,-0.092777981,-0.117716616,0.298082908,-0.565550529,0.304406192,1.000000000,-0.151536863,0.464133108,0.042517384,0.358329745,0.037658343,0.081571755,-0.123030995,0.232634297,-0.116203594,-0.098663846,0.283943494,-0.582776463,0.321842352,0.988407267,-0.165724180,0.447310355,0.054873037,0.344392733,0.027045710,0.099103781,-0.106929327
232,11.635270420,0.600000000,0.000000000,0.300000000,-0.232686860,-0.030432913,-0.042949388,0.377775616,-0.478132535,-0.382117590,-0.233264140,-0.235627168,0.124098946,0.479769446,-0.397136664,-0.205446279,-0.156030500,-0.378968920,-0.249207153,-0.053812610,-0.024043685,0.363770055,-0.495237373,-0.364828952,-0.244550680,-0.249709691,0.107400077,0.491998265,-0.410897697,-0.215870492,-0.138672093,-0.363109312
233,11.684840862,0.600000000,0.000000000,0.300000000,-0.157137401,-0.085023137,-0.018900692,0.402706621,-0.143506755,0.495370866,0.445281593,0.096235836,0.414649292,0.434246895,0.591389107,-1.000000000,0.226901831,-0.145150268,-0.173526615,-0.108361714,-0.000144632,0.388836418,-0.160492181,0.512513456,0.434296128,0.082259328,0.398072816,0.446353482,0.577795978,-1.010237418,0.244084785,-0.129526502
234,11.734911533,0.600000000,0.000000000,0.300000000,-0.078732802,0.125332545,0.006595294,0.150233139,-0.356957668,0.066295677,0.291067420,0.196923563,-0.145543829,0.009764407,0.159074842,-0.314320369,-0.380635349,0.192261446,-0.094992729,0.102038871,0.025204263,0.136491948,-0.373823709,0.083294961,0.280376885,0.183052028,-0.162000964,0.021751206,0.145651258,-0.324373538,-0.363625109,0.207653205
235,11.784940877,0.600000000,0.000000000,0.300000000,0.729800543,-0.617341858,0.211776329,0.106442555,0.222484400,-0.522905736,-0.066524478,0.058190972,0.044988343,-0.476323067,0.210272315,0.402224871,-0.518327835,0.257489376,0.713669751,-0.640591702,0.230239212,0.092829647,0.205737579,-0.506048151,-0.076925374,0.044423845,0.028653021,-0.464454060,0.197010856,0.392353135,-0.501491128,0.272652619
236,11.834971558,0.600000000,0.000000000,0.300000000,-0.513182553,0.081053840,-0.076806722,0.442955874,-0.009936734,-0.209906788,0.066539898,-0.184979023,-0.534341621,-0.340533087,-0.261922702,-0.071642749,0.198601631,0.135312080,-0.529215603,0.057848481,-0.058434302,0.429441831,-0.026590985,-0.193151337,0.056368608,-0.198666831,-0.550574046,-0.328772992,-0.275040330,-0.081379240,0.215300926,0.150257703
237,11.884921296,0.600000000,0.000000000,0.300000000,-0.230228709,-1.000000000,-0.013256223,0.136506651,0.732714471,-0.032619487,-0.489356586,-0.201050764,-0.555939758,-0.312833653,0.965649033,0.605367928,-0.074440552,0.067369317,-0.246139608,-1.023170225,0.004933509,0.123115357,0.716164468,-0.016017312,-0.499247196,-0.214621470,-0.572070526,-0.301168406,0.952680481,0.595815315,-0.057911990,0.082118765
238,11.934989658,0.600000000,0.000000000,0.300000000,0.011804063,-0.373875429,-0.432861802,-0.145558540,-0.655595635,0.062672394,0.024555455,0.048095940,-0.048478868,0.360997450,0.287327616,0.270452905,-0.259001501,0.390752259,-0.003967419,-0.397006589,-0.414802336,-0.158814853,-0.672017268,0.079143460,0.014942971,0.034623950,-0.064484542,0.372549896,0.274519463,0.261079165,-0.242637999,0.405293091
239,11.984957634,0.600000000,0.000000000,0.300000000,-0.174598888,0.390250263,0.750071504,0.107933783,-0.054836138,-0.148784269,0.575442075,0.127316747,-0.060033403,0.780924778,-0.356699875,-1.000000000,-0.001556133,-0.299230207,-0.190245023,0.367163350,0.767980755,0.094796360,-0.071135585,-0.132452999,0.566107979,0.113948302,-0.075921418,0.792371037,-0.369353588,-1.009198042,0.014636706,-0.284904556
240,12.035406760,0.600000000,0.000000000,0.300000000,0.100864016,-1.000000000,0.476946553,-0.623638753,-0.579649518,-1.000000000,0.520884112,-0.172181813,-0.972810861,0.120032210,-1.000000000,-0.247781707,-1.000000000,-0.657078210,-0.185546077,-0.142954230,0.595061196,0.311129209,-0.996969710,-0.010975540,0.498567518,-0.316581173,-0.090611693,0.280090723,-0.055551648,-0.519650562,-0.010210752,-0.204680655
241,12.084891816,0.500000000,0.000000000,0.300000000,0.363971112,0.016086191,-0.003510155,-0.957309141,-0.751200016,-1.000000000,-0.444254005,0.582795302,-0.670038069,0.463761199,-0.814243915,1.000000000,-0.424201132,-0.577029527,0.051826594,0.605469376,0.092373125,-0.231359317,-0.675028141,-0.078505278,-0.764564866,0.312021057,0.119122421,0.444042412,-0.133956077,0.776794285,0.526170312,-0.091578812
242,12.135066466,0.500000000,0.000000000,0.300000000,0.079109576,-0.985995365,-0.516968061,-0.225292243,-1.000000000,-0.378423195,0.830959177,0.341266986,-0.656276235,-0.254978426,0.577832128,0.075019991,-0.185732737,-0.271688978,-0.220215592,-0.760780720,-0.408604515,0.099265538,-0.653414994,0.182136614,0.443313456,0.068688925,-0.028941104,-0.298436187,0.974369521,-0.166209335,0.607809350,0.141287436
243,12.184917104,0.500000000,0.000000000,0.300000000,0.562450771,0.389625178,-0.533240349,0.109610449,-0.403648700,-0.019045713,-0.191830442,0.072442429,-0.561394356,0.042662828,-0.760432455,0.181946527,-0.631990898,-0.209453367,0.413626005,0.554142298,-0.363501416,0.231142926,-0.089601751,0.222665486,-0.392547027,-0.029429292,-0.195338748,0.096377461,-0.639825705,0.136089314,-0.244729329,0.156445838
244,12.235106491,0.500000000,0.000000000,0.300000000,-0.131524044,-0.415380600,-0.256993805,-0.156004428,-1.000000000,-0.050333290,-0.079750869,-0.170768973,-0.148648374,-0.430059770,0.089133079,-1.000000000,-0.571393962,-0.315013473,-0.134840159,-0.194100383,-0.032213424,-0.084414064,-0.822636560,0.143228636,-0.012678828,-0.074899320,0.040522463,-0.284507150,0.073660209,-0.876423940,-0.473918992,0.001355256
245,12.285391084,0.500000000,0.000000000,0.300000000,-0.528738644,-0.182555284,0.547376793,0.693443612,0.378774116,-0.222445559,-0.544169723,-0.112188472,0.261984154,0.056648700,-0.012847881,-0.193836601,0.755576955,-0.842689311,-0.473357547,0.017720525,0.738175016,0.680364160,0.500770899,-0.150489632,-0.322565182,0.009026275,0.322869591,0.134264684,-0.051959376,-0.069695899,0.849580528,-0.611808291
246,12.334926406,0.500000000,0.000000000,0.300000000,-0.470003230,0.303864981,0.070732998,-0.637804472,0.607133730,-0.306656952,-0.291612156,-0.153235095,0.105078049,-0.090667769,0.390236937,-0.217550799,-0.333838567,-0.340835699,-0.385027697,0.430735300,0.156395311,-0.622178490,0.679925291,-0.252511240,-0.020473905,-0.018415111,0.084735364,-0.061069924,0.364110545,-0.132387817,-0.278091039,-0.202033811
247,12.384907107,0.500000000,0.000000000,0.300000000,-0.580270967,-0.212202679,0.699632791,-0.065774119,0.766717653,-0.180223073,-0.129377033,-0.002520545,-0.897684417,-0.391940226,-0.590708568,0.156955514,-0.705848096,0.191433991,-0.489963128,-0.170887120,0.715309034,-0.051150510,0.813559967,-0.169886915,0.137532656,0.079206960,-0.962897799,-0.430085366,-0.579151334,0.200262990,-0.644637978,0.258710014
248,12.434981663,0.500000000,0.000000000,0.300000000,-0.093154845,-0.415199309,-0.476503492,1.000000000,0.391190882,-0.026515284,0.394872168,-0.106771979,0.307375939,-0.069146912,0.267167550,0.249573187,0.458018959,0.307069239,0.001283797,-0.414081907,-0.524999656,1.029477127,0.419156938,-0.005956768,0.637126470,-0.059506252,0.236138524,-0.110633943,0.300001100,0.294950855,0.517731462,0.323022901
249,12.484911674,0.500000000,0.000000000,0.300000000,-0.026695288,-0.162320627,0.183998198,0.372877822,0.383464773,-0.173773070,-0.121689470,-0.020464296,0.607427967,0.765195623,-0.385904116,-0.323463003,0.494351778,0.038389620,0.032433961,-0.174653795,0.086780839,0.404711914,0.381146123,-0.158511846,0.093729107,0.011827321,0.538359565,0.722920787,-0.333277421,-0.285285815,0.545314234,0.036586015
250,12.534969209,0.500000000,0.000000000,0.300000000,0.065744178,0.290323169,-0.464378654,-0.634235290,0.672877733,0.073984792,0.278795637,-0.024843408,0.342043523,0.268205911,-0.125557066,0.658425539,-0.055299578,0.327952561,0.105742437,0.272104337,-0.567588112,-0.594409318,0.651875247,0.092957237,0.454905934,0.003600053,0.285566177,0.229112152,-0.067915012,0.699498094,-0.009204091,0.313997218
251,12.584905930,0.500000000,0.000000000,0.300000000,-0.411398968,0.163342079,1.000000000,0.599928806,-0.789230856,-0.307469818,-0.161643236,0.082510649,-0.196277685,-0.314019766,-0.728477609,-0.498308350,-0.879201636,-0.130363211,-0.384225762,0.144534243,0.905487977,0.638873158,-0.827068857,-0.287137623,-0.023407458,0.110843693,-0.233311470,-0.349069596,-0.673739207,-0.461985108,-0.839384415,-0.149344310
252,12.634867348,0.500000000,0.000000000,0.300000000,0.252112843,0.210224471,-0.096735458,1.000000000,-0.024724941,-0.139175816,-0.022103126,0.336643345,-0.213930031,1.000000000,-0.274938561,-0.198653604,0.492282838,-0.015449410,0.271388750,0.192735900,-0.176579329,1.036658872,-0.057192951,-0.115814696,0.082648707,0.367165408,-0.232660819,0.969567617,-0.227923866,-0.166459757,0.526399464,-0.038019227
253,12.684983399,0.500000000,0.000000000,0.300000000,0.379259799,0.375027997,-0.233065463,0.018902421,0.261263213,0.204098176,0.857602656,0.161208466,-0.121685342,0.389334236,0.462169898,-0.441849412,0.417076493,0.044674684,0.396953997,0.361665209,-0.302643969,0.052749600,0.231429973,0.230648702,0.941631079,0.193147827,-0.130005778,0.360092490,0.503832546,-0.412456289,0.446352618,0.020340805
254,12.735260944,0.500000000,0.000000000,0.300000000,-0.097540158,0.381408219,-0.763233422,-0.896531184,0.353582831,0.130823210,-0.450546634,-0.308466443,0.385386546,-0.310933991,0.412878910,-0.088428816,0.037231294,-0.208649569,-0.080828496,0.376455086,-0.814423403,-0.864517570,0.328456564,0.163976021,-0.386648249,-0.274384190,0.393503420,-0.337544995,0.445594078,-0.062950663,0.061213780,-0.233780731
255,12.784924101,0.500000000,0.000000000,0.300000000,0.248472226,0.505271276,0.336585132,-0.243051207,0.080037242,-0.249869195,0.048091159,0.204229244,-0.192787970,-0.238176805,-0.568384276,0.023477928,-0.092144051,-0.023418554,0.266584468,0.506898841,0.299892244,-0.222869814,0.059419487,-0.222165662,0.096268457,0.239098401,-0.173182013,-0.264871166,-0.540778303,0.046037690,-0.069193692,-0.048169260
256,12.834908448,0.500000000,0.000000000,0.300000000,0.609667509,0.898900757,-0.491975959,-1.000000000,-0.340376386,-0.191729471,0.356194347,0.143909457,-0.317733521,0.595766216,0.741676213,-0.130801527,-0.260265601,-0.044467568,0.630326728,0.907784627,-0.519108589,-0.986492699,-0.354376129,-0.165420452,0.395033520,0.178567449,-0.293017595,0.568910680,0.766925934,-0.111597022,-0.237697528,-0.070516444
257,12.884908666,0.500000000,0.000000000,0.300000000,-0.066508796,0.331015701,-0.426170162,-1.000000000,-0.476091908,0.201442400,-0.230662330,-0.064096523,0.925391114,-0.275958589,-0.115524177,-1.000000000,-0.264627247,0.019826475,-0.047553869,0.345928775,-0.452821967,-0.991160179,-0.487581900,0.227846192,-0.195710774,-0.031400257,0.949350786,-0.304813002,-0.090155844,-0.984584584,-0.243451721,-0.008575678
258,12.934935054,0.500000000,0.000000000,0.300000000,-0.187963537,-0.663253068,-0.222030337,-0.453954369,-0.111024088,-0.029412117,-0.178802001,-0.073289127,0.112491090,0.283486778,-0.213185832,-0.235416464,0.077882685,0.310799796,-0.170837459,-0.645123475,-0.247215766,-0.448194273,-0.120991938,-0.004306626,-0.146302121,-0.042542729,0.136446741,0.254569586,-0.188299857,-0.222872922,0.097469127,0.282048212
259,12.984913140,0.500000000,0.000000000,0.300000000,-0.146928821,-0.137676339,0.252592151,-0.387940845,0.362289133,0.246414785,-0.147075584,0.326015403,-0.170205561,-0.375034267,0.523868309,-0.050210673,-0.511926804,0.106368115,-0.131437025,-0.118112448,0.227657917,-0.383866759,0.353375475,0.270365623,-0.116596490,0.355208069,-0.146236410,-0.403496513,0.548247698,-0.039258638,-0.493860560,0.077898664
260,13.034921276,0.500000000,0.000000000,0.300000000,0.275166002,0.622682748,-0.204717997,0.981683276,0.297711019,0.361919721,-0.389349056,-0.108743405,-0.052199288,-0.490368806,-0.401232482,0.456106401,-0.371686948,-0.202499078,0.290065301,0.641337108,-0.229271009,0.985751081,0.290105758,0.384803470,-0.360529469,-0.080883145,-0.027820752,-0.518352935,-0.377327551,0.466087195,-0.354693094,-0.230708029
261,13.084867144,0.500000000,0.000000000,0.300000000,-0.323347159,0.059263794,-0.320018360,0.095305929,-0.128626072,0.103302458,-0.124440559,-0.449247727,0.236960469,-0.307925107,-0.083250017,-0.398402764,-0.582799373,0.339366898,-0.308882925,0.077399940,-0.344586555,0.099071088,-0.135209716,0.125245992,-0.096664854,-0.422416664,0.261617914,-0.335301608,-0.059801507,-0.389112530,-0.566807916,0.311316563
262,13.134926895,0.500000000,0.000000000,0.300000000,0.243162214,-0.020307392,0.050628212,0.566237885,0.589846405,0.000403928,0.017053443,-0.087419348,-0.352130429,-0.090338164,0.439053651,-0.953524194,0.080397950,0.166688224,0.257329179,-0.002572307,0.026066717,0.569842695,0.584130721,0.021673626,0.044151968,-0.061157989,-0.327317511,-0.117108074,0.462186726,-0.944685152,0.095516619,0.138849433
263,13.184937794,0.500000000,0.000000000,0.300000000,-0.372495532,-0.149660789,-0.018021218,0.297743972,0.184960490,-0.071404492,-0.469544575,-0.229106698,0.443459416,0.362075139,-0.209971392,-0.500619286,0.005668910,0.259339840,-0.358315376,-0.132255426,-0.042105158,0.301168666,0.180198349,-0.050731681,-0.442864783,-0.203189410,0.468366817,0.335733090,-0.187213867,-0.492156098,0.019912875,0.231812638
264,13.234973466,0.500000000,0.000000000,0.300000000,-0.225108338,0.157911951,-0.411427022,0.385553941,-0.998815911,-0.180200960,-0.370644623,-0.086170417,-0.227256234,-0.385424723,0.209969697,-0.074866100,0.076293946,-0.133800074,-0.210989957,0.175021615,-0.435114252,0.388744786,-1.002747730,-0.160132529,-0.344241328,-0.060492401,-0.202261611,-0.411438559,0.232336593,-0.066712254,0.089640034,-0.161052169
265,13.284901575,0.500000000,0.000000000,0.300000000,-0.343140719,-0.941628694,-0.327307510,-0.122041176,0.160074136,-0.250197569,0.251202236,-0.380565882,-0.190276074,0.573817776,0.290071511,0.991279353,0.111279753,0.068066119,-0.329073759,-0.924802124,-0.350551109,-0.119059645,0.156910880,-0.230702249,0.277380328,-0.355075438,-0.165201126,0.548051260,0.312064766,0.999164071,0.123758157,0.041056222
266,13.334931980,0.500000000,0.000000000,0.300000000,0.450423587,-0.420670755,-0.058550610,-0.465059545,0.322773272,0.063807900,-0.478127261,0.196906412,0.134496318,0.171488529,-0.035385464,0.837396758,-0.247417954,0.071464201,0.464400056,-0.404105963,-0.081390482,-0.462292619,0.320276152,0.082749926,-0.452125435,0.222241970,0.159631250,0.145937081,-0.013761240,0.845052311,-0.235785664,0.044654728
267,13.384941644,0.500000000,0.000000000,0.300000000,0.115397234,-0.062681073,-0.309383471,-0.498214929,0.050089520,-0.461234153,0.456425248,-0.037577168,0.118616675,0.156676292,0.085171851,0.050208879,-0.404352648,-0.180338560,0.129238382,-0.046351639,-0.331808588,-0.495687098,0.048174734,-0.442835225,0.482288596,-0.012431183,0.143741288,0.131465921,0.106442350,0.057732348,-0.393527347,-0.206970709
268,13.435283454,0.500000000,0.000000000,0.300000000,-0.507154071,0.897430298,0.415695653,0.625008654,-0.029358562,0.337589985,0.369692984,0.040122537,-0.065149162,0.515144240,0.127795436,-0.864544060,0.175338409,-0.377360282,-0.493440818,0.913534456,0.393664655,0.627304103,-0.030746980,0.355498268,0.395377160,0.065141600,-0.040024148,0.490399262,0.148698949,-0.857017440,0.185396935,-0.403788577
269,13.484913300,0.500000000,0.000000000,0.300000000,0.782464046,0.201970910,-0.127955450,0.355339254,0.618466333,-0.164394322,0.366730778,-0.053369903,-0.101875355,0.491401187,0.149215590,-0.033389456,-0.165927398,0.200421409,0.796056167,0.217873714,-0.149625074,0.357414100,0.617588457,-0.146920690,0.392173928,-0.028640504,-0.076756631,0.466845167,0.169762999,-0.025927309,-0.156572156,0.174188079
270,13.535029740,0.500000000,0.000000000,0.300000000,0.179434099,0.284576303,-0.294602155,0.172514584,-0.361324426,-0.116504917,0.040050881,-0.094314772,0.217143403,0.188621220,0.307432746,-0.064628923,0.631066820,-0.429343551,0.192915867,0.300267207,-0.315909581,0.174397049,-0.361700714,-0.099446070,0.065235028,-0.069791776,0.242279691,0.164360632,0.327609658,-0.057236265,0.639754529,-0.455413065
271,13.585066513,0.500000000,0.000000000,0.300000000,-0.005325561,0.689731931,-0.032950269,0.313464869,0.513049854,-0.169054524,0.158336618,0.211595141,0.352966466,0.426818177,-1.000000000,0.542706859,-0.204895978,0.282766543,0.008017450,0.705223453,-0.054071207,0.315173647,0.513030002,-0.152343153,0.183277621,0.235900576,0.378083863,0.402737586,-0.980050985,0.550044327,-0.196731351,0.256801169
272,13.634974012,0.500000000,0.000000000,0.300000000,0.393294722,-0.127347211,0.258470013,-0.774040418,-0.480932160,0.063873774,0.161177363,0.019227808,-0.077131736,-0.622587145,0.565249141,-0.563918707,-0.088994186,0.006055226,0.406619230,-0.112044226,0.237796889,-0.772480905,-0.480468052,0.080246684,0.185837866,0.043343691,-0.052001971,-0.646397098,0.584801791,-0.556660994,-0.081401102,-0.019770111
273,13.684888718,0.500000000,0.000000000,0.300000000,-0.185734459,-0.829133344,0.154434813,-0.096369972,0.760340802,-0.001126130,-0.304231173,-0.169747933,-0.053030648,-0.287184365,-0.630694595,0.312559160,0.106145482,0.014599261,-0.172542042,-0.814047180,0.134055417,-0.094994674,0.761208388,0.014893088,-0.279864597,-0.145851850,-0.027909058,-0.310749242,-0.611477497,0.319730831,0.113165646,-0.011037635
274,13.735001018,0.500000000,0.000000000,0.300000000,0.228767803,-0.050637933,0.337114245,-0.135382540,0.911204539,-0.193321007,0.242629401,0.006834217,-0.280795801,-0.090005900,0.345144724,-0.123964270,-0.294313518,0.186688204,0.241874576,-0.035782804,0.317086559,-0.134154256,0.912484708,-0.177645464,0.266696974,0.030503961,-0.255672589,-0.113302137,0.364006811,-0.116877539,-0.287843882,0.161266966
275,13.784972979,0.500000000,0.000000000,0.300000000,0.375567561,0.278059737,0.154710149,0.051200580,0.169566411,0.057854911,0.431231796,0.147401193,-0.006264134,0.364942300,-0.519161022,-0.464354039,-0.289135355,-0.054628306,0.388566095,0.292691650,0.134992500,0.052271507,0.171225635,0.073190982,0.455003378,0.170834320,0.018852133,0.341910356,-0.500637089,-0.457352784,-0.283195971,-0.079820824
276,13.835213542,0.500000000,0.000000000,0.300000000,0.526800349,-0.247988923,0.899219437,-0.380020444,-0.516073771,0.228831192,0.219025702,-0.141634338,0.012832753,-0.483733280,0.332782726,0.206112096,0.549652132,0.017356380,0.539699122,-0.233580943,0.879816009,-0.379090116,-0.514048754,0.243837963,0.242503314,-0.118437313,0.037945304,-0.506495640,0.350971646,0.213029149,0.555087158,-0.007599759
277,13.884870186,0.500000000,0.000000000,0.300000000,-0.101580085,-0.522104508,-0.366814067,-0.164221220,-0.078398079,0.034357234,-0.285390084,-0.375993429,0.334733788,-0.020759320,0.095936497,0.571039468,0.371678510,-0.545009432,-0.088784940,-0.507912550,-0.385917780,-0.163432379,-0.076027968,0.049040685,-0.262203087,-0.353035007,0.359835267,-0.043257306,0.113801495,0.577872013,0.376632957,-0.569724455
278,13.934937230,0.500000000,0.000000000,0.300000000,-0.350522222,-0.457299225,0.027719061,0.041938224,0.954477696,0.275882943,0.445333649,0.206361518,-0.612558166,0.335031561,-0.029460186,0.593425842,0.308914184,-0.340397232,-0.337828262,-0.443319827,0.008909308,0.042598513,0.957174826,0.290254146,0.468233564,0.229085146,-0.587470128,0.312800241,-0.011910278,0.600175935,0.313411428,-0.364867220
279,13.984924692,0.500000000,0.000000000,0.300000000,0.237064512,-0.105235047,0.076182793,0.085645624,0.063646918,0.151930873,0.247472196,0.103566518,-0.379703583,0.291811415,0.080331690,0.016934447,0.171734412,-0.373596476,0.249657950,-0.091463175,0.057658455,0.086185296,0.066650711,0.166001402,0.270088525,0.126055036,-0.354631724,0.269841298,0.097571704,0.023602200,0.175792766,-0.397817354
280,14.034904973,0.500000000,0.000000000,0.300000000,-0.125202435,0.358045848,0.604105334,-0.382460131,0.381636632,0.076957548,-0.145309186,0.144362132,-0.336123477,-0.053225207,-0.084703039,-0.747997904,0.215139720,-0.368949063,-0.112708357,0.371615385,0.585860477,-0.382037881,0.384930414,0.090734066,-0.122971934,0.166618471,-0.311070978,-0.074935901,-0.067763315,-0.741411456,0.218778642,-0.392917646
281,14.084877146,0.500000000,0.000000000,0.300000000,-0.082157283,-0.909187408,-0.029224843,-0.093757311,0.221857851,0.029660172,0.118754817,0.047205116,0.632698428,-0.689975452,0.177873783,0.495417877,0.212379793,0.481710722,-0.069762558,-0.895814977,-0.047198544,-0.093446179,0.225423620,0.043150082,0.140816876,0.069231480,0.657727175,-0.711428566,0.194523717,0.501924220,0.215618772,0.457996528
282,14.134902763,0.500000000,0.000000000,0.300000000,0.242311407,0.299759824,0.447957805,-0.476982287,-0.563398625,0.279286568,-0.044265917,-0.554384754,0.087004971,0.514186593,0.313797478,-0.705525171,0.124403372,0.544979708,0.254608149,0.312939617,0.430249336,-0.476775485,-0.559577319,0.292498279,-0.022476232,-0.532587177,0.112009049,0.492987726,0.330161551,-0.699097681,0.127260051,0.521522328
283,14.185222984,0.500000000,0.000000000,0.300000000,0.467933509,0.300423067,0.006658048,-0.125650933,-0.097828100,-0.149830907,0.174295826,-0.112289564,0.192429032,-0.491105155,0.538734811,0.057814367,-0.332508314,0.538278799,0.480131240,0.313415539,-0.010801015,-0.125543842,-0.093771941,-0.136887743,0.195819628,-0.090716635,0.217406306,-0.512055670,0.554829259,0.064165804,-0.330010333,0.515077721
284,14.235801948,0.500000000,0.000000000,0.300000000,0.269492035,-0.422473111,-0.197967313,-0.218692764,0.464153218,-0.431524210,0.206207145,-0.279002487,-0.218659285,-0.087956802,-0.189283826,0.019749538,-0.137641832,-0.040364931,0.281596819,-0.409662090,-0.215176999,-0.218676369,0.468431848,-0.418838139,0.227469752,-0.257651321,-0.193710507,-0.108662344,-0.173456355,0.026025481,-0.135487008,-0.063309281
285,14.284955390,0.500000000,0.000000000,0.300000000,0.015317118,-0.478204325,0.274113932,-0.183107914,-0.562579676,-0.105108009,-0.404057095,0.110370339,-0.467835320,0.268709466,0.142128515,0.544149520,-0.453468306,0.675073282,0.027328143,-0.465571374,0.257145812,-0.183176746,-0.558093805,-0.092671478,-0.383051984,0.131503421,-0.442916535,0.248246323,0.157696056,0.550350804,-0.451641217,0.652386819
286,14.335232144,0.500000000,0.000000000,0.300000000,0.090368273,-0.006008973,-0.021213253,-0.967501687,-0.662178082,0.370142171,0.170322631,-0.181048666,0.637846975,-0.157533742,-0.583290613,-0.391566679,-0.233217487,-0.048036267,0.102286216,0.006452479,-0.037945404,-0.967653928,-0.657498604,0.382334264,0.191074517,-0.160131897,0.662731754,-0.177758028,-0.567974574,-0.385439198,-0.231702800,-0.070463679
287,14.384910739,0.500000000,0.000000000,0.300000000,0.555800994,-0.044373247,0.511236170,-0.273540736,-0.060870400,0.250849309,-0.446479468,-0.077503624,0.171988139,-0.202569044,0.375801633,-0.320433125,-1.000000000,0.228558031,0.567614391,-0.032070766,0.494640147,-0.273763452,-0.056055965,0.262835981,-0.425942380,-0.056784224,0.196844431,-0.222598503,0.390938200,-0.314359546,-0.998735846,0.206359142
288,14.435200235,0.500000000,0.000000000,0.300000000,0.008350573,0.606619587,0.568664071,-0.249257904,0.466650984,0.101781246,0.109586370,-0.553665719,0.031580595,-0.007089571,-0.693049393,0.815964728,-0.088081310,-0.541515164,0.020119316,0.618773033,0.552360621,-0.249537886,0.471662914,0.113553864,0.129885326,-0.533143408,0.056405255,-0.026883081,-0.678176339,0.821962165,-0.087088982,-0.563467886
289,14.484915183,0.500000000,0.000000000,0.300000000,0.032186796,-0.269120807,-0.556214841,0.723366183,-0.919056174,0.004546017,0.067155842,0.202824742,0.780686038,-0.375698765,0.088706240,0.244177594,0.588301701,0.029480457,0.043847157,-0.257123085,-0.572314609,0.723005668,-0.913892211,0.016089188,0.087212082,0.223143379,0.805467036,-0.395263846,0.103344101,0.250101019,0.589012993,0.007784001
290,14.534921240,0.500000000,0.000000000,0.300000000,-0.073910098,-0.365873188,0.314794708,0.004546047,-0.643596701,-0.055202886,0.439518110,-0.256177347,-0.239242175,-0.340445699,0.674297961,-0.596869647,0.008285417,-0.380460396,-0.062334454,-0.354038104,0.298927301,0.004124422,-0.638278143,-0.043883002,0.459327639,-0.236067181,-0.214501907,-0.359780175,0.688702951,-0.591018475,0.008731304,-0.401894029
291,14.585198473,0.500000000,0.000000000,0.300000000,-0.174372418,0.301668145,1.000000000,0.385897188,-0.641440763,-0.022179127,-0.446489627,-0.238756388,-0.226439168,0.426268567,0.741992487,-0.340442033,-0.436352765,-0.103265193,-0.162891086,0.313347936,0.984342014,0.385408009,-0.635986683,-0.011080311,-0.426923838,-0.218855902,-0.201743747,0.407162889,0.756173945,-0.334661609,-0.436158931,-0.124434122
292,14.635301173,0.500000000,0.000000000,0.300000000,0.187325617,0.664389834,-0.433101919,0.105837341,-0.254517255,-0.087169862,-0.340557264,0.243483231,0.221733935,0.231999158,-0.551187345,-0.728516009,-0.395713207,0.259412575,0.198719238,0.675913451,-0.448546884,0.105292767,-0.248933494,-0.076282669,-0.321232783,0.263175898,0.246385982,0.213121629,-0.537230566,-0.722805358,-0.395761353,0.238510319
293,14.684998335,0.500000000,0.000000000,0.300000000,-0.156845561,0.255325719,-0.091603610,-0.357541472,0.373070297,0.232863617,0.281544918,-0.062883181,0.191499920,0.200042826,0.361581809,0.802572498,1.000000000,0.059833364,-0.145542074,0.266698267,-0.106844627,-0.358138975,0.378771386,0.243546449,0.300630653,-0.043398231,0.216102637,0.181388461,0.375325825,0.808212981,0.999723628,0.039198556
294,14.734945906,0.500000000,0.000000000,0.300000000,-0.063172364,0.818598801,-0.302785828,0.370839856,0.356063964,0.009670731,-0.121945259,-0.108802447,-0.580921672,-0.485633695,0.298044364,0.384406462,-0.555161134,-0.153978403,-0.051956045,0.829821633,-0.317825151,0.370192367,0.361873947,0.020152070,-0.103095117,-0.089522207,-0.556366209,-0.504064865,0.311575526,0.389978328,-0.555655510,-0.174345876
295,14.785016369,0.500000000,0.000000000,0.300000000,-0.177183687,-0.606782883,0.561654772,0.474983764,-0.196049508,-0.229424836,-0.330250212,0.168270226,0.083173016,-0.313133342,0.104811507,-0.271643955,0.719289276,0.142087690,-0.166055617,-0.595703620,0.546811526,0.474287600,-0.190139124,-0.219138875,-0.311633340,0.187346799,0.107678575,-0.331345361,0.118136028,-0.266140274,0.718586791,0.121987182
296,14.834995038,0.500000000,0.000000000,0.300000000,0.023072467,0.213263008,-0.248415687,0.039995757,-0.227744915,0.011386434,-0.397738980,-0.146529980,-0.272653284,0.286701120,-0.029398668,-0.296934687,-0.927690799,-0.589029684,0.034112817,0.224200339,-0.263067420,0.039253355,-0.221742490,0.021479639,-0.379352998,-0.127654666,-0.248199415,0.268706476,-0.016272433,-0.291498507,-0.928587357,-0.608864230
297,14.884956617,0.500000000,0.000000000,0.300000000,0.368696320,0.073561508,-0.522069359,0.364574902,-0.703760582,-0.254042353,-0.225014657,-0.349700075,-0.062718599,-0.235420436,-0.422397794,0.313020296,-0.564529893,-0.068756596,0.379650829,0.084360066,-0.536532855,0.363792550,-0.697673894,-0.244133889,-0.206857331,-0.331024574,-0.038318432,-0.253200602,-0.409469308,0.318389631,-0.565612954,-0.088325654
298,14.934979281,0.500000000,0.000000000,0.300000000,-0.288597124,0.206231863,0.185322356,0.334330157,-0.127586353,0.056310865,0.109914234,-0.319629562,-0.075715730,0.209074185,-0.877190427,-0.092085062,0.182706094,-0.523438089,-0.277728362,0.216893882,0.171041883,0.333508891,-0.121423523,0.066037247,0.127846180,-0.301152029,-0.051372042,0.191505243,-0.864449068,-0.086782080,0.181448571,-0.542741897
299,14.984944450,0.500000000,0.000000000,0.300000000,0.072119004,-0.369352560,0.999556146,-0.622097110,-1.000000000,0.178306408,-0.130323463,-0.003906795,-0.652949479,0.021012830,-1.000000000,0.280805543,0.241904870,-0.202361579,0.082903957,-0.358822699,0.985457281,-0.622954891,-0.993766869,0.187856234,-0.112614740,0.014375315,-0.628660974,0.003654587,-0.987449048,0.286043633,0.240478264,-0.221401851
300,15.034927094,0.500000000,0.000000000,0.300000000,-0.326392498,0.605344000,0.320420785,0.552619272,-0.355642508,0.086021763,0.301044587,-0.324680662,0.119239400,-0.097714369,0.043486201,0.620831374,-0.093751319,0.043266953,-0.315694051,0.615744518,0.306489629,0.551726138,-0.349349655,0.095399802,0.318534844,-0.306591427,0.143469824,-0.114869636,0.055863835,0.626006225,-0.095331616,0.024486785
301,15.084899630,0.500000000,0.000000000,0.300000000,0.110479961,0.168697015,0.135290324,0.705132141,0.790178987,-0.214765837,0.307161180,-0.309531689,0.194575680,-0.308467551,0.552861198,-0.542882420,0.221916892,-0.109579361,0.121098911,0.178971178,0.121530745,0.704212393,0.796528164,-0.205550765,0.324436769,-0.291631803,0.218749536,-0.325421340,0.565058674,-0.537770346,0.220186288,-0.128101404
302,15.134879058,0.500000000,0.000000000,0.300000000,-0.248300775,0.256163771,-0.261550389,0.668172832,-0.490569460,0.635587064,0.217358619,0.162673791,0.508408552,-0.165328581,0.025460747,0.530387686,0.117368642,0.711208141,-0.237764569,0.266314915,-0.275145489,0.667224139,-0.484172036,0.644641530,0.234421885,0.180386727,0.532522436,-0.182084531,0.037492025,0.535437587,0.115500098,0.692941953
303,15.184862574,0.500000000,0.000000000,0.300000000,-0.109539668,0.461779338,0.072302158,-0.427329691,-0.378976165,-0.265540574,-0.181409386,-0.188929511,0.054013679,0.354996670,-0.639694720,-0.486756585,-0.706427851,-0.083193249,-0.099083524,0.471810778,0.058869740,-0.428307136,-0.372534694,-0.256645300,-0.164556063,-0.171401918,0.078069922,0.338435886,-0.627834483,-0.481767964,-0.708429864,-0.101205612
304,15.235201308,0.500000000,0.000000000,0.300000000,0.064973141,-0.390914046,-0.680137981,0.091897534,0.085502270,-0.509278918,-0.472903313,0.306113067,0.140441117,-0.189813564,-0.443138004,-0.912870178,-0.460296037,-0.213663010,0.075349252,-0.381000470,-0.693405964,0.090898810,0.091983406,-0.500536920,-0.456260268,0.323456553,0.164431646,-0.206178815,-0.431439601,-0.907943775,-0.462424441,-0.231420720
305,15.284826937,0.500000000,0.000000000,0.300000000,0.111315222,-0.260371293,-0.087611339,0.959284684,0.217938851,-0.199177804,0.343194117,0.109668738,0.250573111,-0.103111590,0.236255459,-0.099107903,-0.442842923,0.217008589,0.121606711,-0.250566463,-0.100788291,0.958258348,0.224436795,-0.190566010,0.359661459,0.126846201,0.274518560,-0.119316748,0.247830945,-0.094225651,-0.445071388,0.199478155
306,15.334896694,0.500000000,0.000000000,0.300000000,-0.269002271,0.369959811,0.029553398,-0.623318231,0.866058291,-0.199688091,-0.396462235,-0.303092249,0.107667163,-0.292520808,0.648432189,-0.319974295,-0.222687383,0.139445412,-0.258761136,0.379662265,0.016571320,-0.624351928,0.872604989,-0.191210919,-0.380191007,-0.286083270,0.131550280,-0.308538178,0.659840788,-0.315154612,-0.225021243,0.122149332
307,15.384955688,0.500000000,0.000000000,0.300000000,0.121516732,0.099277734,0.606269668,-0.370650800,-0.472481243,0.125166225,-0.016930361,0.508484679,0.018915545,0.371030704,-0.469235554,-0.385224786,0.268562421,0.196022044,0.131668798,0.108871144,0.593426743,-0.371708778,-0.465917662,0.133497584,-0.000859330,0.525321019,0.042729908,0.355197799,-0.457978629,-0.380465421,0.266116072,0.178968291
308,15.434951299,0.500000000,0.000000000,0.300000000,-0.145143703,0.105497413,-0.399124898,-0.456604963,0.935245322,0.268322852,0.111599545,-0.226879148,-0.383780552,0.525286087,0.072260545,0.412961700,-0.104836165,0.340286437,-0.135067260,0.114981154,-0.411811967,-0.457679862,0.941828765,0.276510946,0.127468062,-0.210219501,-0.360033451,0.509636101,0.083367970,0.417661685,-0.107385420,0.323478646
309,15.484939560,0.500000000,0.000000000,0.300000000,-0.082879992,-0.079342552,0.394187606,0.378978135,-1.000000000,-0.407326271,0.142951942,0.183596408,0.574399779,0.068493834,-0.540771213,-0.307364735,0.155390336,0.053412811,-0.072882488,-0.069967655,0.381646783,0.377888648,-0.993403534,-0.399276495,0.158619231,0.200080745,0.598080235,0.053028332,-0.529811961,-0.302722797,0.152744209,0.036852206
310,15.534894347,0.500000000,0.000000000,0.300000000,0.099724802,0.804828851,-0.812954185,0.365508874,0.917977939,-0.085239070,0.250649122,0.088356034,-0.158216265,-0.561613606,-0.042294126,0.704923058,0.448738004,0.206513498,0.109644865,0.814098510,-0.825350623,0.364404367,0.924584135,-0.077325928,0.266117737,0.104664852,-0.134606901,-0.576897774,-0.031475615,0.709507278,0.446002858,0.190200118
311,15.585066213,0.500000000,0.000000000,0.300000000,-0.344490992,0.530592515,-0.145794693,-0.218095488,-0.181758681,0.156386165,-0.531143536,-0.090703731,-0.039731528,0.022730616,0.189373477,-0.573821731,-0.585804725,-0.024102646,-0.334647737,0.539756861,-0.158049279,-0.219211290,-0.175145989,0.164166813,-0.515872479,-0.074568823,-0.016191102,0.007626972,0.200049372,-0.569294365,-0.588624107,-0.040170615
312,15.635030683,0.500000000,0.000000000,0.300000000,-0.205901943,0.055767984,0.375930114,-0.170890774,0.644700076,-0.293946012,0.224665011,0.052095655,0.092908885,-0.032354685,-0.691389632,-0.579293322,-0.335909226,-0.061310010,-0.196134595,0.064829149,0.363815042,-0.172013163,0.651315391,-0.286291577,0.239741274,0.068058664,0.116379367,-0.047280308,-0.680852735,-0.574822520,-0.338809699,-0.077133648
313,15.684917295,0.500000000,0.000000000,0.300000000,-0.096450700,0.449418416,-0.496163651,0.019093958,-0.511580246,-0.177593922,-0.221365637,0.066828905,-0.506379624,-0.152446926,-0.221328499,-0.348301723,-0.742952091,0.119046486,-0.086759974,0.458379617,-0.508143127,0.017959857,-0.504966242,-0.170067055,-0.206482286,0.082620414,-0.482981284,-0.167198534,-0.210925206,-0.343887164,-0.745926295,0.103464612
314,15.734925163,0.500000000,0.000000000,0.300000000,-0.174851238,-0.565069177,-0.681844646,0.367111532,-0.636763951,-0.099431019,0.001451100,-0.044105605,0.106192605,-0.420938000,0.750695181,-0.340130807,0.223504827,-0.039075335,-0.165235755,-0.556207448,-0.693689681,0.365970025,-0.630153031,-0.092027349,0.016142655,-0.028482258,0.129521297,-0.435515400,0.760961831,-0.335771076,0.220458235,-0.054417686
315,15.784979529,0.500000000,0.000000000,0.300000000,0.298078622,0.097696835,0.086262801,-0.699896351,0.580487151,0.214335668,-0.080868685,0.047055029,-0.139316441,0.488436760,-0.512134590,-0.376010432,0.262848651,0.261251752,0.307618317,0.106463256,0.074548692,-0.701047454,0.587091529,0.221617431,-0.066366610,0.062511299,-0.116062095,0.474029854,-0.501993798,-0.371705253,0.259737582,0.246146760
316,15.834911716,0.500000000,0.000000000,0.300000000,-0.059080077,0.005668836,-0.032565171,0.107232890,-0.029650533,-0.295712952,-0.563549326,-0.103307475,-0.119165466,-0.043313978,-0.313666625,-0.166350507,-0.189175214,-0.235577065,-0.049614055,0.014338996,-0.044150223,0.106079984,-0.023056138,-0.288546935,-0.549234781,-0.088016524,-0.095982748,-0.057551940,-0.303656741,-0.162099180,-0.192349657,-0.250446717
317,15.884955387,0.500000000,0.000000000,0.300000000,0.761728877,-0.105441652,-0.013675690,0.247992868,-0.263473248,-0.029984121,-0.105838686,0.038018266,0.309835186,-0.162703973,-0.344886926,0.236970261,-0.158139569,0.164030430,0.771120490,-0.096863143,-0.025138644,0.246832914,-0.256891966,-0.022932457,-0.091707432,0.053146878,0.332942744,-0.176777838,-0.334993617,0.241169733,-0.161368014,0.149392321
318,15.935005072,0.500000000,0.000000000,0.300000000,-0.025184683,0.091208292,0.522219080,-1.000000000,-0.400245767,-0.199262625,0.726243114,0.252464612,0.686960187,-0.287037535,0.238653861,-1.000000000,-0.000414319,-0.237875134,-0.015863420,0.099695978,0.510880028,-1.001162279,-0.393677359,-0.192321172,0.740193720,0.267433549,0.709995745,-0.300948839,0.248425201,-0.995851757,-0.003694098,-0.252285318
319,15.984864862,0.500000000,0.000000000,0.300000000,0.016681238,0.631268374,-0.380880283,-0.480791955,-0.603639416,0.053812323,-0.674268844,-0.009988388,0.128178564,-0.118237068,-0.486029228,-0.304461282,-0.376819918,0.524645486,0.025930110,0.639667680,-0.392101399,-0.481955024,-0.597088978,0.060647439,-0.660496951,0.004823078,0.151140952,-0.131989012,-0.476375716,-0.300363866,-0.380149332,0.510460263
320,16.035373521,0.500000000,0.000000000,0.300000000,-0.415176063,0.268287805,-0.493589728,-0.440987324,-0.236488736,0.086424799,0.223441992,-0.337563341,-0.167359535,0.090205835,0.087364873,0.118891163,0.791000013,0.096262443,-0.405997884,0.276602053,-0.504692224,-0.442154028,-0.229957013,0.093153250,0.237037197,-0.322907901,-0.144472285,0.076610407,0.096907039,0.122937781,0.787627938,0.082299599
