step,source_elapsed_s,target_center_x,target_center_y,target_center_z,action_0,action_1,action_2,action_3,action_4,action_5,action_6,action_7,action_8,action_9,action_10,action_11,action_12,action_13,noise_0,noise_1,noise_2,noise_3,noise_4,noise_5,noise_6,noise_7,noise_8,noise_9,noise_10,noise_11,noise_12,noise_13
0,0.035511565,0.500000000,0.000000000,0.200000000,0.185668798,0.989745980,0.322508247,-0.952743866,-0.336219216,0.054296589,0.542809355,-0.375222623,0.996489796,-0.000540893,-0.937297213,-0.048919033,0.069642302,0.234271241,-0.006149186,0.000477260,0.004218878,0.007513724,-0.009306604,0.008530913,0.001866209,0.005434484,0.005450699,0.005174877,0.032239807,-0.007781490,0.000682284,0.031406922
1,0.084997476,0.500000000,0.000000000,0.200000000,0.131415843,0.984350258,0.261782674,-0.941969542,-0.217505348,0.048991552,0.550062554,-0.261113653,0.985330092,0.061201836,-0.932270187,0.046902714,0.326114444,0.136619442,-0.007107676,0.000536257,-0.003723236,-0.000273792,0.004595819,-0.015381815,-0.002640469,-0.010834465,-0.001690639,-0.003227879,0.021777672,-0.007675594,0.024765728,-0.007273278
2,0.135321282,0.500000000,0.000000000,0.200000000,0.118271145,0.984074410,0.176776876,-0.940591811,-0.278370053,0.216074726,0.554571205,-0.168466638,0.979523025,0.153226947,-0.945563928,0.091095968,0.400795214,0.085978949,0.001441794,0.000065621,0.000062232,-0.015569328,0.003240168,0.003057814,0.000632757,0.004790325,-0.005993404,-0.001394431,-0.009509102,-0.021686235,0.005311541,-0.011377467
3,0.184979455,0.500000000,0.000000000,0.200000000,0.082831349,0.987959859,0.100820557,-0.898600558,-0.316954293,0.348875513,0.555697517,-0.136548355,0.998127199,0.203979841,-0.927245207,0.116285224,0.506408726,0.085037740,-0.000412870,0.003705618,0.001244345,0.001483699,0.010396264,0.009927591,0.004823165,-0.004020005,0.013138629,-0.000615531,-0.016648002,-0.011820506,0.016010319,0.013652155
4,0.234956575,0.500000000,0.000000000,0.200000000,0.050466509,0.983293019,0.018471214,-0.877401982,-0.385870363,0.458166932,0.545551675,-0.102101898,0.979502485,0.238211975,-0.880961504,0.119760019,0.589067090,0.047738852,0.006813080,-0.001518347,-0.001835852,-0.016543661,-0.019124533,-0.000143881,0.004210728,0.008572833,-0.005685701,0.005470664,-0.008290436,0.003971745,0.011951435,-0.007297205
5,0.285016621,0.500000000,0.000000000,0.200000000,0.004752398,0.986540875,-0.058122758,-0.803111574,-0.392153113,0.570849136,0.527591311,-0.108381553,0.991103633,0.236885854,-0.818509116,0.058551503,0.669146490,0.044303128,-0.004699410,0.001069984,-0.000957411,-0.007622322,0.006140263,-0.001712307,0.001018607,-0.007443665,0.005296810,-0.004435993,-0.005543246,-0.023817340,0.016749275,0.001676337
6,0.334892758,0.500000000,0.000000000,0.200000000,-0.010755784,0.983209375,-0.129237934,-0.685588521,-0.406897239,0.664346799,0.505831423,-0.090033576,0.977885897,0.235539224,-0.729491785,0.034722838,0.722879253,0.056470068,0.002458348,-0.002804276,0.000829578,-0.005447430,0.011587777,-0.012509540,0.000938776,0.008137211,-0.008722727,0.000511345,-0.015586033,0.000549554,0.004814528,0.023577997
7,0.384929388,0.500000000,0.000000000,0.200000000,-0.015716986,0.985104604,-0.197570881,-0.473852415,-0.413098711,0.762307912,0.478094734,-0.100450751,0.989095846,0.222938547,-0.550066067,-0.026057676,0.784349512,0.025134789,0.000893316,-0.001135902,0.003111506,0.000035327,0.010456484,-0.004818708,0.003556259,0.001302052,0.001775244,0.004703740,-0.007614626,-0.006500362,0.007341813,-0.001502497
8,0.434905124,0.500000000,0.000000000,0.200000000,0.001894461,0.985222805,-0.271569255,-0.117921615,-0.389640086,0.826580518,0.441893246,-0.101796884,0.996398789,0.198418332,-0.262035763,-0.086057285,0.815265111,0.000005727,0.000249687,-0.000666928,-0.001662585,0.011914080,0.018981702,-0.010989613,0.004029836,0.005696494,0.008820099,0.000838188,-0.010564124,-0.002554441,-0.013407656,-0.029928795
9,0.484929239,0.500000000,0.000000000,0.200000000,0.030025965,0.985138598,-0.337303259,0.302020300,-0.375454641,0.893551033,0.387338760,-0.112448768,0.992025676,0.179104716,0.193987092,-0.107950812,0.889213109,0.061051439,-0.000414243,0.000426713,-0.001519539,0.002620000,-0.014983184,0.008411627,-0.000421730,0.000312484,0.005232575,-0.002644330,0.037296226,0.015888626,0.017801547,0.002710323
10,0.534962747,0.500000000,0.000000000,0.200000000,0.048759667,0.982814269,-0.372368775,0.631230316,-0.244389816,0.914656685,0.328379621,-0.128296924,0.993465828,0.170630774,0.513215270,-0.157483433,0.921467735,0.130354804,-0.003776966,0.000824170,-0.003937415,0.003222606,0.002274574,0.009840296,0.001173337,0.001151162,0.010149287,-0.000543126,-0.007643971,-0.006493960,0.021067514,0.000570727
11,0.585048484,0.500000000,0.000000000,0.200000000,0.069370436,0.971303742,-0.347910935,0.797197677,-0.060644063,0.906349398,0.250185304,-0.149631279,0.982507071,0.139101930,0.753702036,-0.204659387,0.893283716,0.245362830,-0.003047486,-0.003224153,-0.005638087,0.004318632,0.005670135,0.013254858,-0.001852519,0.003841025,0.009480915,-0.010710455,0.033220342,-0.014452323,-0.016426274,0.016718101
12,0.634915661,0.500000000,0.000000000,0.200000000,0.093981976,0.956930304,-0.256929906,0.851152193,0.145208137,0.820321578,0.144067063,-0.194743516,0.942687570,0.104087878,0.780447062,-0.246425283,0.909020309,0.309042631,0.002199697,0.002002085,0.003517596,0.004184973,-0.001215501,-0.006173950,0.001569181,-0.014812442,-0.001345576,0.003659870,-0.016554002,0.010714757,0.014175241,0.001384257
13,0.684920315,0.500000000,0.000000000,0.200000000,0.105355145,0.901967711,-0.170960933,0.840203751,0.387079665,0.638843043,0.029700339,-0.206495234,0.861357538,0.027748421,0.842839180,-0.341254885,0.840727376,0.318171723,-0.000806606,0.000913567,0.003473550,-0.003444981,0.019962409,0.012140794,0.002679259,0.010799265,0.009592978,-0.006468776,0.036596714,-0.018376882,0.003070282,-0.019819366
14,0.734905732,0.500000000,0.000000000,0.200000000,0.155990154,0.717938425,-0.127906415,0.759223846,0.526674607,0.164705681,-0.065075587,-0.239147113,0.498656474,-0.022784882,0.762426479,-0.333180740,0.645080218,0.323940211,0.003379956,0.000731351,0.001326871,-0.039670500,0.007822194,0.002033340,-0.005462873,0.011680229,-0.001097240,-0.003550154,0.006253822,-0.006820336,0.005707690,-0.006476349
15,0.784955885,0.500000000,0.000000000,0.200000000,0.276991285,0.256873191,-0.139005369,0.724133846,0.633712785,-0.295946784,-0.113591837,-0.230299143,-0.176320319,-0.051066111,0.666715406,-0.191704620,0.195014897,0.276329952,-0.004771762,-0.001883894,0.004375750,0.001431045,-0.007311924,-0.004637308,-0.002343150,0.016657593,0.002811606,0.000863188,0.021971904,-0.008229558,-0.015837756,-0.009028298
16,0.834919162,0.500000000,0.000000000,0.200000000,0.453028576,-0.611605479,-0.249236471,0.553578061,0.690094093,-0.768207700,-0.016771555,-0.124228132,-0.795562138,0.049219802,0.399158611,0.179921575,-0.424395573,0.154777765,0.000919716,-0.000335945,-0.001869923,0.002093059,-0.004338106,-0.008825333,0.001963338,-0.002172184,-0.002272834,0.002342556,0.005767061,-0.014597468,-0.011001718,-0.025565014
17,0.884882450,0.500000000,0.000000000,0.200000000,0.562863127,-0.844830441,-0.379918613,0.386747869,0.513124167,-0.870939115,0.259446904,0.144775267,-0.906989822,0.217679154,0.220407104,0.446376138,-0.570865005,0.066519960,-0.006562098,0.000458670,-0.002817817,-0.013505963,-0.013244570,0.009856245,-0.001210406,0.001528661,-0.000864992,-0.004656170,0.005659228,0.001083337,0.018375606,0.009936142
18,0.934965736,0.500000000,0.000000000,0.200000000,0.554192934,-0.776313670,-0.208521018,0.327433252,0.238795979,-0.803815174,0.388209552,0.262377033,-0.862522450,0.250958560,0.197517156,0.364437469,-0.341691477,-0.031319864,-0.006919947,-0.000289865,-0.000869567,-0.001755542,-0.012576776,-0.013833451,-0.000489950,0.002276937,-0.009160247,0.008501125,0.008716583,-0.006898961,0.028988974,-0.028267579
19,0.984942630,0.500000000,0.000000000,0.200000000,0.429743404,-0.620999143,-0.147116842,0.212294729,0.121335855,-0.492016876,0.268520605,0.209862270,-0.637106270,0.092588391,0.036412168,0.167028463,-0.224182987,-0.036701665,-0.005666470,-0.001860783,0.006103484,-0.010973005,0.006688601,0.001639223,-0.001686889,0.000654139,-0.009018571,0.003728542,-0.014872555,-0.011743599,0.009292549,-0.009351819
20,1.034936036,0.500000000,0.000000000,0.200000000,0.200837074,-0.354410140,-0.231507169,0.106561158,-0.024495271,-0.121067752,0.120085656,0.114405012,-0.233394110,-0.022904393,0.006246505,0.084236107,-0.129051213,-0.069102870,0.009754775,0.002223464,-0.009138258,0.001672719,-0.001714419,0.016906004,-0.001554125,-0.005076082,-0.001680532,-0.001153634,-0.013472649,0.002890392,-0.008204457,-0.015811102
21,1.084923331,0.500000000,0.000000000,0.200000000,0.009509261,-0.101830146,-0.177854678,-0.042187403,-0.015953184,-0.088268500,0.030716748,0.058579709,-0.050045998,-0.072079659,-0.027004549,0.003578130,-0.057079336,-0.004211980,0.007944044,0.000199565,-0.005866325,-0.019597811,-0.003516367,-0.010179747,-0.003538880,0.008297853,-0.001301379,-0.002778791,0.002254324,-0.007559841,0.000681491,0.031985194
22,1.135020143,0.500000000,0.000000000,0.200000000,-0.047920678,-0.035125685,-0.134367127,0.001432403,-0.001881798,-0.038913460,-0.026473980,0.030371841,0.004478112,-0.069710300,-0.038989698,0.016234478,-0.034677246,-0.026588507,-0.000305139,-0.001044110,-0.006305356,0.008430228,-0.001883746,0.003039970,-0.004363292,-0.003152240,0.000537478,0.002367995,0.003380014,-0.003793692,0.018116313,-0.000867408
23,1.184979357,0.500000000,0.000000000,0.200000000,-0.027635711,-0.040463327,-0.077383006,-0.007247512,0.008004482,-0.046702907,-0.051504379,0.025490721,0.024592367,-0.073774590,-0.041920401,0.005074338,-0.011314974,0.004278872,-0.011173167,-0.002142026,-0.000405857,0.002797958,-0.013149525,-0.009841722,0.000914296,0.001835301,0.002549739,0.003247687,0.000570178,-0.010300415,0.018164181,0.018372232
24,1.234929410,0.500000000,0.000000000,0.200000000,0.002480759,-0.020581057,-0.053658290,-0.021026975,0.045355504,-0.042573297,-0.054853169,0.025791493,0.018784049,-0.053222062,-0.045396812,0.004537713,-0.053698455,-0.004885032,0.009114279,0.000773041,0.000842152,0.003621254,0.003478119,-0.014229547,-0.000248024,-0.002228446,0.003218385,0.001792943,-0.003520377,-0.004689502,-0.018246439,0.006283743
25,1.284909262,0.500000000,0.000000000,0.200000000,0.003776915,-0.013171336,-0.026948567,-0.015580039,0.041955003,-0.013969987,-0.048767879,0.032599221,0.001218931,-0.050396599,-0.021247178,-0.018246024,-0.002060966,0.005007714,-0.002121999,-0.000465112,0.006207508,0.015469030,-0.002401503,0.014020634,0.002086949,0.000823381,-0.006210038,-0.003958829,0.014068730,-0.024583425,0.025181434,0.012720029
26,1.334907994,0.500000000,0.000000000,0.200000000,0.006428051,-0.004106373,-0.025855309,-0.049843453,0.028610957,-0.034954606,-0.047242594,0.048774458,-0.003179089,-0.040399782,-0.020854680,0.013768102,-0.040570675,-0.022600062,-0.001806711,0.002692462,0.001307422,-0.017402098,-0.006616845,-0.008855287,-0.003286687,0.014913365,0.000515453,-0.001028552,0.010988710,0.006865881,-0.010633207,-0.018907623
27,1.385613864,0.500000000,0.000000000,0.200000000,-0.000306850,-0.005822547,-0.024103441,-0.018782770,0.035430383,-0.036731131,-0.040852508,0.043452164,-0.016774193,-0.034449653,-0.060141582,-0.002587780,-0.010105351,-0.037033678,-0.010779316,0.001441152,-0.001707351,0.011634052,-0.000414528,-0.011508226,-0.001828647,0.011087207,-0.004987389,0.002045299,-0.035217067,-0.010939173,0.013224650,-0.035170700
28,1.435389530,0.500000000,0.000000000,0.200000000,0.017920838,-0.010644763,-0.025706506,-0.007127959,0.027656114,-0.015427283,-0.036533965,0.033464356,-0.011290220,-0.027781652,-0.026155939,-0.018835005,0.003996691,-0.010620938,0.005438903,-0.000891038,-0.003515056,0.019590596,-0.005225928,0.008707858,-0.001050728,0.003000931,0.007831066,0.005246839,-0.003108635,-0.028836353,0.025812701,-0.009307089
29,1.484929814,0.500000000,0.000000000,0.200000000,0.021792722,-0.014880794,-0.023988558,-0.020746132,0.031642231,-0.006694437,-0.037434707,0.025150735,-0.019279858,-0.028917637,-0.019571994,0.014309468,-0.003764066,-0.010500192,0.007093755,-0.001253734,-0.002053671,0.002177416,0.000246133,0.016209238,-0.004478938,-0.003787920,0.002454743,0.002351507,0.001377558,0.003280351,0.015729518,-0.008963980
30,1.534935775,0.500000000,0.000000000,0.200000000,0.013955009,-0.017623714,-0.018525291,-0.039034895,0.048352518,-0.025195999,-0.032247989,0.025386413,-0.029982267,-0.033880153,-0.025029110,0.018293573,-0.006667890,-0.008588407,-0.002671619,-0.000094858,0.004059784,-0.019367886,0.018849463,-0.002512209,-0.001577581,-0.002377127,-0.007815063,-0.004236247,-0.004176880,0.006477629,0.011123843,-0.006533071
31,1.584947652,0.500000000,0.000000000,0.200000000,0.016549419,-0.019607762,-0.033447710,-0.019194444,0.038830705,-0.008858619,-0.029479539,0.016531633,-0.026718487,-0.022554240,0.009371724,0.010433840,-0.037762716,0.000628979,-0.001422590,0.000799840,-0.010145730,-0.002048989,0.010501610,0.013443759,-0.000471922,-0.010505723,-0.004304650,0.005977181,0.029675646,-0.001842454,-0.021537833,0.003169353
32,1.634977072,0.500000000,0.000000000,0.200000000,0.022931739,-0.018707841,-0.021536041,0.017658354,0.027685162,0.001155006,-0.030639400,0.038263999,-0.014210558,-0.023897273,-0.031001701,0.010979688,-0.032339980,-0.001571445,0.004306547,0.001532088,0.002142297,0.034518616,0.000205709,0.023121007,-0.002812558,0.011583299,0.008447259,0.004003318,-0.010818965,-0.001442019,-0.016954881,0.001229735
33,1.685376015,0.500000000,0.000000000,0.200000000,0.020173349,-0.018997049,-0.031014131,-0.026081042,0.004956541,-0.020807032,-0.029487717,0.034709761,-0.026681404,-0.024701124,-0.025089662,0.012328813,-0.017467812,-0.024344962,0.001646918,0.000984300,-0.006474379,-0.009823016,-0.020861526,0.000657007,-0.002744730,0.008242099,-0.003912482,0.002445681,-0.005417030,-0.000308033,-0.002971994,-0.021442574
34,1.734944419,0.500000000,0.000000000,0.200000000,0.023410420,-0.021236376,-0.017323735,-0.050085676,0.020809988,-0.014322984,-0.023772651,0.011134763,-0.021705849,-0.025799881,-0.015834114,0.007576842,-0.025486590,0.000096506,0.004580797,-0.001452643,0.006938246,-0.034326951,-0.004921054,0.006585253,0.002248118,-0.015194965,0.001303943,0.000749043,0.003584520,-0.005153240,-0.011828662,0.002900688
35,1.785004293,0.500000000,0.000000000,0.200000000,0.021837393,-0.018000490,-0.024622095,-0.027345807,0.032547949,-0.031661577,-0.027638579,0.020984464,-0.023489224,-0.025381088,0.009028108,0.020509646,0.000623826,-0.010140413,0.002857829,0.001580085,-0.000624531,-0.011907981,0.006771876,-0.011303197,-0.001983561,-0.005239598,-0.000319248,0.000681816,0.028210112,0.007818629,0.013565671,-0.007519498
36,1.834919996,0.500000000,0.000000000,0.200000000,0.013224693,-0.019990731,-0.026534479,0.013571026,0.039874618,-0.012989430,-0.025563319,0.016091969,-0.025601284,-0.028776980,-0.029783934,0.018058771,0.013384278,0.034902618,-0.005818805,-0.000628568,-0.002853043,0.028697542,0.014307492,0.006901152,-0.000204679,-0.009968798,-0.002288319,-0.002895287,-0.010816995,0.005629168,0.025771844,0.037330355
37,1.884925663,0.500000000,0.000000000,0.200000000,0.018122255,-0.018945137,-0.021405345,-0.023567190,0.038504119,-0.014940809,-0.024648621,0.030542297,-0.026465278,-0.026555023,0.000413576,0.025509595,-0.008631556,-0.026834517,-0.000884547,0.000217855,0.001922086,-0.008732880,0.013292649,0.004549148,0.000375998,0.004682798,-0.002996860,-0.000803389,0.019148795,0.013448293,0.003286678,-0.024609435
38,1.935038910,0.500000000,0.000000000,0.200000000,0.032568850,-0.018089313,-0.017307285,-0.026833137,0.031386595,-0.013558155,-0.023528936,0.035711723,-0.035565400,-0.019367446,-0.022347737,0.006822918,-0.009994691,0.007914145,0.013641853,0.000888765,0.005655444,-0.012279564,0.006600488,0.005577048,0.001147867,0.010023563,-0.011948596,0.006265280,-0.003828809,-0.004845228,0.001513742,0.009915935
39,1.984940042,0.500000000,0.000000000,0.200000000,0.020544609,-0.019227011,-0.018701223,0.026995243,0.032114144,-0.020778895,-0.020735796,0.033416527,-0.028594363,-0.019052833,-0.036349633,0.019074396,0.017692096,-0.021267620,0.001729717,-0.000431200,0.003887039,0.041283616,0.007790513,-0.001977880,0.003594131,0.007893751,-0.004830427,0.006465452,-0.018049975,0.007788564,0.028819422,-0.019499718
40,2.035003063,0.500000000,0.000000000,0.200000000,0.016784401,-0.019760609,-0.014356427,-0.022509713,0.023782482,-0.014550907,-0.021148377,0.031396129,-0.030454642,-0.034445662,-0.003687852,0.012001913,-0.001291500,-0.012223089,-0.001867818,-0.001158966,0.007857229,-0.008468083,-0.000036478,0.003915769,0.002834198,0.006029459,-0.006516424,-0.009207100,0.014387528,0.000998513,0.009458365,-0.010694387
41,2.084971047,0.500000000,0.000000000,0.200000000,0.018451077,-0.016083532,-0.029833556,-0.016586171,0.008193237,-0.007552418,-0.023197812,0.017862768,-0.036166189,-0.024389353,-0.015771115,0.008672663,0.008998375,-0.019085496,-0.000014220,0.002289084,-0.007987705,-0.002761162,-0.015098165,0.010571170,0.000446341,-0.007414744,-0.012063138,0.000427056,0.002088446,-0.002177423,0.019384185,-0.017814279
42,2.135124506,0.500000000,0.000000000,0.200000000,0.022384207,-0.015617766,-0.024634041,-0.001524499,0.037587551,-0.028583322,-0.024978908,0.015541793,-0.020440422,-0.015455473,-0.037831229,0.011120113,0.028856004,-0.011958571,0.004115585,0.002504505,-0.003145963,0.012085959,0.014842977,-0.010829389,-0.001661001,-0.009704626,0.003821613,0.008851802,-0.020185728,0.000306084,0.038892657,-0.010964314
43,2.185002479,0.500000000,0.000000000,0.200000000,0.021485783,-0.016869238,-0.023821205,-0.000667252,0.025908140,-0.018097145,-0.023718283,0.035211050,-0.023245986,-0.027406737,-0.024630583,0.014770842,-0.003272114,-0.025837832,0.003420895,0.000996099,-0.002669174,0.012733495,0.003712167,-0.000723894,-0.000705157,0.010063854,0.001165061,-0.003491791,-0.007185501,0.003987297,0.006423798,-0.025133104
44,2.234962595,0.500000000,0.000000000,0.200000000,0.022669908,-0.019606917,-0.030629900,-0.017700458,0.024951586,-0.009244773,-0.025776857,0.022186544,-0.016901493,-0.023818527,-0.000758143,0.019182323,-0.030886816,-0.014745573,0.004810553,-0.001984809,-0.009793053,-0.004516529,0.003285868,0.007757161,-0.003056697,-0.002811422,0.007645810,-0.000199529,0.016491821,0.008489247,-0.021532751,-0.014328855
45,2.284968229,0.500000000,0.000000000,0.200000000,0.022458457,-0.021375449,-0.015907234,-0.015032144,0.012717108,0.001568408,-0.024754976,0.019968189,-0.026828260,-0.024757932,-0.009086484,0.015966729,-0.043522991,0.021092277,0.004797344,-0.003973705,0.004625802,-0.002064349,-0.008440540,0.018222261,-0.002324489,-0.004895808,-0.002151067,-0.001444268,0.007987043,0.005387098,-0.034495129,0.021232378
46,2.335316333,0.500000000,0.000000000,0.200000000,0.023325859,-0.015619994,-0.017491350,-0.033709379,0.028186032,-0.019854314,-0.024968555,0.025165097,-0.019853421,-0.027684872,-0.032126476,0.018208910,0.006434361,-0.009582880,0.005859899,0.001566655,0.002741419,-0.020948907,0.007518401,-0.003535587,-0.002821674,0.000445373,0.004956139,-0.004655891,-0.015241067,0.007758160,0.015134408,-0.009706262
47,2.384951231,0.500000000,0.000000000,0.200000000,0.018434611,-0.016953304,-0.012642080,-0.008550756,0.002697399,-0.022653739,-0.018561161,0.035130971,-0.015198665,-0.023729705,-0.029389689,0.019533540,-0.010117526,-0.003987697,0.001160021,0.000025371,0.007297389,0.004005029,-0.017493237,-0.006657449,0.003305408,0.010554985,0.009733962,-0.000982641,-0.012677172,0.009218942,-0.001735566,-0.004362640
48,2.434878091,0.500000000,0.000000000,0.200000000,0.013450813,-0.016203042,-0.024497151,-0.017915205,0.038823118,-0.016308252,-0.018272946,0.026157538,-0.021967937,-0.021601160,0.015782363,0.014994544,-0.003954611,0.003819439,-0.003631707,0.000571814,-0.004843643,-0.005562558,0.019098101,-0.000630468,0.003318825,0.001729046,0.003085844,0.000876092,0.032318945,0.004821433,0.004114357,0.003202851
49,2.484969574,0.500000000,0.000000000,0.200000000,0.014293715,-0.014587243,-0.023733967,-0.033253621,0.021820418,-0.011697839,-0.024480523,0.026441420,-0.025243276,-0.029770062,-0.047050490,0.014467048,-0.007721129,0.015896912,-0.002600218,0.001986696,-0.004368135,-0.021103160,0.002554278,0.003667007,-0.003163037,0.002163608,-0.000068947,-0.007558751,-0.030693239,0.004442367,0.000033876,0.015047136
50,2.534888360,0.500000000,0.000000000,0.200000000,0.009535121,-0.014459394,-0.018532960,-0.005753345,0.037784648,-0.015323270,-0.021550980,0.020839071,-0.035849186,-0.022415148,-0.037472547,-0.003801675,-0.033772763,0.015042440,-0.007176071,0.001947727,0.000629397,0.006271785,0.018903742,-0.000175573,-0.000460679,-0.003308091,-0.010600549,-0.000413483,-0.021187578,-0.013715562,-0.026241412,0.013973386
51,2.585012257,0.500000000,0.000000000,0.200000000,0.015966134,-0.014221880,-0.021946432,-0.017197560,0.011553655,-0.022430776,-0.016195312,0.002246521,-0.015897019,-0.016223736,-0.022671090,0.011596807,0.015521209,0.001471809,-0.000577502,0.002019406,-0.003077326,-0.005396958,-0.006918052,-0.007584984,0.004650716,-0.021754321,0.009375743,0.005531998,-0.006563667,0.001835553,0.022762734,0.000205405
52,2.635090977,0.500000000,0.000000000,0.200000000,0.005368631,-0.017222116,-0.011601197,-0.025120530,0.029987452,-0.018042871,-0.018612899,0.019819044,-0.030318273,-0.023017074,-0.046807535,0.017089580,-0.038396492,0.000289473,-0.011000203,-0.001154978,0.006999513,-0.013497242,0.011953061,-0.003461263,0.001968346,-0.004023339,-0.005035748,-0.001499142,-0.030812409,0.007484177,-0.031430416,-0.001176785
53,2.684939296,0.500000000,0.000000000,0.200000000,0.010235665,-0.015316623,-0.011409016,-0.011162836,0.014605663,-0.012018447,-0.019064231,0.030519440,-0.028734938,-0.015716435,-0.030657968,0.007519420,0.025908559,0.005633451,-0.005946009,0.000586464,0.006925710,0.000271321,-0.003000366,0.002299733,0.001259368,0.006834652,-0.003482696,0.005568820,-0.014767092,-0.001925839,0.032612298,0.003970647
54,2.735387859,0.500000000,0.000000000,0.200000000,0.020039540,-0.015031930,-0.016355276,0.016265541,0.017888452,-0.026304850,-0.020574604,0.025196308,-0.029227452,-0.023742128,0.002657756,0.016719896,0.017068717,0.006876721,0.004042244,0.000713751,0.001716798,0.027516214,0.000702859,-0.012238389,-0.000505077,0.001670828,-0.003998054,-0.002681631,0.018436335,0.007435912,0.023511503,0.005020828
55,2.784976890,0.500000000,0.000000000,0.200000000,0.009986421,-0.015940835,-0.019318607,-0.015559045,0.024320086,-0.027890079,-0.020188210,0.035703025,-0.033419130,-0.017300641,-0.015160015,-0.011965047,-0.019527620,0.026645122,-0.005830417,-0.000348076,-0.001506398,-0.004490739,0.007544327,-0.014071510,-0.000367658,0.012337926,-0.008216701,0.003539862,0.000512196,-0.021086444,-0.013338085,0.024601848
56,2.834982734,0.500000000,0.000000000,0.200000000,0.012034703,-0.015302669,-0.017935046,-0.026483807,0.027759549,-0.005989528,-0.018427099,0.022144610,-0.031197550,-0.025041833,-0.001883538,-0.017532930,0.008511486,0.008584150,-0.003603147,0.000141739,-0.000375825,-0.015594852,0.011384521,0.007584811,0.001148819,-0.001060655,-0.006014994,-0.004417572,0.013673753,-0.026492304,0.014448560,0.006359761
57,2.884938201,0.500000000,0.000000000,0.200000000,0.018050268,-0.015282490,-0.022658071,-0.022489156,0.014627806,-0.009742501,-0.016005587,0.025287503,-0.021133945,-0.024053862,-0.002698967,0.015507002,0.020791176,0.020379396,0.002587671,0.000014565,-0.005347593,-0.011773265,-0.001357227,0.003593762,0.003329664,0.002243783,0.004031047,-0.003638994,0.012748529,0.006709740,0.026483299,0.017980910
58,2.934962102,0.500000000,0.000000000,0.200000000,0.015627941,-0.016942368,-0.008397261,-0.022730349,0.019005451,-0.004715861,-0.016848373,0.014840711,-0.032081768,-0.014655817,-0.004886417,0.048411744,-0.016501773,-0.026397788,0.000340794,-0.001792025,0.008671621,-0.012184693,0.003401219,0.008384706,0.002250753,-0.008042265,-0.006925473,0.005553739,0.010441004,0.039776504,-0.011055646,-0.028963762
59,2.984946630,0.500000000,0.000000000,0.200000000,0.008931156,-0.016412763,-0.018915798,-0.005903989,0.018403675,-0.014966744,-0.020840126,0.025166284,-0.028737113,-0.015520362,-0.019876605,0.000975895,0.012493309,0.024638387,-0.006185784,-0.001406957,-0.002086548,0.004469890,0.003170261,-0.002101515,-0.001973568,0.002444649,-0.003587520,0.004488690,-0.004664552,-0.007498662,0.017700130,0.021910833
60,3.034960585,0.500000000,0.000000000,0.200000000,0.023644819,-0.016373776,-0.011093457,0.009417764,0.017409574,-0.019768295,-0.018937848,0.027516182,-0.024088147,-0.019190587,-0.000705509,0.033229688,0.017678802,-0.012665389,0.008698130,-0.001509545,0.005503712,0.019627428,0.002538972,-0.007132239,-0.000300114,0.004957094,0.001056160,0.000624931,0.014389508,0.024915844,0.022650936,-0.015548346
61,3.084917297,0.500000000,0.000000000,0.200000000,0.006236890,-0.011930603,-0.008628100,-0.010805690,-0.001014543,-0.000481678,-0.019684411,0.016333208,-0.026580076,-0.019098204,-0.037536058,-0.007811262,-0.005049794,0.003951611,-0.008542033,0.002789133,0.007738715,-0.000755534,-0.015533448,0.011931447,-0.001272672,-0.006064791,-0.001435026,0.000525431,-0.022564276,-0.015965585,-0.000313629,0.000919525
62,3.135045449,0.500000000,0.000000000,0.200000000,0.006529026,-0.010779938,-0.009858856,-0.002398666,0.020335016,-0.028704757,-0.017979988,0.026352979,-0.024334999,-0.017852638,-0.006331835,0.027498412,0.011221291,-0.006166634,-0.008082974,0.003800025,0.006289851,0.007496891,0.006157194,-0.016508396,0.000212903,0.004115149,0.000807646,0.001586800,0.008531669,0.019498484,0.015734211,-0.009341956
63,3.184901128,0.500000000,0.000000000,0.200000000,0.020231675,-0.015184243,-0.014781767,-0.005131940,0.013766172,-0.013467034,-0.017247226,0.024699146,-0.042989617,-0.019725787,-0.026215795,0.027319569,-0.001850395,-0.010030433,0.005783948,-0.000744113,0.001149809,0.004616460,-0.000082882,-0.001479393,0.000731517,0.002620589,-0.017846986,-0.000465453,-0.011471534,0.019472846,0.002438803,-0.013342569
64,3.234880285,0.500000000,0.000000000,0.200000000,0.016775525,-0.014073644,-0.012714670,-0.038164526,0.010051310,-0.019644805,-0.013935083,0.027720273,-0.026947995,-0.019571323,-0.016170416,0.001105591,-0.018035395,-0.019986213,0.002488772,0.000231213,0.003005588,-0.028566964,-0.003476706,-0.007865140,0.003832674,0.005800829,-0.001804426,-0.000487443,-0.001542239,-0.006589716,-0.013965433,-0.023429664
65,3.284851213,0.500000000,0.000000000,0.200000000,0.020133738,-0.015860690,-0.013245537,0.001996363,0.018483502,-0.012149827,-0.016048965,0.017061517,-0.032530427,-0.014715804,-0.005628830,0.021885475,-0.003903423,-0.031527931,0.006006574,-0.001692867,0.002266006,0.011449515,0.005268882,-0.000574757,0.001511165,-0.004698829,-0.007389886,0.004195539,0.008888684,0.014339737,-0.000045785,-0.035097243
66,3.334866334,0.500000000,0.000000000,0.200000000,0.011424407,-0.015182500,-0.009879191,-0.021098011,0.021915905,-0.009456799,-0.016570610,0.023681017,-0.020585051,-0.023762673,0.002979073,-0.013138458,-0.013885184,-0.009387319,-0.002542884,-0.001149282,0.005425036,-0.011791554,0.009011638,0.001914301,0.000781869,0.002081961,0.004553061,-0.005021011,0.017376182,-0.020533166,-0.010242358,-0.013077470
67,3.384911286,0.500000000,0.000000000,0.200000000,0.017795029,-0.015267698,-0.005654218,-0.022473703,0.038343756,-0.005894535,-0.014797069,0.024493002,-0.018361389,-0.021849595,-0.033863018,0.018839811,0.006606061,0.001291006,0.003978479,-0.001351685,0.009501955,-0.013257190,0.025695785,0.005337390,0.002382726,0.003024806,0.006791659,-0.003249519,-0.019527706,0.011558583,0.010087822,-0.002517206
68,3.435120044,0.500000000,0.000000000,0.200000000,0.012458028,-0.014010447,-0.013869185,0.003857855,0.009433045,-0.008159797,-0.013687011,0.020154726,-0.020421522,-0.021098013,-0.012779631,0.004342210,0.014373991,-0.001811053,-0.001218470,-0.000213978,0.001073637,0.012910015,-0.002941950,0.002861289,0.003308415,-0.001157272,0.004709337,-0.002655015,0.001417158,-0.002794364,0.017649299,-0.005720226
69,3.484907318,0.500000000,0.000000000,0.200000000,0.007632518,-0.013193538,-0.017411910,0.010189311,0.016413367,-0.014009902,-0.019660586,0.021568979,-0.026549028,-0.018804026,-0.012246285,0.050598548,-0.013984753,0.008397760,-0.005897074,0.000469233,-0.002663490,0.019110515,0.004328790,-0.003179871,-0.002866225,0.000416395,-0.001416150,-0.000520521,0.001839035,0.043607401,-0.010911145,0.004385778
70,3.534934563,0.500000000,0.000000000,0.200000000,0.017983893,-0.011483404,-0.015099124,-0.004234050,0.009721124,0.005980297,-0.018122217,0.023501546,-0.030323631,-0.014521930,-0.023497153,0.027297662,-0.010493039,0.002647421,0.004608976,0.002048455,-0.000544139,0.004553315,-0.002081393,0.016620286,-0.001525242,0.002507529,-0.005192430,0.003602885,-0.009529111,0.020450663,-0.007619522,-0.001465053
71,3.584921276,0.500000000,0.000000000,0.200000000,0.012959614,-0.012841809,-0.017640997,-0.032995698,-0.006460150,-0.012296017,-0.013474281,0.029331142,-0.021655271,-0.013226028,-0.013632906,0.005221531,0.005250194,0.029350957,-0.000261482,0.000555859,-0.003277169,-0.024339900,-0.017986511,-0.001843405,0.002928094,0.008496618,0.003477413,0.004742941,0.000220270,-0.001484033,0.007926272,0.025139750
72,3.634962296,0.500000000,0.000000000,0.200000000,0.020732548,-0.012484531,-0.021257772,-0.016335136,-0.011556774,-0.001628728,-0.016267217,0.031166744,-0.015084916,-0.018472098,-0.003717781,0.006389124,-0.023203027,0.012729863,0.007664877,0.000783506,-0.007080543,-0.007808291,-0.022811992,0.008641096,-0.000056450,0.010490535,0.010045468,-0.000657946,0.010025088,-0.000178372,-0.020717593,0.008422791
73,3.684924252,0.500000000,0.000000000,0.200000000,0.014126761,-0.012737905,-0.005002684,-0.020840896,-0.003508381,-0.002413007,-0.012723870,0.025663653,-0.024034794,-0.016095363,-0.009486244,0.008666685,-0.005896031,0.027022227,0.001210765,0.000400783,0.008989256,-0.012440486,-0.014500401,0.007676935,0.003297933,0.005146388,0.001096415,0.001568097,0.004141132,0.002235409,-0.003599751,0.022622524
74,3.734931496,0.500000000,0.000000000,0.200000000,0.010115556,-0.015092199,-0.013474461,-0.017454317,0.002332746,-0.005093973,-0.018844063,0.013058888,-0.029387658,-0.021540846,-0.019324079,0.002082954,-0.020163256,-0.019521620,-0.002650641,-0.002080567,0.000336301,-0.009181027,-0.008401620,0.004817575,-0.003009102,-0.007300775,-0.004258064,-0.004027901,-0.005806295,-0.004215349,-0.018049887,-0.024010617
75,3.785041058,0.500000000,0.000000000,0.200000000,0.023532596,-0.012539291,-0.015753195,-0.000921570,0.012545719,-0.008608326,-0.016604993,0.018210420,-0.028310879,-0.009548585,-0.017575940,0.011925723,0.005551180,-0.028000849,0.010916482,0.000342961,-0.002121034,0.007233480,0.002062462,0.001129819,-0.000953756,-0.001990909,-0.003182939,0.007818908,-0.004169209,0.005758903,0.007485110,-0.032574922
76,3.834955954,0.500000000,0.000000000,0.200000000,0.018420531,-0.012364360,-0.022924700,0.012188728,0.019550372,-0.007229520,-0.017158854,0.013214941,-0.026261541,-0.019324308,0.000894605,0.014014176,0.013767750,0.008251390,0.005953397,0.000391819,-0.009466747,0.020222587,0.009312518,0.002336443,-0.001688370,-0.006830554,-0.001133542,-0.002103144,0.014188405,0.007975501,0.015522941,0.003595712
77,3.884965713,0.500000000,0.000000000,0.200000000,0.011531005,-0.013012337,-0.014790915,-0.010099506,0.013279477,-0.007723333,-0.015321227,0.038408684,-0.024256913,-0.015516287,-0.016101894,0.018585064,0.010837927,0.006530568,-0.000790596,-0.000381560,-0.001506127,-0.002182852,0.003280576,0.001673815,-0.000029171,0.018520631,0.000868026,0.001564087,-0.002915422,0.012672836,0.012421711,0.001796423
78,3.935075389,0.500000000,0.000000000,0.200000000,0.017670525,-0.011467166,-0.020021128,-0.024994468,0.000562077,-0.008267829,-0.017116660,0.007445873,-0.029717486,-0.017192195,-0.014591649,0.007186054,-0.004198939,0.007455623,0.005494322,0.001038967,-0.006907166,-0.017190684,-0.009205170,0.000965927,-0.002000911,-0.012287774,-0.004594065,-0.000253356,-0.001515427,0.001397591,-0.002785252,0.002647137
79,3.984904757,0.500000000,0.000000000,0.200000000,0.010813165,-0.013735650,-0.020311157,-0.009102940,0.014258430,-0.014258353,-0.016541526,0.025417302,-0.013020068,-0.010294489,-0.021401683,-0.004030163,-0.005835464,0.007122018,-0.001218711,-0.001354012,-0.007360291,-0.001405036,0.004714656,-0.005181404,-0.001596685,0.005836139,0.012103599,0.006507239,-0.008431808,-0.009699897,-0.004586867,0.002242679
80,4.035258606,0.500000000,0.000000000,0.200000000,0.259989561,-0.842817940,-0.059766015,-0.928808586,0.432381134,-0.983667395,0.009603558,0.142790058,-0.867263843,-0.192730488,-0.955696387,0.224617176,-0.993666916,-0.442434779,0.001473488,-0.003064253,0.006526129,0.011213585,-0.004665334,0.003810086,-0.001818154,-0.000800050,0.010271202,-0.006243648,-0.008186800,-0.006596483,-0.005220442,0.004390636
81,4.084996231,0.400000000,0.000000000,0.200000000,0.244063040,-0.199043113,0.019909806,-0.803170816,-0.182716002,-0.861963870,0.236231951,0.330390733,-0.621424413,0.085307312,-0.758179336,0.209660563,-0.960086042,-0.505207634,-0.000759775,0.002879989,-0.005002484,0.009979769,-0.003917580,0.002835987,-0.000460895,-0.002652693,-0.004570759,-0.001450832,-0.015286951,-0.008187991,-0.032956535,-0.006098008
82,4.134949868,0.400000000,0.000000000,0.200000000,0.194576853,0.059248176,0.017973500,-0.482104905,-0.357980313,-0.400247643,0.281428820,0.312408002,-0.292780459,0.031964078,-0.526965465,0.183921469,-0.660148738,-0.417658132,-0.004900134,-0.000549331,-0.004777310,0.013882957,-0.002155604,-0.001390198,0.003182715,-0.008030830,0.000922441,-0.006314371,-0.012398745,-0.009978744,0.025184991,-0.012810480
83,4.184850907,0.400000000,0.000000000,0.200000000,0.094007414,0.032158917,-0.084163808,-0.243635690,-0.330469916,-0.121915647,0.153467143,0.122032872,-0.060921742,-0.082775511,-0.236906882,0.022106771,-0.163353481,-0.386347162,0.003862593,0.000886409,0.007716804,-0.002955025,-0.012412796,-0.009079398,0.003930876,0.005140788,0.011149415,0.007570878,0.005647380,0.000369559,0.009138844,-0.022034692
84,4.234938551,0.400000000,0.000000000,0.200000000,0.020664757,-0.121395381,-0.183443106,-0.065351839,-0.213748670,-0.033698566,-0.013180537,-0.078787484,-0.025683498,-0.174778002,-0.078978017,-0.118834263,0.097536552,-0.307465967,-0.001452483,0.000038466,0.004355692,-0.022990095,-0.017123497,0.009608850,0.001619050,-0.003068679,-0.003603624,0.000020233,-0.022652246,-0.010263203,0.014469641,0.018116418
85,4.284920177,0.400000000,0.000000000,0.200000000,-0.007750772,-0.210210649,-0.169316603,0.126347243,-0.136788797,0.022072940,-0.131730128,-0.162925503,0.031375298,-0.146286909,0.095330250,-0.177086923,0.133317328,-0.212860537,0.008700853,0.000803711,0.006603779,-0.019585193,-0.013405171,-0.023246822,-0.003831733,-0.014429576,0.004621518,0.003336634,-0.020322684,-0.021109897,0.013775765,0.023082274
86,4.334897417,0.400000000,0.000000000,0.200000000,-0.022949079,-0.197892676,-0.080895947,0.145988923,-0.063850542,0.028662791,-0.185325594,-0.116203501,-0.009181888,-0.034229627,0.116789717,-0.051009025,0.082615356,-0.125646658,-0.006576005,0.000399952,0.007702081,0.003958431,0.015125977,0.000680733,0.000614567,-0.002902775,-0.015738393,-0.002537293,-0.014562231,0.013361361,-0.020587389,-0.002544582
87,4.385147843,0.400000000,0.000000000,0.200000000,-0.044778311,-0.117072956,-0.047456684,0.115250513,-0.069927746,0.035304243,-0.208004550,-0.087712559,-0.024590197,-0.010876881,0.098443902,-0.047990187,0.068646387,-0.085129761,0.000224623,0.000956236,0.000378342,0.028802589,0.005013621,0.001898835,0.000566765,0.007652034,-0.011286765,-0.003534898,0.000576629,-0.009812805,0.001907357,-0.032964379
88,4.435058461,0.400000000,0.000000000,0.200000000,-0.054322527,-0.065429202,0.000190177,0.033866067,-0.026973342,0.038134039,-0.204246324,-0.036314058,-0.034318378,0.043613517,0.059666627,-0.000416391,0.040167357,0.005910700,0.010189875,0.000508220,0.000550554,-0.013986714,0.007909651,0.007497551,-0.001306277,-0.000451955,-0.010447772,0.001139821,0.001096410,0.013547421,0.007414269,0.021931646
89,4.484972123,0.400000000,0.000000000,0.200000000,-0.074091335,-0.030426169,0.036158393,0.017025482,-0.028435058,0.023741764,-0.190447673,-0.011506607,-0.020170445,0.028638871,0.018424588,-0.008716268,0.012286120,0.018335685,-0.000698765,0.000361850,-0.000870631,0.000355492,-0.006141256,-0.000753504,-0.001520127,0.008494801,0.002972060,0.000847928,-0.005579784,0.013398851,0.001855685,0.009770268
90,4.534921530,0.400000000,0.000000000,0.200000000,-0.060012371,-0.027597006,0.056271363,-0.007636171,-0.013284519,0.025275015,-0.160507777,-0.006032750,-0.026143417,0.025380660,-0.011715812,-0.026147569,0.011077218,0.053751616,-0.002431084,0.000523489,-0.003593441,-0.008746147,-0.005308563,0.013205847,0.000349096,0.011144407,-0.006585334,0.001622943,-0.007809844,0.004065493,0.023155169,0.026536770
91,4.585039355,0.400000000,0.000000000,0.200000000,-0.048645653,-0.015120613,0.065961890,-0.020253675,0.006616221,-0.007700538,-0.123450534,-0.028464951,-0.015050263,0.017307309,-0.017782210,-0.050682338,-0.007103231,0.030338848,-0.004338563,0.001223018,0.004569125,-0.002172777,-0.003878911,-0.006941704,0.000435694,-0.010486463,-0.001864540,0.000371694,-0.010560333,-0.015102668,0.010445749,-0.003731096
92,4.634942967,0.400000000,0.000000000,0.200000000,-0.042993227,-0.007608404,0.057701298,-0.035305588,0.030861556,-0.008807367,-0.092285103,-0.023329065,-0.021272268,0.014398395,-0.001381611,-0.027804753,-0.004510659,0.036233333,-0.008278469,-0.000429578,0.001586557,-0.008823585,0.003586215,0.001219489,0.000850507,-0.002999092,-0.003970161,0.004570792,0.003215848,0.005000455,0.008416406,0.005988785
93,4.684925756,0.400000000,0.000000000,0.200000000,-0.027453624,-0.003939495,0.050882860,-0.031080608,0.041637947,-0.008054562,-0.071569316,-0.013844937,-0.005542853,0.005877100,-0.001209415,-0.011613125,-0.027736998,0.027819478,0.001909388,0.000499087,0.000214363,-0.008118755,0.007360929,0.002117342,-0.000822522,0.006389469,0.013540634,-0.004254427,0.003135548,0.016367758,-0.019309697,0.000679879
94,4.735233985,0.400000000,0.000000000,0.200000000,-0.024542679,-0.008582502,0.054666453,-0.004906192,0.026667124,-0.019490602,-0.053727852,-0.027636352,-0.017398105,0.007688927,0.000622434,-0.007226253,0.005398991,0.024135204,-0.000230654,-0.000906749,0.008692333,0.011503330,-0.000466494,-0.010482051,0.000443528,-0.006280598,0.003762093,-0.001328303,0.004548205,0.018555319,0.011358476,-0.003844151
95,4.784908896,0.400000000,0.000000000,0.200000000,-0.022931501,-0.013842252,0.044505236,-0.022684871,0.021459829,-0.018964133,-0.042429308,-0.006430006,-0.024921817,0.008637884,-0.011273485,-0.021446087,0.001372654,0.071203890,-0.000393906,-0.001306098,0.004252979,-0.011474426,-0.004887106,-0.010719277,0.000313850,0.014679886,-0.002871857,-0.001784780,-0.006724276,0.001911800,0.006085290,0.043472104
96,4.834924400,0.400000000,0.000000000,0.200000000,-0.016041200,-0.016000345,0.028872194,0.011147780,0.029685168,-0.012771581,-0.035636810,-0.021206989,-0.014081984,0.012641061,-0.013948852,-0.015632857,0.019633392,0.035410164,0.006644808,0.000450068,-0.005064843,0.018615861,0.005098526,-0.005105695,0.000957972,0.001092334,0.008747699,0.002409215,-0.009510579,0.005374802,0.023618299,0.008386277
97,4.885173759,0.400000000,0.000000000,0.200000000,-0.024839645,-0.020716212,0.042383358,0.013943860,0.015009858,-0.002255147,-0.029216001,-0.015734085,-0.025939258,0.010780670,-0.031067669,-0.020974676,-0.005607386,0.042159341,-0.001547228,-0.000742101,0.012911677,0.018158886,-0.007698800,0.005091835,0.003557032,0.006972757,-0.002852367,-0.000190935,-0.026632958,-0.002253576,-0.001640539,0.015466870
98,4.934971927,0.400000000,0.000000000,0.200000000,-0.025047866,-0.022962389,0.035242122,0.011389731,0.014895086,-0.023776072,-0.034878436,-0.024172298,-0.023347427,0.010584767,0.007741081,0.005743424,0.006736819,0.031804516,-0.001135391,-0.000840991,0.008600137,0.013633071,-0.005395993,-0.016648453,-0.004602810,-0.001174691,-0.000174100,-0.000633907,0.012107635,0.022575757,0.011100626,0.004932108
99,4.984892661,0.400000000,0.000000000,0.200000000,-0.022758514,-0.024178028,0.030598685,-0.004851248,0.027532752,-0.016118800,-0.029172779,-0.035355565,-0.025773690,0.019440152,-0.014807477,-0.021184616,-0.012120258,0.032801578,0.001314891,-0.002351606,0.005143979,-0.002837832,0.009342748,-0.009230065,-0.000737118,-0.012565289,-0.002310413,0.008082245,-0.010602224,-0.005718229,-0.007155187,0.005599352
100,5.035023337,0.400000000,0.000000000,0.200000000,-0.028905480,-0.022796727,0.017693721,0.035808105,0.010414511,-0.008413425,-0.030594943,-0.022143808,-0.026064947,0.002000835,0.037088472,-0.020309589,-0.011692514,0.040418514,-0.005460699,-0.000867059,-0.007432058,0.037362105,-0.006317934,-0.001884388,-0.003324676,0.000110156,-0.002419423,-0.009334737,0.041057396,-0.005861631,-0.006428921,0.013037630
101,5.084873713,0.400000000,0.000000000,0.200000000,-0.034078384,-0.022340500,0.017930446,-0.011907750,0.010750948,-0.026264227,-0.028226038,-0.020201382,-0.031546226,0.011798628,-0.008442596,0.002894282,-0.008401240,0.032233726,-0.011260100,-0.000384453,-0.007213159,-0.010531521,-0.005106020,-0.020002305,-0.001608057,0.001537013,-0.007642387,0.000539086,-0.004681466,0.016665042,-0.002904808,0.004794404
102,5.135079907,0.400000000,0.000000000,0.200000000,-0.022071101,-0.022391224,0.033726579,0.004366113,0.018115895,-0.000178170,-0.020504564,-0.027617840,-0.014091056,0.006676385,-0.005129366,-0.003709149,0.012240497,0.012685862,0.000233058,-0.000499282,0.008720128,0.005627075,0.003131840,0.005818693,0.005589543,-0.006565373,0.010152913,-0.004762685,-0.001662887,0.009341955,0.017829402,-0.014611735
103,5.185407638,0.400000000,0.000000000,0.200000000,-0.015326680,-0.020811315,0.037708709,-0.018593345,0.019619632,-0.009225145,-0.026690818,-0.020384314,-0.027673905,0.013787107,-0.001725214,-0.024950007,0.027970830,0.028333204,0.006437701,0.001122688,0.012672361,-0.017436751,0.005385942,-0.003422840,-0.000898197,0.000175189,-0.003652578,0.002357386,0.001838732,-0.012539772,0.033727458,0.001228850
104,5.234909684,0.400000000,0.000000000,0.200000000,-0.030977889,-0.022322438,0.025010931,-0.004851454,0.010790794,0.004533744,-0.027022276,-0.023534097,-0.027673585,0.009700758,-0.013013868,-0.010115809,0.010237684,0.029548573,-0.009405070,-0.000389732,0.000371641,-0.003780638,-0.002558054,0.010186029,-0.001469286,-0.003417652,-0.003823375,-0.001767574,-0.009556315,0.001687233,0.016084103,0.002700668
105,5.285024469,0.400000000,0.000000000,0.200000000,-0.020424977,-0.022739215,0.021662159,-0.020974990,0.030635440,-0.007503874,-0.027798036,-0.019358055,-0.025221754,0.016903779,0.002279724,-0.025133961,-0.013500601,0.010700952,0.000896053,-0.000761217,-0.002715839,-0.020050504,0.018084103,-0.001948272,-0.002511812,0.000427128,-0.001494277,0.005440698,0.005689177,-0.013853851,-0.007565672,-0.015932454
106,5.335354698,0.400000000,0.000000000,0.200000000,-0.022126561,-0.024550704,0.033204221,0.004376557,0.013570879,-0.003272434,-0.023345715,-0.025839647,-0.022635800,0.019148566,0.017408946,-0.024694678,-0.012788101,0.021185814,-0.000985553,-0.002565808,0.009131278,0.005198315,0.001804374,0.002203487,0.001645421,-0.006402243,0.000952790,0.007610468,0.020747231,-0.013925258,-0.006777686,-0.005258059
107,5.384935537,0.400000000,0.000000000,0.200000000,-0.030693697,-0.022989145,0.023678730,0.006305315,0.009462627,-0.016793393,-0.025308156,-0.025133764,-0.016457685,0.015676974,-0.010174446,0.006366940,-0.010542927,0.032117374,-0.009739138,-0.001006872,-0.000123256,0.007014696,-0.001573921,-0.011390337,-0.000627175,-0.006000083,0.007000442,0.004105219,-0.006899490,0.016656656,-0.004478780,0.005832307
108,5.434910700,0.400000000,0.000000000,0.200000000,-0.013032731,-0.020790062,0.022531262,0.002218950,0.036628959,-0.006653447,-0.023168614,-0.026370782,-0.018836659,0.009860006,0.010024576,-0.019693899,0.004349735,0.028381666,0.007754679,0.001174875,-0.000992840,0.002831429,0.026289438,-0.001310217,0.001185736,-0.007544251,0.004491534,-0.001767270,0.013234951,-0.009867116,0.010455499,0.002236416
109,5.484925698,0.400000000,0.000000000,0.200000000,-0.018430734,-0.020982781,0.027880710,-0.011378815,-0.007638321,-0.005690051,-0.021943390,-0.026628486,-0.014958867,0.007807859,0.000021141,-0.008111695,-0.003951325,0.051884159,0.002191056,0.000957270,0.004621564,-0.010867523,-0.017320171,-0.000404875,0.002074011,-0.008088597,0.008241811,-0.003856137,0.003168515,0.001277318,0.002183153,0.025859689
110,5.535012799,0.400000000,0.000000000,0.200000000,-0.026234618,-0.023356429,0.020757342,0.003657050,0.001271174,0.005640869,-0.023443556,-0.018265171,-0.025995525,0.016256992,0.017421774,-0.039528887,0.001963132,0.007204748,-0.005771118,-0.001447926,-0.002239812,0.004078466,-0.007785836,0.010879704,0.000226041,-0.000006262,-0.002920034,0.004554326,0.020507651,-0.030556892,0.008118187,-0.018712385
111,5.584910249,0.400000000,0.000000000,0.200000000,-0.017979276,-0.021495127,0.024539256,-0.001399044,0.004413014,0.001369182,-0.025726153,-0.006648445,-0.017393404,0.005895390,-0.025887535,0.012398450,-0.007413083,0.007470011,0.002326561,0.000360101,0.001795982,-0.001055822,-0.004058515,0.006567547,-0.002403256,0.011330519,0.005571977,-0.005835503,-0.022868548,0.020966386,-0.001245958,-0.018311337
112,5.635013526,0.400000000,0.000000000,0.200000000,-0.015108962,-0.021566108,0.025245204,0.000313255,0.009170132,-0.000075776,-0.020686193,-0.032222794,-0.023370982,0.015136627,0.012164985,-0.012300779,-0.007098262,0.011833662,0.005040105,0.000225881,0.002752559,0.000590294,0.001252815,0.005088905,0.002298844,-0.014525313,-0.000507503,0.003389367,0.015112610,-0.004123391,-0.000926100,-0.013780121
113,5.684934058,0.400000000,0.000000000,0.200000000,-0.029009864,-0.022625508,0.025112740,-0.001286218,0.018318951,-0.009733886,-0.021459234,-0.018891821,-0.019846401,0.008231620,-0.005006525,-0.008785618,-0.003028572,0.059420691,-0.009019908,-0.000897847,0.002857448,-0.001073023,0.010919792,-0.004603223,0.001201515,-0.001467111,0.002919960,-0.003513665,-0.002121946,-0.000973687,0.003154422,0.033987771
114,5.734947301,0.400000000,0.000000000,0.200000000,-0.026421823,-0.020272248,0.018348951,0.001195253,0.004272586,-0.005228507,-0.018339140,-0.019389114,-0.009959003,0.006684487,-0.001840025,-0.012430892,-0.022592176,0.031483809,-0.006586479,0.001392291,-0.003665931,0.001350765,-0.002628304,-0.000129501,0.004006006,-0.002235585,0.012714047,-0.005055077,0.000972508,-0.004965125,-0.016404875,0.006241091
115,5.784850872,0.400000000,0.000000000,0.200000000,-0.023093862,-0.020296498,0.017545195,0.003155573,0.008817751,0.009067583,-0.020888393,-0.021491055,-0.034454867,0.011126790,0.014480179,-0.000152570,-0.017316607,0.027480329,-0.003416528,0.001304697,-0.004236641,0.003260645,0.002391144,0.014139597,0.001149039,-0.004599836,-0.011872776,-0.000596012,0.017228578,0.006987327,-0.011127325,0.002434511
116,5.834961170,0.400000000,0.000000000,0.200000000,-0.016573957,-0.021964379,0.021863961,-0.001511991,0.006816696,0.002842510,-0.028217862,-0.037222802,-0.014833206,0.009690308,0.013407620,0.011977176,-0.012549383,0.021372060,0.002948196,-0.000426678,0.000313922,-0.001452353,0.000842247,0.007889431,-0.006481507,-0.020589388,0.007661103,-0.002010898,0.016092362,0.018809200,-0.006359952,-0.003471497
117,5.884940692,0.400000000,0.000000000,0.200000000,-0.013740181,-0.019685217,0.023260160,0.011052432,0.002498671,-0.001629215,-0.022544876,-0.010553941,-0.027555401,0.011643894,0.000800932,-0.035399032,0.016051777,-0.004254849,0.005627119,0.001787768,0.001945995,0.011068082,-0.003034599,0.003392508,-0.001106672,0.005824724,-0.005149097,-0.000030986,0.003420392,-0.028861204,0.022233669,-0.028888562
118,5.935031733,0.400000000,0.000000000,0.200000000,-0.020882080,-0.022102438,0.020317034,-0.028241571,0.011337908,-0.002128884,-0.020570219,-0.012756919,-0.012866133,0.010311071,-0.011537387,0.005412858,-0.022250626,0.017560748,-0.001669508,-0.000672126,-0.000869774,-0.028274916,0.006120638,0.002872582,0.000624246,0.003426018,0.009486609,-0.001295310,-0.008969679,0.011732602,-0.016052776,-0.006895585
119,5.984954440,0.400000000,0.000000000,0.200000000,-0.023949367,-0.019511110,0.020581906,0.013848779,0.010464646,-0.013198112,-0.021128945,-0.023708846,-0.035538731,0.011680413,-0.017652801,-0.007782699,-0.009533961,0.051015989,-0.004846659,0.001852713,-0.000322145,0.013800630,0.005671333,-0.008209684,-0.000210252,-0.007781896,-0.013284823,0.000061152,-0.015143624,-0.001730376,-0.003347629,0.026769781
120,6.035347619,0.400000000,0.000000000,0.200000000,-0.021054952,-0.022304980,0.019838301,-0.015320387,0.005485942,-0.001077331,-0.022146318,-0.025377561,-0.028113232,0.015108596,-0.013486993,-0.006947194,-0.018020851,0.008532596,-0.002120037,-0.001002222,-0.000860032,-0.015412420,0.001068041,0.003883932,-0.001501361,-0.009667973,-0.005935178,0.003551748,-0.011032890,-0.001139554,-0.011856914,-0.015499766
121,6.085327536,0.400000000,0.000000000,0.200000000,-0.015365434,-0.024247413,0.027592976,0.002732629,0.010887556,-0.009984441,-0.023582873,-0.034874297,-0.027042133,0.014225550,0.000152714,-0.001832479,-0.020995666,0.011409474,0.003422339,-0.003010192,0.007124598,0.002615785,0.006843325,-0.005042996,-0.003213815,-0.019405527,-0.004946598,0.002701465,0.002549760,0.003735617,-0.014851607,-0.012400665
122,6.134959647,0.400000000,0.000000000,0.200000000,-0.013373232,-0.023454254,0.013590572,0.021582886,0.009485779,0.002229446,-0.021090714,-0.023441048,-0.023528520,0.012686704,0.015023444,0.015520377,-0.012033109,0.033957516,0.005258150,-0.002280825,-0.006667460,0.021434102,0.005788263,0.007147579,-0.000990035,-0.008193665,-0.001509696,0.001224652,0.017365058,0.020868836,-0.005911088,0.010372100
123,6.185007537,0.400000000,0.000000000,0.200000000,-0.022092756,-0.021911729,0.018002861,-0.016733117,-0.007253436,0.013580046,-0.022455188,-0.002336972,-0.026296312,0.013410717,-0.023585717,0.020198683,0.001993878,-0.001212914,-0.003611013,-0.000802154,-0.002040093,-0.016904633,-0.010616977,0.018480015,-0.002619166,0.012685538,-0.004352355,0.002002228,-0.021297597,0.025338115,0.008094994,-0.024569268
124,6.235078868,0.400000000,0.000000000,0.200000000,-0.018258228,-0.019801142,0.012538404,0.019502539,0.000510336,-0.005146387,-0.023551367,-0.017248226,-0.013312166,0.011441655,-0.010391451,-0.018186305,-0.016232772,0.041776730,0.000073465,0.001246681,-0.007294863,0.019307867,-0.002535575,-0.000265446,-0.003973348,-0.002441475,0.008556150,0.000096644,-0.008155411,-0.013243057,-0.010155095,0.018651994
125,6.284893134,0.400000000,0.000000000,0.200000000,-0.019281257,-0.022724171,0.025596331,-0.000102680,0.018596997,0.008798653,-0.018624267,-0.022681584,-0.026313687,0.015514148,0.008609506,-0.006235445,0.004637124,0.023684396,-0.001097906,-0.001740574,0.005969790,-0.000312455,0.015852862,0.013664537,0.000700751,-0.008087485,-0.004517410,0.004233621,0.010794883,-0.001477250,0.010689022,0.000793662
126,6.334973570,0.400000000,0.000000000,0.200000000,-0.027031812,-0.020028669,0.018526258,0.000420455,-0.002237027,0.008762176,-0.018702483,-0.023295483,-0.023020983,0.019893632,-0.007555196,-0.016363136,-0.003970795,0.029933388,-0.008995704,0.000891850,-0.000896102,0.000191100,-0.004692752,0.013607966,0.000374643,-0.008909094,-0.001298119,0.008681469,-0.005417071,-0.011778923,0.002055579,0.007277964
127,6.384949633,0.400000000,0.000000000,0.200000000,-0.015775249,-0.021775842,0.018111497,-0.003508863,0.009514450,-0.006022350,-0.017349409,0.010245155,-0.019546522,0.012288878,0.000414121,-0.017148888,0.008385012,0.011611323,0.002114606,-0.000919087,-0.001110407,-0.003753328,0.007333590,-0.001195506,0.001484333,0.024427954,0.002107844,0.001148292,0.002502179,-0.012728644,0.014382553,-0.010807740
128,6.434963526,0.400000000,0.000000000,0.200000000,-0.008028507,-0.021557692,0.028103738,-0.004891098,0.010910646,-0.005922142,-0.014382712,0.001498808,-0.020935581,0.011001912,-0.004574575,-0.004206768,-0.003074514,0.031443110,0.009716541,-0.000765342,0.009079932,-0.005144861,0.008991479,-0.001110318,0.004212158,0.015482917,0.000650399,-0.000064237,-0.002534722,0.000059058,0.002890574,0.009261983
129,6.485220131,0.400000000,0.000000000,0.200000000,-0.013629433,-0.021161940,0.019821463,-0.001086836,-0.002736872,0.005302051,-0.019339866,-0.014405314,-0.022068090,0.010368741,-0.010407762,-0.004434019,0.026970318,0.009374851,0.003971953,-0.000432281,0.000993598,-0.001350493,-0.004407399,0.010098072,-0.000978745,-0.000616051,-0.000550800,-0.000621272,-0.008410825,-0.000313864,0.032904487,-0.012567401
130,6.534974640,0.400000000,0.000000000,0.200000000,-0.021550243,-0.019350201,0.010594985,0.005284507,-0.006898251,-0.013403222,-0.022548156,-0.008809757,-0.030641024,0.011355757,-0.008504707,0.005597341,-0.013426293,0.053411523,-0.004091173,0.001317138,-0.008047433,0.005009212,-0.008337184,-0.008627131,-0.004413352,0.004790921,-0.009189387,0.000444882,-0.006551341,0.009582970,-0.007522283,0.031706033
131,6.584934986,0.400000000,0.000000000,0.200000000,-0.013018960,-0.018272147,0.011614228,0.005821889,0.012955779,0.000831915,-0.021490378,-0.024861468,-0.027488132,0.007015960,0.009551091,-0.000198027,-0.030192415,0.027089995,0.004302660,0.002332188,-0.006840463,0.005542615,0.011740139,0.005592048,-0.003577351,-0.011445307,-0.006101605,-0.003815069,0.011462988,0.003660244,-0.024320993,0.005620773
132,6.634901316,0.400000000,0.000000000,0.200000000,-0.015141277,-0.019684140,0.016000332,-0.014089273,-0.011264778,-0.002951520,-0.022186386,-0.021616565,-0.014298789,0.015463349,0.006552309,-0.011908601,0.012416621,-0.012829243,0.002042124,0.000858781,-0.002271606,-0.014373993,-0.012269641,0.001791596,-0.004490758,-0.008380452,0.007023148,0.004714437,0.008425910,-0.008169955,0.018256871,-0.034062530
133,6.684902712,0.400000000,0.000000000,0.200000000,-0.023464728,-0.021037393,0.020564754,-0.020809557,0.007908578,-0.007361264,-0.018238046,-0.018057354,-0.012647687,0.006457271,-0.025435567,0.000144211,0.002650653,0.023822000,-0.006417462,-0.000558565,0.002480040,-0.021095372,0.007109649,-0.002635076,-0.000758656,-0.005000634,0.008608097,-0.004209336,-0.023601886,0.003767852,0.008454903,0.002827322
134,6.734915874,0.400000000,0.000000000,0.200000000,-0.030415697,-0.019664677,0.014998411,-0.015370038,0.006574777,0.005705122,-0.020255166,-0.013695455,-0.027841850,0.010847329,-0.004255153,0.004560355,-0.013140992,-0.006646283,-0.013506554,0.000752354,-0.002910989,-0.015662522,0.005965763,0.010411328,-0.002986177,-0.000811649,-0.006646442,0.000267832,-0.002460483,0.008078065,-0.007373129,-0.027404560
135,6.785323788,0.400000000,0.000000000,0.200000000,-0.014695212,-0.019990919,0.024302767,-0.016615806,0.000564689,0.008892777,-0.017694927,-0.006305318,-0.018466956,0.013175177,-0.012189676,-0.018087935,-0.026917952,0.005334954,0.002088528,0.000378760,0.006505448,-0.016913378,0.000089517,0.013589641,-0.000600512,0.006432637,0.002694295,0.002681524,-0.010433019,-0.014647845,-0.021171010,-0.015216187
136,6.834929902,0.400000000,0.000000000,0.200000000,-0.014211914,-0.018326114,0.014126518,0.003301854,0.007896710,-0.018051660,-0.017684678,-0.003354166,-0.018190584,0.010539964,0.001942803,-0.004790163,0.011899741,0.028212277,0.002464829,0.001977953,-0.003460924,0.003017447,0.007615551,-0.013370644,-0.000786143,0.009216102,0.002892499,0.000110587,0.003672727,-0.001452621,0.017613171,0.007886793
137,6.884962020,0.400000000,0.000000000,0.200000000,-0.017655550,-0.018428265,0.023945598,0.005137707,0.005712487,-0.007547546,-0.017797610,-0.007674670,-0.014202801,0.004340624,0.001073579,-0.009207797,-0.016150683,-0.000816242,-0.001118504,0.001813331,0.006524304,0.004849828,0.005596120,-0.002889149,-0.001096802,0.004740360,0.006818606,-0.005991317,0.002768218,-0.005959766,-0.010482640,-0.020911529
138,6.934984022,0.400000000,0.000000000,0.200000000,-0.023106039,-0.021952861,0.017934332,0.005039199,0.007230683,-0.009658425,-0.019558711,-0.014390384,0.001810756,0.008204686,-0.017909802,-0.022692271,-0.003399397,0.043134468,-0.006701414,-0.001773049,0.000688149,0.004751648,0.007275964,-0.005021418,-0.003057791,-0.002141775,0.022768142,-0.002044458,-0.016245308,-0.019531738,0.002228161,0.023273474
139,6.984997263,0.400000000,0.000000000,0.200000000,-0.018331298,-0.017576015,0.013409641,-0.013055037,-0.003558603,0.004797522,-0.017397298,-0.016264303,-0.021375422,0.016182645,0.004629703,0.000679684,-0.031544552,0.014350539,-0.002058841,0.002537572,-0.003667397,-0.013337187,-0.003361896,0.009413027,-0.001093073,-0.004173831,-0.000477648,0.006027920,0.006260118,0.003759230,-0.025958254,-0.005274355
140,7.034934207,0.400000000,0.000000000,0.200000000,-0.014292853,-0.018874595,0.021121584,-0.018135136,0.010786082,-0.010922052,-0.012489121,-0.027693672,-0.015582555,0.010727514,0.030919142,-0.003488695,-0.037845733,0.029681410,0.001849431,0.001174543,0.004213484,-0.018411266,0.011127956,-0.006325024,0.003621290,-0.015762649,0.005253444,0.000662917,0.032517221,-0.000486754,-0.032302007,0.010293770
141,7.085015837,0.400000000,0.000000000,0.200000000,-0.018206292,-0.021122879,0.024584399,0.011954008,0.002377967,-0.003232712,-0.014513629,0.003479086,-0.001180861,0.008588928,-0.016923915,-0.024449888,-0.020155725,0.022690318,-0.002194113,-0.001138731,0.007841492,0.011684055,0.002856380,0.001343619,0.001406306,0.015255061,0.019595824,-0.001382107,-0.015354118,-0.021521007,-0.014651217,0.003539117
142,7.134931766,0.400000000,0.000000000,0.200000000,-0.021895644,-0.020054950,0.015341718,0.028601121,-0.000386101,-0.000151469,-0.012988899,-0.026748283,-0.013059555,0.011029138,0.007943322,-0.005653325,0.013645504,0.015440045,-0.006011127,-0.000135521,-0.001237167,0.028338842,0.000223234,0.004403583,0.002743842,-0.015125523,0.007655052,0.001151964,0.009484047,-0.002793167,0.019109944,-0.003475044
143,7.184968720,0.400000000,0.000000000,0.200000000,-0.013859628,-0.016962001,0.024417911,-0.016337521,-0.006048735,-0.004383092,-0.016209845,-0.010972596,-0.013488327,0.013359072,0.008247366,0.010245105,-0.021436428,0.010557562,0.001895824,0.002895361,0.007999052,-0.016595754,-0.005315810,0.000149415,-0.000661781,0.000499408,0.007166325,0.003576474,0.009760017,0.013040592,-0.016013084,-0.008122997
144,7.234890665,0.400000000,0.000000000,0.200000000,-0.008653108,-0.021355198,0.009470363,-0.005767201,-0.011981398,-0.007610507,-0.012089002,-0.010366634,-0.020302067,0.005072162,-0.020769924,0.012790411,-0.033731279,-0.001223390,0.006975709,-0.001563258,-0.006789616,-0.006014624,-0.011131261,-0.003099085,0.003276649,0.000957166,0.000294052,-0.004616105,-0.019285779,0.015524134,-0.028349404,-0.019670396
145,7.285001691,0.400000000,0.000000000,0.200000000,-0.006652777,-0.019749280,0.009585949,0.018395077,-0.004461815,-0.003908500,-0.012171079,-0.015436591,-0.034665591,0.009887640,0.019855453,0.002812241,0.001326872,0.003595769,0.008850445,-0.000022447,-0.006517835,0.018157914,-0.003501335,0.000581719,0.003015277,-0.004257902,-0.014129785,0.000294909,0.021312806,0.005488431,0.006666816,-0.014618542
146,7.335038779,0.400000000,0.000000000,0.200000000,-0.013708155,-0.016814391,0.023140519,-0.001018784,0.010557096,-0.006249829,-0.010904493,-0.021091024,-0.019199971,-0.001223657,-0.005627403,0.038191055,-0.008094067,0.046222718,0.001670717,0.002847261,0.007191512,-0.001248184,0.011623002,-0.001784078,0.004105013,-0.010055823,0.001277182,-0.010721454,-0.004192759,0.040812290,-0.002792939,0.028239671
147,7.384915077,0.400000000,0.000000000,0.200000000,-0.012183629,-0.016962112,0.013280942,-0.006036832,-0.001751425,-0.003535987,-0.014664801,-0.006708601,-0.026246802,0.012500650,0.018092556,-0.013144834,-0.019551904,0.033043673,0.003073283,0.002636845,-0.002519806,-0.006254609,-0.000588200,0.000908315,0.000173216,0.004186606,-0.005827605,0.003097371,0.019501018,-0.010574740,-0.014291977,0.015288690
148,7.434962634,0.400000000,0.000000000,0.200000000,-0.014061031,-0.018013762,0.010119091,-0.005021307,0.003489253,-0.009286363,-0.013824197,-0.009996628,-0.026096536,0.007922066,-0.014720988,-0.018087490,-0.014883912,0.045673488,0.001075910,0.001521293,-0.005532936,-0.005229577,0.004745998,-0.004865106,0.000844751,0.000761669,-0.005734379,-0.001387456,-0.013335205,-0.015565854,-0.009664127,0.028143531
149,7.484860977,0.400000000,0.000000000,0.200000000,-0.015297206,-0.018885764,0.012500344,-0.005580516,-0.001063189,-0.019084795,-0.018546803,-0.019116957,-0.010875059,0.012381085,-0.020019852,-0.011581798,0.004020016,0.011405735,-0.000280125,0.000587638,-0.003006819,-0.005779733,0.000281860,-0.014687796,-0.004044386,-0.008492972,0.009428785,0.003165402,-0.018656197,-0.009105774,0.009200448,-0.005901576
150,7.534889256,0.400000000,0.000000000,0.200000000,-0.005418153,-0.018669615,0.013822825,0.004980910,0.007966996,-0.001373561,-0.015472983,-0.002085240,-0.012175679,0.010379773,0.014382215,0.011643707,0.006268002,-0.005926478,0.009481391,0.000737829,-0.001541097,0.004797577,0.009394657,0.003001191,-0.001134451,0.008407077,0.008071361,0.001257602,0.015721834,0.014076428,0.011406384,-0.023012244
151,7.584909404,0.400000000,0.000000000,0.200000000,-0.023541818,-0.019035302,0.019416923,0.000063681,-0.010063161,-0.001289266,-0.016746622,-0.016129123,-0.020026781,0.012392396,0.009017675,-0.005587099,-0.005158238,0.044327189,-0.008748637,0.000324253,0.004148122,-0.000116515,-0.008583346,0.003069929,-0.002544334,-0.005751695,0.000188980,0.003355378,0.010335986,-0.003183867,-0.000047170,0.027437151
152,7.634942066,0.400000000,0.000000000,0.200000000,-0.024258571,-0.018822888,0.018638947,0.014260734,-0.000322950,-0.007151653,-0.010045648,-0.012062879,-0.019585078,0.017668691,0.004446351,-0.004837188,-0.012052581,0.032258975,-0.009563575,0.000470232,0.003533947,0.014102100,0.001247821,-0.002817074,0.004002875,-0.001810251,0.000558885,0.008712029,0.005749880,-0.002479285,-0.006978392,0.015575998
153,7.684956025,0.400000000,0.000000000,0.200000000,-0.025505262,-0.020058940,0.015171302,0.003479445,-0.021350120,-0.007715926,-0.012715878,-0.018124481,-0.026224758,0.001245487,0.016825027,0.015103382,0.014691593,0.004157331,-0.010931438,-0.000827218,0.000201380,0.003327740,-0.019709507,-0.003410284,0.001175172,-0.007991757,-0.006139954,-0.007611807,0.018111688,0.017424568,0.019722451,-0.012314591
154,7.734996591,0.400000000,0.000000000,0.200000000,-0.014006170,-0.018216101,0.022323440,-0.011599737,0.007858412,-0.000618353,-0.011092828,-0.003052076,-0.023266444,0.010780570,-0.007526805,-0.019772701,-0.001260673,-0.013540903,0.000453848,0.000950793,0.007495174,-0.011736742,0.009567883,0.003660802,0.002639703,0.006953449,-0.003242033,0.002012586,-0.006257624,-0.017487754,0.003727315,-0.029797874
155,7.784893794,0.400000000,0.000000000,0.200000000,-0.006300702,-0.017822253,0.012756681,0.008909962,-0.004676863,-0.002451160,-0.016197600,-0.001704624,-0.028326262,0.004961492,0.038647425,0.007698774,-0.015728833,0.030883404,0.008044317,0.001278624,-0.001934568,0.008787016,-0.002904450,0.001801449,-0.002621398,0.008178315,-0.008358773,-0.003711436,0.039895596,0.009949940,-0.010786605,0.014841982
156,7.835236633,0.400000000,0.000000000,0.200000000,-0.020860404,-0.019168325,0.009977815,-0.008655732,-0.001545509,0.000646698,-0.010560921,-0.011071422,-0.032261347,0.010084962,0.001285857,0.015162054,0.001003836,0.051659922,-0.006629601,-0.000131231,-0.004576678,-0.008769134,0.000287909,0.004869908,0.002860278,-0.001311995,-0.012352900,0.001503825,0.002520065,0.017380259,0.005905668,0.035833015
157,7.884963685,0.400000000,0.000000000,0.200000000,-0.008047261,-0.019213999,0.017386607,0.001159681,0.017475988,-0.011727791,-0.013598467,-0.004102081,-0.027390096,0.013249099,-0.023653785,0.013548577,0.001332836,0.013357502,0.006070762,-0.000243012,0.002965756,0.001063215,0.019365956,-0.007531537,-0.000329807,0.005536755,-0.007538801,0.004762265,-0.022437368,0.015735535,0.006193721,-0.002255851
158,7.934955359,0.400000000,0.000000000,0.200000000,-0.013840394,-0.020805474,0.019444492,0.011821405,-0.012605798,-0.000754001,-0.013211874,-0.009194823,-0.028619042,0.017062417,0.015018744,-0.008227129,-0.002997096,0.050814955,0.000165268,-0.001897795,0.005156555,0.011738514,-0.010662663,0.003414850,-0.000094404,0.000323980,-0.008828525,0.008668112,0.016224462,-0.006070003,0.001827073,0.035413484
159,7.985015809,0.400000000,0.000000000,0.200000000,-0.013459874,-0.018914357,0.017164187,0.010974938,-0.002166943,-0.002897901,-0.010041467,-0.012694997,-0.023893213,0.008569168,-0.029877053,-0.015830758,0.000715990,-0.000225034,0.000435340,-0.000071788,0.003007018,0.010905242,-0.000173666,0.001241581,0.002927218,-0.003294565,-0.004160250,0.000267080,-0.028690767,-0.013702064,0.005497051,-0.015416411
160,8.035527921,0.400000000,0.000000000,0.200000000,0.107390813,-0.454677054,-0.506173051,0.977858484,-0.680241578,0.985225025,0.788951534,-0.390085803,-0.525278727,0.172079897,1.000000000,-0.354172851,0.975220053,0.849053071,0.001397184,-0.000562826,-0.000332869,-0.022099435,-0.015967899,-0.013633129,0.003099340,-0.003343867,0.001011630,0.003336898,0.000101388,-0.008447136,-0.024584801,-0.014127447
161,8.084859430,0.600000000,0.000000000,0.300000000,0.052432181,-0.376677376,-0.087414426,0.971465777,-0.012613450,0.976848431,0.790966751,-0.335945303,-0.371773318,0.321598796,1.000000000,-0.349499954,1.000000000,0.888086383,-0.001554681,-0.000848782,-0.001166527,-0.028235306,-0.007485383,-0.010308318,0.002575757,-0.008508588,-0.014421985,0.001283495,0.000909626,0.010254906,0.001543283,0.009411637
162,8.135009284,0.600000000,0.000000000,0.300000000,0.080006287,-0.399954729,0.035429794,1.000000000,-0.011502713,0.939489482,0.641578339,-0.224302030,0.092078625,0.260846142,1.000000000,-0.230096278,0.988137814,0.873081936,-0.000064074,-0.000324749,-0.006137699,0.001248300,0.010370830,0.007222293,-0.003473856,0.008208850,-0.001840675,0.001887206,0.004136384,-0.012428594,-0.004056660,0.010080172
163,8.184968580,0.600000000,0.000000000,0.300000000,-0.082866967,-0.116211361,0.156693622,0.965141976,0.046340577,0.759581167,0.491420606,-0.189261265,0.308366196,0.158262493,0.987812092,-0.198994069,0.965727454,0.824004947,-0.005701989,-0.000995329,0.001328676,-0.027911520,-0.016431071,-0.005151969,-0.004027506,-0.006408073,0.008632945,0.001374634,0.011587073,-0.014546900,0.010219460,-0.003959478
164,8.234959152,0.600000000,0.000000000,0.300000000,-0.271485762,0.197653319,0.184210414,0.964155070,0.126235879,0.482010910,0.248709501,-0.130326463,0.425520113,0.089965166,0.855090200,-0.131077792,0.791824213,0.730159861,0.006115152,-0.001033638,0.001328284,0.005622439,0.017153128,0.003637263,-0.002430468,0.001450526,0.013592771,-0.003586298,-0.022595764,-0.008410017,0.011734894,-0.031114119
165,8.284912951,0.600000000,0.000000000,0.300000000,-0.424184855,0.411407125,0.149458790,0.750975968,0.171393191,0.191987967,-0.072471275,-0.104263720,0.469864560,-0.011461329,0.513980330,-0.018700772,0.282308276,0.635206858,-0.005923297,0.003679675,-0.001909396,-0.004024087,0.001591255,0.000944650,-0.001956477,-0.002719377,-0.012650864,0.001992267,0.001609982,0.026131789,-0.011182551,-0.010301968
166,8.335356546,0.600000000,0.000000000,0.300000000,-0.483948653,0.444998178,0.063895794,0.087377969,0.306198411,-0.207465186,-0.299961929,-0.048856147,0.484875408,-0.107451422,-0.005096385,0.066541206,-0.125607587,0.437893601,-0.004042630,-0.000640061,0.003069504,0.013304587,-0.004508950,-0.001545920,-0.002012436,0.006777793,-0.008262279,-0.004044806,-0.002498308,0.000101078,-0.020169288,-0.011679439
167,8.384973463,0.600000000,0.000000000,0.300000000,-0.387010524,0.484769626,0.058868401,-0.318246027,0.471963535,-0.332092013,-0.276363860,0.089308748,0.358371367,-0.103527944,-0.231485549,0.206530528,-0.276040734,0.245579629,-0.001881251,0.000752761,-0.004259348,-0.010218014,0.017320941,0.006935511,0.005272110,0.012594419,0.004188557,0.004189153,-0.026546988,-0.016736088,-0.005894573,0.013970195
168,8.435188522,0.600000000,0.000000000,0.300000000,-0.149578702,0.418796718,0.192953251,-0.263885861,0.396811592,-0.276978796,-0.064930037,0.161311186,0.235337587,-0.045983306,-0.201536964,0.244627227,-0.297162753,0.085375578,0.000201333,-0.001177698,-0.007090129,0.017077351,-0.011610699,0.000498081,-0.000057578,-0.003181943,0.000314774,0.000594408,0.021245618,-0.012986074,-0.005646747,-0.020078025
169,8.484957846,0.600000000,0.000000000,0.300000000,-0.008702906,0.355222646,0.236635375,-0.255966860,0.335646388,-0.221889828,0.076969537,0.187090974,0.186891373,-0.020508332,-0.197045436,0.205250392,-0.208026071,0.038290919,0.006645135,0.001087550,0.000996801,0.000826460,-0.002708170,0.002641331,0.002205032,0.005288761,-0.000184436,0.003952334,-0.001293724,-0.029895803,0.015754054,-0.008344888
170,8.535361096,0.600000000,0.000000000,0.300000000,0.083277766,0.290968556,0.206355619,-0.158547280,0.209398844,-0.116551197,0.177546671,0.154533007,0.126840534,-0.002742055,-0.144016317,0.149253763,-0.112815238,-0.017808350,-0.003165546,0.000823397,-0.000379709,-0.005070505,-0.001397900,0.005044782,0.000091618,-0.001185871,-0.008507801,0.004478199,-0.017051703,-0.009711050,0.005888396,-0.007735327
171,8.584934087,0.600000000,0.000000000,0.300000000,0.115762335,0.218239868,0.113467075,-0.071464156,0.111951937,-0.071457760,0.205794313,0.111816101,0.103843624,-0.036765674,-0.046122193,0.063668631,-0.066320203,-0.033655702,0.001847510,-0.001958808,-0.000973873,0.009279090,0.011484657,-0.002688514,0.000518137,0.003130637,0.015339600,-0.004691096,0.022635632,-0.011511125,0.004173190,0.019302712
172,8.634913692,0.600000000,0.000000000,0.300000000,0.086212691,0.146216375,0.032279216,-0.044707849,0.099947965,-0.059549024,0.165386425,0.079162473,0.067908355,-0.027692034,-0.047222133,0.047786962,-0.059348584,-0.082964764,-0.006791215,0.000900400,-0.008870203,0.008531575,0.001483893,0.014567012,0.000833409,0.004062059,-0.001698299,0.005376526,-0.008495535,-0.012207352,-0.000547965,0.010707601
173,8.685232055,0.600000000,0.000000000,0.300000000,0.106311110,0.096197553,0.000607443,-0.019533537,0.048684817,-0.035547186,0.132736121,0.062885993,0.060440575,-0.025898253,-0.004216657,0.031478852,-0.033946532,-0.124120165,0.003023219,-0.000121474,-0.002180363,-0.020665999,-0.013711907,-0.000852343,0.001722385,0.011649945,0.007873112,0.003544292,-0.004333447,-0.016452920,-0.003023000,-0.010565956
174,8.735143525,0.600000000,0.000000000,0.300000000,0.077835216,0.057114481,-0.040753776,0.006105047,0.032254851,-0.043655505,0.110254390,0.041318380,0.025251073,-0.024847985,0.007464914,0.013528194,-0.016000614,-0.147624396,-0.002673731,0.001100282,-0.002481391,-0.005038582,0.001405733,0.002643915,0.000632515,0.009055447,-0.010315439,0.007995024,-0.004944399,-0.012617138,0.016574148,-0.037267551
175,8.784893331,0.600000000,0.000000000,0.300000000,0.062116342,0.023194221,-0.056221048,0.025584406,0.059982470,-0.042670652,0.091091228,0.024531074,0.018648008,-0.031238495,0.020187936,0.026222705,-0.006235192,-0.093586804,0.001287656,-0.003473707,0.005951383,-0.008725939,0.029809252,-0.009113125,0.004372237,-0.001593368,-0.000866063,-0.002849414,-0.009714450,-0.004759771,0.020727971,0.013292229
176,8.834922835,0.600000000,0.000000000,0.300000000,0.051377225,0.007955972,-0.065781125,0.048919136,0.012352554,-0.030709885,0.076046917,0.021939722,0.012223133,-0.025781893,0.021670822,0.039531759,-0.000084194,-0.097920472,0.003502104,-0.001722236,0.000678166,0.009856453,-0.011139233,0.006301418,0.003414120,0.002303611,0.000717018,0.002493941,-0.010776915,0.013578686,0.027588048,-0.002018118
177,8.884909568,0.600000000,0.000000000,0.300000000,0.039145939,0.002358524,-0.068236209,0.034070193,0.015677680,-0.023928622,0.059802233,0.018425955,0.011049820,-0.029777476,0.049055432,0.038760188,-0.007157310,-0.111445579,0.001410775,-0.000672585,-0.002262458,-0.007104297,-0.007968680,0.008324979,-0.000796587,-0.001048631,0.000828987,-0.004655694,0.014485207,0.011078930,0.019985878,-0.025676663
178,8.934938389,0.600000000,0.000000000,0.300000000,0.032192533,0.005092079,-0.068874223,0.031097029,0.011216318,-0.031202409,0.053742687,0.018640638,0.007884604,-0.023289368,0.019101136,0.040298005,-0.027660970,-0.110090160,0.001234404,0.002212380,-0.009028381,-0.007308389,-0.011536038,0.000556041,0.000968973,0.001526081,-0.003085121,0.002234606,-0.013464018,0.014465209,-0.000636651,-0.034843081
179,8.985027132,0.600000000,0.000000000,0.300000000,0.025531865,0.006605534,-0.067179919,0.070727247,0.017012434,-0.044195010,0.049646540,0.029321761,0.022460368,-0.023512386,0.027978355,0.049388485,-0.015848569,-0.098002983,-0.000843419,0.000682915,-0.013854385,0.034923188,-0.006187331,-0.015111609,0.002975176,0.012438492,0.007896819,0.001365704,-0.002412139,0.023634745,0.011203074,-0.031652702
180,9.035087570,0.600000000,0.000000000,0.300000000,0.030138677,0.012083561,-0.055551760,0.009822740,0.037407133,-0.028612901,0.040933425,0.012866541,0.025821664,-0.026582159,0.012061187,0.032208035,-0.028876601,-0.056906140,0.005932968,0.002031280,-0.009616919,-0.022626543,0.012589098,-0.000530711,-0.001601399,-0.003928090,0.008113927,-0.001414988,-0.016335675,0.007354686,-0.002472190,0.001804934
181,9.084919506,0.600000000,0.000000000,0.300000000,0.024042586,0.010427897,-0.039766455,0.028850432,0.029718219,-0.024513964,0.040274640,0.017726838,0.026008809,-0.024443142,0.049077518,0.017923066,-0.033755741,-0.022156536,0.000606189,-0.003385166,0.000000971,-0.001261054,0.002857989,0.002331752,0.000667074,0.000403726,0.005668633,0.000479089,0.022613400,-0.005958232,-0.007322173,0.030622405
182,9.134883001,0.600000000,0.000000000,0.300000000,0.025317294,0.017070035,-0.042065824,0.033399238,0.013414692,-0.031699523,0.036808452,0.027199164,0.029176103,-0.023815261,0.033553545,0.020490399,-0.015732075,-0.048576150,0.001649193,-0.000226221,-0.007659874,0.005363374,-0.014508221,-0.005643433,-0.000718375,0.009605382,0.006747963,0.001330227,0.008400631,-0.002178140,0.010495805,-0.000747874
183,9.185252876,0.600000000,0.000000000,0.300000000,0.027137206,0.021214563,-0.042146390,0.002222974,0.002038611,-0.045424603,0.034563433,0.016279020,0.031228722,-0.014904372,0.017440651,0.037711202,-0.005744316,-0.032327315,0.002908013,0.000899523,-0.011822097,-0.023732904,-0.025598139,-0.019646501,-0.001355123,-0.001718128,0.007844624,0.010231795,-0.007014902,0.016249456,0.020294850,0.011299958
184,9.234868667,0.600000000,0.000000000,0.300000000,0.014788577,0.020575936,-0.033284580,0.029406682,0.040978082,-0.035449525,0.032770455,0.017485570,0.026583272,-0.028810279,0.041207885,0.026173456,-0.007632698,-0.057983141,-0.010018658,-0.001967934,-0.005745310,0.005205803,0.013525922,-0.009683529,-0.001760211,-0.000814747,0.002894272,-0.003821274,0.017019530,0.005707477,0.017964317,-0.017609141
185,9.284886713,0.600000000,0.000000000,0.300000000,0.029999261,0.021039766,-0.021768931,0.030941921,0.034834155,-0.019194634,0.035030240,0.015483509,0.037691679,-0.032483564,0.043077574,0.022071700,-0.030269759,-0.057579911,0.004581777,-0.001881697,0.004130610,0.007307556,0.007717931,0.006691952,0.001840060,-0.002908985,0.013782399,-0.007806097,0.019307732,0.002392645,-0.004798413,-0.019741661
186,9.335394407,0.600000000,0.000000000,0.300000000,0.022867766,0.021904560,-0.038618733,0.028400354,0.010504041,-0.033003992,0.027934907,0.034170896,0.023875709,-0.022043557,0.025567240,0.021076711,-0.026615153,-0.052625165,-0.002830214,-0.000899648,-0.013190684,0.004919231,-0.016209816,-0.007107758,-0.004396787,0.015919199,0.000063679,0.002377049,0.001939208,0.001936741,-0.001319229,-0.016377036
187,9.384941599,0.600000000,0.000000000,0.300000000,0.034702029,0.023978787,-0.031406905,0.028439666,0.019303736,-0.036340751,0.026984540,0.014517951,0.012092729,-0.028313702,0.020886302,0.000397767,-0.031581150,-0.051571696,0.009079980,0.001099278,-0.006441250,0.005258079,-0.006895454,-0.010585178,-0.004255191,-0.003530054,-0.011446345,-0.004267536,-0.002603704,-0.018165613,-0.006386073,-0.017024665
188,9.435001941,0.600000000,0.000000000,0.300000000,0.033753381,0.022620869,-0.017426411,0.037782339,0.034598669,-0.030779578,0.029476697,0.027085078,0.030299604,-0.028131450,-0.016773057,0.018879510,-0.035444256,-0.027733197,0.008548756,-0.000275350,0.007539974,0.014962086,0.008866243,-0.005000821,-0.000727450,0.009316559,0.007054085,-0.004503010,-0.040091763,0.000790452,-0.010347523,0.005309502
189,9.485045223,0.600000000,0.000000000,0.300000000,0.029852736,0.024080864,-0.027359548,-0.007002581,0.036610553,-0.021167828,0.028050319,0.018321673,0.023205236,-0.023853502,0.020955633,0.020988825,-0.032338367,-0.034222014,0.005157615,0.001170407,-0.002257370,-0.029564768,0.010987502,0.004568131,-0.001264942,0.000847212,0.000286386,-0.000650882,-0.002239133,0.003276543,-0.007399219,-0.002242587
190,9.535051372,0.600000000,0.000000000,0.300000000,0.025124411,0.021413919,-0.028757681,0.002203563,0.039285057,-0.029167621,0.033101766,0.005244294,0.029627394,-0.017135429,0.032534309,0.026828681,0.000007378,0.002689582,0.000865417,-0.001552494,-0.003571917,-0.020072807,0.013989159,-0.003504986,0.004547299,-0.011977997,0.006956073,0.005585007,0.009534078,0.009411828,0.024808180,0.033643945
191,9.585022353,0.600000000,0.000000000,0.300000000,0.017985289,0.019999664,-0.035694523,0.015141844,0.018430284,-0.029640853,0.026449874,0.017234363,0.021969573,-0.020110902,0.004444927,0.014757943,-0.018313789,0.002330874,-0.005817815,-0.003109858,-0.010380192,-0.006819610,-0.006372665,-0.004064111,-0.001480719,0.000222475,-0.000493223,0.002156261,-0.018363448,-0.002421993,0.006347594,0.032342513
192,9.634932122,0.600000000,0.000000000,0.300000000,0.026309286,0.022753341,-0.022726004,0.033936527,0.026025546,-0.026738010,0.026001220,0.006710289,0.025160906,-0.027870156,0.025211757,0.004944399,-0.034840235,-0.024058883,0.002913191,-0.000529865,0.002644521,0.012256101,0.001739861,-0.001310361,-0.001397020,-0.010162730,0.002883685,-0.006049350,0.002604177,-0.012050238,-0.010321371,0.005105562
193,9.684900312,0.600000000,0.000000000,0.300000000,0.026649913,0.023728357,-0.026344334,0.023177368,0.036680406,-0.034450644,0.032040470,0.025818212,0.021455909,-0.015627069,0.024505758,0.018208593,-0.004514817,-0.012475174,0.003580691,0.000252570,-0.001076465,0.001783233,0.012832070,-0.009190602,0.005100014,0.009024117,-0.000640174,0.005775940,0.002107612,0.001390366,0.019876063,0.015948689
194,9.734908048,0.600000000,0.000000000,0.300000000,0.015182525,0.023442183,-0.020463548,-0.004377643,0.020926351,-0.045720970,0.030280396,0.017770342,0.025499717,-0.018409771,0.032598836,0.000655838,-0.009870549,-0.042123689,-0.007552534,-0.000207329,0.004703638,-0.025487958,-0.002508530,-0.020622978,0.003743674,0.001023203,0.003584536,0.002602379,0.010403035,-0.015995437,0.014401416,-0.014310575
195,9.784913548,0.600000000,0.000000000,0.300000000,0.020912122,0.027141156,-0.029717766,0.027967693,0.033116349,-0.032070254,0.026453568,0.016509828,0.024585556,-0.015352887,0.031390116,0.023848620,-0.051367906,-0.029010378,-0.001502465,0.003324608,-0.004685037,0.007128840,0.010064132,-0.007143562,0.000277482,-0.000204926,0.002845173,0.005289427,0.009404529,0.007358501,-0.027208022,-0.001703430
196,9.834873708,0.600000000,0.000000000,0.300000000,0.028514328,0.023603306,-0.025754313,0.029652993,0.021233190,-0.025681760,0.026452141,0.006677912,0.023138465,-0.028219583,0.013579688,-0.005990056,-0.039273363,-0.042991613,0.006422816,-0.000371895,-0.000861381,0.009078999,-0.001453530,-0.000929052,0.000589162,-0.010013037,0.001576259,-0.007924680,-0.008203044,-0.022319883,-0.015221449,-0.016100363
197,9.884860277,0.600000000,0.000000000,0.300000000,0.027277040,0.025635447,-0.026094957,0.014794427,0.028869102,-0.036944232,0.026806400,0.011877374,0.028563977,-0.016610304,0.016168310,0.018860422,-0.032309477,-0.059773512,0.005466467,0.001532988,-0.001358400,-0.005524016,0.006518115,-0.012374013,0.001259236,-0.004808183,0.007177838,0.003339033,-0.005405755,0.002661617,-0.008385221,-0.033253638
198,9.935353098,0.600000000,0.000000000,0.300000000,0.032066320,0.025485879,-0.021355736,0.013259388,0.017992201,-0.032099649,0.028498328,0.008305112,0.017955015,-0.022587977,-0.005446351,-0.001005242,0.006476676,-0.013476133,0.010459945,0.001307827,0.003221230,-0.006820353,-0.004066450,-0.007740602,0.003353295,-0.008396950,-0.003277994,-0.002983348,-0.026790446,-0.017131513,0.030240565,0.012699651
199,9.984886294,0.600000000,0.000000000,0.300000000,0.016373148,0.023136896,-0.015350370,0.020365057,0.008374569,-0.035559621,0.028050825,0.020247811,0.031681106,-0.020609623,-0.000687273,0.010733650,-0.013694188,-0.004668312,-0.005062465,-0.001115021,0.009059818,0.000515254,-0.013426029,-0.011455709,0.003363941,0.003522064,0.010592796,-0.001336182,-0.021805957,-0.005338737,0.009881382,0.021216829
200,10.034956858,0.600000000,0.000000000,0.300000000,0.027265969,0.025829792,-0.030015257,0.033486458,0.021554766,-0.025835431,0.023601616,0.027435949,0.031949171,-0.018460171,0.036493808,-0.004362887,-0.024764270,-0.065204096,0.005988027,0.001522921,-0.005784104,0.013861672,-0.000012784,-0.002017592,-0.000586865,0.010688839,0.010993214,0.000488038,0.015620885,-0.020380004,-0.001381772,-0.039599209
201,10.084904484,0.600000000,0.000000000,0.300000000,0.023168523,0.026107055,-0.018161277,0.031697136,0.030753470,-0.035913303,0.022498924,0.028896815,0.018056607,-0.021110354,0.034984504,0.028497642,-0.024947235,-0.032296529,0.002049431,0.001773332,0.005874672,0.012294843,0.009392236,-0.012401392,-0.001177356,0.012148990,-0.002770899,-0.002493519,0.014377303,0.012550751,-0.001754088,-0.007044684
202,10.135030920,0.600000000,0.000000000,0.300000000,0.022898178,0.025827983,-0.028295758,0.041504053,0.018897695,-0.028039858,0.024810297,0.003587372,0.027687212,-0.010904202,0.028995302,0.011683339,-0.024645766,-0.049484609,0.001892151,0.001498520,-0.004374341,0.022266915,-0.002313747,-0.004766727,0.001545770,-0.013141325,0.006985493,0.007452280,0.008614026,-0.004218696,-0.001603605,-0.024597261
203,10.184894022,0.600000000,0.000000000,0.300000000,0.019071692,0.025196584,-0.018501853,0.016641762,0.027757429,-0.015971962,0.025082099,0.010806891,0.021601363,-0.020889943,0.017874608,0.014078927,-0.018949554,0.007281800,-0.001771551,0.000849534,0.005182904,-0.002377847,0.006704480,0.006998079,0.002312989,-0.005890821,0.001001063,-0.002872709,-0.002236768,-0.001714983,0.003907170,0.031832534
204,10.234898673,0.600000000,0.000000000,0.300000000,0.012430053,0.024624378,-0.022663168,0.010069782,0.016608925,-0.024620942,0.023282005,0.015145783,0.017935886,-0.015506482,0.010604262,0.002686329,-0.024331784,-0.034637571,-0.008228675,0.000280530,0.000863189,-0.008722888,-0.004260552,-0.001920159,0.001013194,-0.001509383,-0.002504488,0.002198763,-0.009241652,-0.012993153,-0.001659574,-0.010448564
205,10.284929841,0.600000000,0.000000000,0.300000000,0.018706171,0.024240448,-0.027713756,0.026087507,0.018206087,-0.017105425,0.024687733,0.021105064,0.022485058,-0.015513592,0.027150668,0.021894570,-0.025676259,-0.037872612,-0.001791296,-0.000096579,-0.004380814,0.007506776,-0.002498862,0.005322374,0.002918066,0.004497956,0.002182775,0.001880075,0.007574033,0.006339690,-0.003196237,-0.014052279
206,10.334934511,0.600000000,0.000000000,0.300000000,0.020620546,0.026485470,-0.014852449,0.030270971,0.030020328,-0.029559313,0.021642953,0.001345660,0.009151353,-0.000432907,0.027333885,0.018458568,-0.033646039,-0.004007108,0.000288701,0.002163454,0.008304546,0.011901436,0.009478060,-0.007393465,0.000362621,-0.015199416,-0.011007342,0.016671853,0.008019290,0.003043189,-0.011361645,0.019445269
207,10.385129506,0.600000000,0.000000000,0.300000000,0.023250132,0.025025756,-0.030768933,0.010502852,0.032000261,-0.023448994,0.024965222,0.014508582,0.021375794,-0.017413847,0.045357763,-0.000091253,-0.003025782,-0.000102620,0.003078909,0.000719807,-0.007795081,-0.007661688,0.011612259,-0.001539547,0.004164715,-0.001972944,0.001358097,-0.000596238,0.026305870,-0.015357045,0.019061880,0.022987735
208,10.435309782,0.600000000,0.000000000,0.300000000,0.019710231,0.026532507,-0.020322814,0.005353805,0.011780571,-0.030540413,0.018548588,0.028056950,0.007853951,-0.022300271,0.002892236,0.016137582,-0.006139050,-0.014009960,-0.000298836,0.002248986,0.002473562,-0.012605829,-0.008456188,-0.008874736,-0.001780541,0.011646990,-0.012021467,-0.005754191,-0.015903508,0.001031763,0.015750059,0.008724973
209,10.484933778,0.600000000,0.000000000,0.300000000,0.025055487,0.022985230,-0.023329352,0.023650312,0.016601032,-0.024194826,0.022365585,0.010531949,0.019836832,-0.023045217,-0.021909095,0.023652402,-0.028329080,-0.004457568,0.005207429,-0.001275565,-0.000709918,0.005890231,-0.003487579,-0.002768158,0.002499634,-0.005803198,0.000103636,-0.006762981,-0.040448451,0.008714585,-0.006635781,0.017928901
210,10.535048047,0.600000000,0.000000000,0.300000000,0.020793627,0.024821326,-0.020555651,0.006648101,0.023532907,-0.033506023,0.019093495,0.001127613,0.003875941,-0.017986739,0.018894967,0.002930441,-0.029681116,-0.004052343,0.001105308,0.000587100,0.001887370,-0.010915525,0.003589955,-0.012311751,-0.000316897,-0.015128369,-0.015716808,-0.001956519,0.000604883,-0.011832013,-0.008185107,0.017991835
211,10.584890197,0.600000000,0.000000000,0.300000000,0.016766280,0.024864609,-0.020810928,0.006260041,0.012220853,-0.012305842,0.018264400,0.016620450,0.023204124,-0.015617929,-0.013659203,0.026015516,-0.014713030,-0.025845220,-0.002763880,0.000660198,0.001458140,-0.011109453,-0.007578061,0.008665622,-0.000699198,0.000446610,0.003754238,0.000168302,-0.031705346,0.011434579,0.006583961,-0.004137326
212,10.634913104,0.600000000,0.000000000,0.300000000,0.020845108,0.025318659,-0.015826563,0.014525224,0.007823314,-0.016549712,0.013120273,0.029577867,0.016543103,-0.022616030,0.013746412,-0.003218340,-0.016962549,-0.035154570,0.001471618,0.001145178,0.006268829,-0.002655006,-0.011833765,0.004202874,-0.005404575,0.013490491,-0.002765991,-0.007063765,-0.004059423,-0.017611785,0.004135228,-0.013777075
213,10.685204960,0.600000000,0.000000000,0.300000000,0.018834778,0.026876131,-0.010069689,0.021337089,0.013685140,-0.017472894,0.019421441,-0.000622023,0.011599577,-0.016624893,0.037354554,0.023539479,-0.002648379,-0.041910297,-0.000382864,0.002734894,0.011852791,0.004345436,-0.005832518,0.003068247,0.001328254,-0.016620670,-0.007569362,-0.001298670,0.019785752,0.009338234,0.018249008,-0.020857136
214,10.735077373,0.600000000,0.000000000,0.300000000,0.019062584,0.023488063,-0.020018258,0.039470591,0.027969982,-0.024370156,0.018827442,0.026726824,0.025245479,-0.015282572,0.033754959,0.003210058,-0.030094399,-0.006400053,-0.000000352,-0.000619667,0.001732978,0.022663690,0.008589988,-0.004036592,0.001158232,0.010820034,0.006214772,-0.000173125,0.016423819,-0.010794814,-0.009392029,0.014334280
215,10.784872620,0.600000000,0.000000000,0.300000000,0.020489689,0.022457137,-0.020965982,0.020478264,-0.002547516,-0.014341765,0.015455258,0.000346829,0.014495319,-0.015385268,0.033124301,-0.000949971,-0.038161371,-0.014310334,0.001577884,-0.001614955,0.000621055,0.003849568,-0.021792928,0.005794275,-0.001804519,-0.015468759,-0.004396887,-0.000484212,0.016018817,-0.014760018,-0.017653305,0.006111229
216,10.834874546,0.600000000,0.000000000,0.300000000,0.009911548,0.027616395,-0.024744489,0.024794091,0.017205793,-0.014055410,0.016076985,0.011924027,0.015192359,-0.007261406,0.024046957,0.009948264,-0.019688043,-0.001421652,-0.008851447,0.003581282,-0.003324038,0.008338700,-0.001907435,0.005885147,-0.000780626,-0.003795919,-0.003565130,0.007441449,0.007163673,-0.003663530,0.000625585,0.018695346
217,10.884896167,0.600000000,0.000000000,0.300000000,0.024327280,0.023029146,-0.028223975,0.026581776,0.025413624,-0.014748875,0.020032771,0.009327911,0.019281293,-0.013097436,0.018773047,0.001093704,-0.002887034,-0.001846711,0.005712904,-0.000969928,-0.006968122,0.010300831,0.006431299,0.005003734,0.003569665,-0.006296393,0.000659969,0.001411954,0.002107855,-0.012317959,0.017232421,0.017971934
218,10.934934412,0.600000000,0.000000000,0.300000000,0.021141849,0.024683207,-0.020616371,-0.003921703,0.014401536,-0.028934351,0.018402199,0.007756514,0.011739147,-0.008239856,0.007882748,0.025445451,-0.033707013,0.011682988,0.002674547,0.000722794,0.000475293,-0.020034450,-0.004451031,-0.009367921,0.002327428,-0.007770867,-0.006749871,0.006082593,-0.008563576,0.012234827,-0.013777338,0.031208613
219,10.984936869,0.600000000,0.000000000,0.300000000,0.023616447,0.022607367,-0.032749150,0.030455569,0.020487045,-0.029688394,0.019974392,0.014729129,0.021709873,-0.007096581,0.055041882,-0.010906049,0.002708235,-0.030745094,0.005295389,-0.001314085,-0.011820002,0.014509367,0.001763879,-0.010303913,0.004280664,-0.000698915,0.003356083,0.007047507,0.038804953,-0.023913276,0.022447027,-0.011508108
220,11.034869183,0.600000000,0.000000000,0.300000000,0.022928082,0.021332187,-0.029287880,0.007065890,0.012191934,-0.028037196,0.015383970,0.013785527,0.017431478,-0.010962703,0.022470298,0.006076260,-0.025526104,-0.012800735,0.004718284,-0.002542474,-0.008461311,-0.008752166,-0.006428836,-0.008788278,-0.000002317,-0.001563707,-0.000801981,0.003023286,0.006413418,-0.006774919,-0.005946557,0.006161030
221,11.084931507,0.600000000,0.000000000,0.300000000,0.022165913,0.021882288,-0.030088682,0.032167060,0.007672635,-0.034631469,0.016549142,0.016493733,0.009284651,-0.015373257,0.029808149,0.009574299,-0.014416967,-0.028979344,0.004096631,-0.001965208,-0.009465970,0.016510904,-0.010834717,-0.015573843,0.001531182,0.001256469,-0.008838085,-0.001545533,0.013949314,-0.003065556,0.004971455,-0.010267518
222,11.135323038,0.600000000,0.000000000,0.300000000,0.019512454,0.023176397,-0.019310500,0.007356855,0.033269421,-0.016049101,0.016194996,0.007168565,0.018892955,-0.015114377,0.033030373,0.014789792,-0.011849829,-0.016166852,0.001602547,-0.000633643,0.001169414,-0.008127317,0.014902389,0.002845296,0.001542358,-0.007972609,0.000911256,-0.001454334,0.017375962,0.002357998,0.007352577,0.002279796
223,11.185132523,0.600000000,0.000000000,0.300000000,0.003722118,0.024063012,-0.012352805,0.004467273,0.018667650,-0.017264876,0.013227722,0.022303953,0.020700302,-0.007910711,-0.001536236,0.012344156,0.007307252,-0.040804711,-0.014046272,0.000293732,0.007956949,-0.010861003,0.000430573,0.001454674,-0.001059318,0.007265187,0.002849946,0.005589562,-0.016988131,0.000119413,0.026321123,-0.022629739
224,11.234957159,0.600000000,0.000000000,0.300000000,0.017425136,0.023909138,-0.020697139,0.031076313,0.010622091,-0.027164006,0.018293299,0.018424023,0.011915947,-0.012894611,0.009085209,0.012511338,-0.018533642,0.007588306,-0.000199108,0.000183492,-0.000545220,0.015905580,-0.007482723,-0.008614092,0.004364121,0.003489601,-0.005805153,0.000450747,-0.006164911,0.000493065,0.000294342,0.025491718
225,11.284924500,0.600000000,0.000000000,0.300000000,0.021452737,0.025938161,-0.016808302,0.010975846,0.024202495,-0.018687957,0.016144228,0.016395279,0.010330586,-0.013815731,-0.012670027,0.037607826,0.003993359,-0.029305555,0.003970136,0.002252057,0.003181982,-0.004037990,0.006225477,-0.000303478,0.002566145,0.001566184,-0.007257323,-0.000622546,-0.027728146,0.025795636,0.022630496,-0.011670867
226,11.334977663,0.600000000,0.000000000,0.300000000,0.011121755,0.026117982,-0.025227736,0.023468557,0.041420776,-0.017009457,0.014896887,0.024191090,0.020839152,-0.016946007,0.016678656,0.057001134,-0.012013950,-0.009880998,-0.006220213,0.002476690,-0.005396660,0.008604556,0.023570586,0.001210537,0.001664120,0.009467770,0.003380858,-0.003902792,0.001814478,0.045393003,0.006433963,0.007488641
227,11.385218357,0.600000000,0.000000000,0.300000000,0.018186935,0.023995310,-0.022549836,0.017814917,0.029386672,-0.037258202,0.013170392,0.016065363,0.016175553,-0.014671998,0.010811687,0.032038154,-0.022301946,-0.012292400,0.000985033,0.000396166,-0.002876248,0.003101704,0.011663058,-0.019199280,0.000277020,0.001448982,-0.001156731,-0.001773404,-0.003855125,0.020632592,-0.004035676,0.004816107
228,11.434920474,0.600000000,0.000000000,0.300000000,0.017557568,0.022382378,-0.013038989,-0.000785401,0.028384530,-0.008783142,0.013419690,0.003608611,0.028987456,-0.010099403,0.028224557,0.023996738,-0.023376140,-0.019916796,0.000495636,-0.001173458,0.006477863,-0.015351093,0.010785435,0.009116731,0.000860348,-0.010900803,0.011788377,0.002658831,0.013737416,0.012792345,-0.005298278,-0.003065416
229,11.484988979,0.600000000,0.000000000,0.300000000,0.007307972,0.022501454,-0.018476415,0.012733019,0.009973390,-0.023191367,0.013164313,0.019344268,0.021014814,-0.006288987,-0.000450723,0.028641958,-0.021534168,-0.005178856,-0.009617490,-0.001010924,0.000883943,-0.001688357,-0.007500738,-0.005447042,0.000932478,0.004941524,0.003939007,0.006330061,-0.014747378,0.017636323,-0.003638846,0.011419065
230,11.534941962,0.600000000,0.000000000,0.300000000,0.020498202,0.024341153,-0.023287667,0.007192890,0.016274846,-0.012895181,0.010912225,0.013125839,0.024759999,-0.012570606,0.016637974,0.006053536,-0.012907423,-0.047229756,0.003710686,0.000872128,-0.004080659,-0.007086008,-0.001074790,0.004694369,-0.000997323,-0.001168983,0.007813437,-0.000084127,0.002519263,-0.004754563,0.004804228,-0.030881770
231,11.585224827,0.600000000,0.000000000,0.300000000,0.021177354,0.023015365,-0.020341407,0.022000178,0.007079382,-0.006122829,0.019048278,0.008825819,0.026004330,-0.011677714,0.025467768,0.011266228,-0.014103970,-0.023160449,0.004524805,-0.000410248,-0.001288637,0.007860764,-0.010146552,0.011313331,0.007455545,-0.005361498,0.009181577,0.000677939,0.011530756,0.000653595,0.003428056,-0.007058781
232,11.635270420,0.600000000,0.000000000,0.300000000,0.011673141,0.023189716,-0.019219735,0.024076264,0.008482404,-0.030113025,0.009561159,0.006003932,0.018903383,-0.006150336,0.000003597,0.005207417,-0.022155153,-0.039829732,-0.004847152,-0.000189981,-0.000314032,0.010070703,-0.008622434,-0.012824387,-0.001725381,-0.008078591,0.002204514,0.006078483,-0.013757436,-0.005216796,-0.004796746,-0.023970124
233,11.684840862,0.600000000,0.000000000,0.300000000,0.013014071,0.022956014,-0.018757949,0.024634849,0.014191143,0.000873170,0.014049559,0.016637756,0.024747394,-0.006592031,0.032938555,-0.019477856,-0.008739923,-0.024174266,-0.003375143,-0.000382563,-0.000001889,0.010764646,-0.002794283,0.018015760,0.003064094,0.002661248,0.008170918,0.005514556,0.019345426,-0.029715274,0.008443031,-0.008550500
234,11.734911533,0.600000000,0.000000000,0.300000000,0.014412291,0.023653914,-0.018279779,0.017519869,0.010357505,-0.014071318,0.012668681,0.019793622,0.013131873,-0.011718070,0.018300194,0.002214253,-0.029588239,-0.001683840,-0.001847636,0.000360240,0.000329190,0.003778678,-0.006508536,0.002927966,0.001978146,0.005922087,-0.003325262,0.000268729,0.004876610,-0.007838916,-0.012577999,0.013707919
235,11.784940877,0.600000000,0.000000000,0.300000000,0.030011878,0.020988285,-0.015455754,0.016182828,0.020328858,-0.034646078,0.009858164,0.015204324,0.016923459,-0.017607190,0.019857661,0.019353469,-0.034183570,0.002835516,0.013881086,-0.002261559,0.003007129,0.002569920,0.003582037,-0.017788493,-0.000542732,0.001437197,0.000588137,-0.005738183,0.006596202,0.009481733,-0.017346863,0.017998759
236,11.834971558,0.600000000,0.000000000,0.300000000,0.005739652,0.023409589,-0.019135624,0.025402820,0.016191283,-0.023545064,0.010568988,0.007260552,0.004931238,-0.015821981,0.003908889,0.007769854,-0.009251914,-0.005026583,-0.010293398,0.000204230,-0.000763204,0.011888777,-0.000462968,-0.006789613,0.000397698,-0.006427256,-0.011301187,-0.004061886,-0.009208739,-0.001966637,0.007447381,0.009919040
237,11.884921296,0.600000000,0.000000000,0.300000000,0.011123412,0.019409541,-0.018125296,0.016799651,0.029018934,-0.017165212,0.006368266,0.006627286,0.004388340,-0.015386087,0.044865641,0.023951279,-0.018531771,-0.009328499,-0.004787487,-0.003760684,0.000064436,0.003408357,0.012468931,-0.000563037,-0.003522344,-0.006943420,-0.011742428,-0.003720840,0.031897089,0.014398666,-0.002003209,0.005420949
238,11.934989658,0.600000000,0.000000000,0.300000000,0.015694315,0.021729559,-0.023477153,0.008859642,0.004721336,-0.013689033,0.009717911,0.014592142,0.014682052,-0.006949710,0.021999453,0.015683064,-0.024756488,0.012213992,-0.000077167,-0.001401601,-0.005417687,-0.004396671,-0.011700297,0.002782033,0.000105427,0.001120152,-0.001323622,0.004602736,0.009191300,0.006309324,-0.008392986,0.026754824
239,11.984957634,0.600000000,0.000000000,0.300000000,0.011945814,0.024383155,-0.007878740,0.015761790,0.015060926,-0.020987229,0.013328164,0.017054893,0.014329638,-0.001656766,0.000287233,-0.025040655,-0.015686547,-0.033133204,-0.003700321,0.001296242,0.010030511,0.002624367,-0.001238521,-0.004655959,0.003994068,0.003686448,-0.001558377,0.009789493,-0.012366480,-0.034238697,0.000506292,-0.018807553
240,12.035406760,0.600000000,0.000000000,0.300000000,0.282801167,-0.857695996,-0.110342615,-0.926154582,0.399962242,-1.000000000,0.025834143,0.134157347,-0.884059081,-0.156598081,-0.954629845,0.259310811,-0.994096515,-0.465909246,-0.003608926,-0.000650226,0.007772028,0.008613380,-0.017357950,-0.010975540,0.003517549,-0.010242013,-0.001859913,0.003460432,-0.010181493,-0.012558044,-0.004307267,-0.013511691
241,12.084891816,0.500000000,0.000000000,0.300000000,0.313152560,-0.587245623,-0.094676805,-0.732354834,-0.087924594,-0.928793788,0.314916618,0.280868730,-0.786715361,0.025204790,-0.684772877,0.254555850,-0.932170914,-0.491496155,0.001008042,0.002137562,0.001206475,-0.006405010,-0.011752719,-0.007299066,-0.005394243,0.010094485,0.002445129,0.005486003,-0.004485039,0.031350135,0.018200530,-0.006045440
242,12.135066466,0.500000000,0.000000000,0.300000000,0.295041910,-0.227900522,-0.113700284,-0.321809689,-0.365681069,-0.554157383,0.390773435,0.274800281,-0.627929182,0.039770677,-0.363914124,0.237212657,-0.772517616,-0.403649533,-0.004283258,-0.002685877,-0.005336738,0.002748092,-0.019096063,0.006402426,0.003127714,0.002222220,-0.000594051,-0.003687084,0.032623269,-0.004016669,0.021024471,0.009326881
243,12.184917104,0.500000000,0.000000000,0.300000000,0.156869913,-0.162560764,-0.174486584,-0.115133457,-0.315606979,-0.233884111,0.197947044,0.100919626,-0.370065168,-0.052523920,-0.142029019,0.049145992,-0.395726895,-0.355571664,0.008045147,0.001956356,-0.004747651,0.006399020,-0.001560030,0.007827088,-0.002769541,-0.000952095,-0.004009560,0.001190713,-0.021422269,0.003288779,-0.008465326,0.010327541
244,12.235106491,0.500000000,0.000000000,0.300000000,0.000693434,-0.221965473,-0.225201117,-0.073927304,-0.203235040,-0.188527185,-0.067161494,-0.098292791,-0.188339065,-0.149067616,0.017939118,-0.145402674,-0.113868097,-0.316279264,-0.002622681,-0.000685256,-0.000420736,-0.002336940,-0.025871600,0.005034741,-0.000089453,-0.002423138,0.000831772,-0.003514996,0.002466248,-0.021826614,-0.016393127,0.000089465
245,12.285391084,0.500000000,0.000000000,0.300000000,-0.064588040,-0.200213248,-0.181157002,0.031914827,-0.113278006,-0.077245905,-0.223880339,-0.120922730,-0.054258155,-0.075957186,0.037371822,-0.125824996,-0.064616100,-0.271268640,-0.009206943,0.000062561,0.009641221,0.018835375,0.008718777,-0.005289978,-0.002275798,0.000292017,0.006627282,0.001658798,-0.001739673,-0.001684294,0.029387473,-0.040387620
246,12.334926406,0.500000000,0.000000000,0.300000000,-0.092464434,-0.125349642,-0.083619651,-0.032850530,-0.060953579,-0.063021931,-0.271282701,-0.135415748,0.022081979,-0.030352345,0.038317328,-0.088362309,-0.065366855,-0.152138851,-0.007488901,0.001520677,0.002042662,-0.017224548,0.011837982,-0.008876219,-0.000144450,-0.000595764,0.001739294,-0.000754500,0.012190936,-0.003199327,-0.009619327,-0.013336963
247,12.384907107,0.500000000,0.000000000,0.300000000,-0.099837765,-0.041918863,-0.006333672,-0.016039673,-0.032677658,-0.016307985,-0.265939353,-0.079165007,0.045448760,0.032831572,-0.030948039,-0.038467856,-0.083508512,-0.050197664,-0.009529926,-0.000603304,0.009342571,-0.001416064,0.014164656,-0.005971827,0.000970336,0.002562498,-0.019764622,-0.005313568,-0.019390805,0.004839620,-0.022298394,0.017078359
248,12.434981663,0.500000000,0.000000000,0.300000000,-0.094413672,-0.002579286,0.041639202,0.000858657,-0.020668236,-0.020767907,-0.237759177,-0.049190869,0.076084439,0.040120184,-0.022789089,-0.038249790,-0.041803878,0.005370217,0.000024970,-0.001461884,-0.006856962,0.030335784,0.007297820,-0.000209391,0.004495125,-0.001925142,0.004847024,-0.001366847,0.010044461,0.007127878,0.017908625,0.021323879
249,12.484911674,0.500000000,0.000000000,0.300000000,-0.058498399,0.011716566,0.098350794,-0.020629944,0.008954674,-0.020833197,-0.214757289,-0.031908980,0.080118872,0.051206293,-0.063785294,-0.045071498,-0.032099727,0.004218777,0.000630850,-0.000616602,0.001133435,0.011204148,0.006636024,-0.005571973,0.000661288,0.000382637,0.011050470,0.008931457,-0.011158599,-0.006894310,0.018862729,0.002415172
250,12.534969209,0.500000000,0.000000000,0.300000000,-0.037941538,0.019179475,0.095796253,-0.056281751,0.032352096,-0.015704833,-0.172900794,-0.028326992,0.062338931,0.041924367,-0.059915945,-0.024168257,-0.046413862,0.034683405,0.002056721,0.000960643,-0.007413205,-0.016455779,0.011349610,0.003267612,0.003209503,0.000116469,0.005861585,0.002830608,-0.002273891,0.016904298,-0.000318375,0.020728062
251,12.584905930,0.500000000,0.000000000,0.300000000,-0.034646510,0.019318103,0.108592610,-0.021257625,0.023438146,-0.030425593,-0.138400925,-0.024747036,0.032244790,0.030737186,-0.077296143,-0.047487724,-0.068852005,0.009122355,-0.007473304,0.000510267,0.014080587,0.017686727,-0.014399855,-0.010093398,-0.000165147,0.003586008,-0.004788995,-0.004312644,-0.022557741,-0.011164482,-0.029034784,-0.009858744
252,12.634867348,0.500000000,0.000000000,0.300000000,-0.013997316,0.018169010,0.077537588,-0.004428153,0.031472240,-0.027432213,-0.104168721,-0.018643552,0.013955148,0.042842584,-0.054645908,-0.036216568,-0.015908170,0.020060034,0.005278591,0.000680439,-0.002306283,0.032230719,-0.000995770,-0.004071093,0.000583112,0.011878511,-0.004775640,0.012410201,-0.007631213,-0.004022721,0.018208456,-0.002509783
253,12.684983399,0.500000000,0.000000000,0.300000000,-0.009973327,0.014639619,0.065625707,-0.032386846,0.033862600,-0.018442814,-0.077384923,-0.025690655,0.005651913,0.033690575,-0.024793622,-0.039360676,-0.013836535,0.025676647,0.007720871,0.001276831,-0.003952799,0.001460333,0.004029360,0.008107712,0.006643500,0.006248706,-0.002668523,0.004448829,0.016869026,-0.009967553,0.015439590,0.001342768
254,12.735260944,0.500000000,0.000000000,0.300000000,-0.018283800,0.006282178,0.040552888,-0.055947139,0.030844929,-0.027388762,-0.066626309,-0.042959112,-0.000039748,0.022440743,-0.017796048,-0.026999439,-0.021865067,0.009698473,-0.001572138,0.001329045,-0.010637093,-0.023933525,0.005718662,0.005764049,-0.002727924,-0.008876859,0.008077126,-0.004170261,0.014919120,-0.001521286,0.002117419,-0.015432689
255,12.784924101,0.500000000,0.000000000,0.300000000,-0.012927096,0.000162002,0.040609747,-0.026351378,0.021652290,-0.035513051,-0.047498094,-0.027133861,-0.023160724,0.023421962,-0.045711995,-0.021447200,-0.025343808,0.021570884,0.005185146,0.001789567,0.003916859,-0.006169985,0.001034535,-0.007809518,0.000679204,0.007735296,-0.003554767,-0.003272399,-0.018106022,0.001112562,-0.002393449,-0.003179822
256,12.834908448,0.500000000,0.000000000,0.300000000,-0.008399180,-0.005679007,0.020352611,-0.048246642,0.007829803,-0.032123842,-0.036052089,-0.028880990,-0.030730461,0.033884247,0.000428044,-0.021901395,-0.030790165,0.021393837,0.012260039,0.003204863,-0.006780019,-0.034739341,-0.006169940,-0.005814823,0.002787084,0.005777002,-0.006014535,0.007028711,0.025677765,-0.002696890,-0.008222092,-0.004655039
257,12.884908666,0.500000000,0.000000000,0.300000000,-0.019879864,-0.013691799,0.020737548,-0.041632348,0.003000845,-0.018394593,-0.036332356,-0.033712125,-0.004473118,0.025088545,-0.028386878,-0.041819053,-0.029596659,0.027836042,-0.000924937,0.001221275,-0.005914257,-0.032792527,-0.008489147,0.008009199,-0.001380800,-0.001015859,0.019486554,-0.003765868,-0.003018545,-0.026403637,-0.008421133,-0.000566111
258,12.934935054,0.500000000,0.000000000,0.300000000,-0.020448917,-0.020407151,0.021956571,-0.018168020,0.007861295,-0.025256877,-0.033532087,-0.032122738,-0.021154919,0.032062319,-0.031190520,-0.017929561,-0.016214930,0.047370580,-0.003322839,-0.002277558,-0.003228858,-0.012407924,-0.002106555,-0.000151386,-0.001032207,-0.001376340,0.002800732,0.003145127,-0.006304545,-0.005386019,0.003371512,0.018618996
259,12.984913140,0.500000000,0.000000000,0.300000000,-0.018048285,-0.019980878,0.027907649,-0.014701151,0.015066176,-0.014447005,-0.031301719,-0.017700998,-0.026970827,0.023477175,-0.006023281,-0.011900772,-0.035149161,0.033611816,-0.002556489,-0.000416987,0.002973415,-0.010627065,0.006152518,0.009503833,-0.000822625,0.011491668,-0.003001676,-0.004985071,0.018356108,-0.000948737,-0.017082917,0.005142365
260,13.034921276,0.500000000,0.000000000,0.300000000,-0.009257444,-0.016390169,0.021558529,0.023221979,0.012656208,-0.009357222,-0.031363235,-0.030476986,-0.024949590,0.021580043,-0.036538391,0.001282821,-0.029262890,0.012979102,0.005641855,0.002264191,-0.002994483,0.027289784,0.005050947,0.013526527,-0.002543648,-0.002616726,-0.000571054,-0.006404086,-0.012633460,0.011263615,-0.012269036,-0.015229849
261,13.084867144,0.500000000,0.000000000,0.300000000,-0.020472097,-0.017862892,0.020067588,-0.001022450,0.004229547,-0.017540914,-0.028457706,-0.040497059,-0.019287426,0.023233956,-0.025450749,-0.018693654,-0.035597665,0.048601438,-0.006007863,0.000273254,-0.004500607,0.002742709,-0.002354097,0.004402620,-0.000682001,-0.013665996,0.005370019,-0.004142545,-0.002002239,-0.009403420,-0.019606208,0.020551103
262,13.134926895,0.500000000,0.000000000,0.300000000,-0.009161837,-0.017744166,0.024901949,0.012170860,0.015885814,-0.020507831,-0.026787019,-0.028239938,-0.031531499,0.025323077,-0.007658410,-0.031668610,-0.011814695,0.037004731,0.005005128,-0.000009081,0.000340454,0.015775670,0.010170130,0.000761867,0.000311506,-0.001978579,-0.006718581,-0.001446833,0.015474665,-0.022829568,0.003303974,0.009165940
263,13.184937794,0.500000000,0.000000000,0.300000000,-0.021149495,-0.017872280,0.023534009,0.004912936,0.007899522,-0.022456120,-0.029804341,-0.032490858,-0.015293615,0.030489925,-0.029025710,-0.020356792,-0.013555167,0.042829970,-0.006969339,-0.000466917,-0.000549931,0.008337630,0.003137381,-0.001783309,-0.003124549,-0.006573570,0.009613786,0.004147876,-0.006268185,-0.011893604,0.000688798,0.015302768
264,13.234973466,0.500000000,0.000000000,0.300000000,-0.018222197,-0.016491764,0.018004251,0.007571265,-0.013526730,-0.025697374,-0.028832025,-0.027635062,-0.029146283,0.020930643,-0.014587938,-0.009766036,-0.010245388,0.016620474,-0.004103816,0.000617900,-0.005682979,0.010762110,-0.017458549,-0.005628943,-0.002428730,-0.001957046,-0.004151660,-0.005083193,0.007778958,-0.001612190,0.003100700,-0.010631621
265,13.284901575,0.500000000,0.000000000,0.300000000,-0.020467541,-0.020091512,0.018665090,-0.006277609,0.005895186,-0.027604915,-0.024221088,-0.036977821,-0.028465898,0.032537516,-0.011544885,0.016261406,-0.008197539,0.029720163,-0.006400581,-0.003264942,-0.004578509,-0.003296078,0.002731930,-0.008109595,0.001957004,-0.011487377,-0.003390950,0.006771000,0.010448370,0.024146124,0.004280865,0.002710266
266,13.334931980,0.500000000,0.000000000,0.300000000,-0.004943752,-0.017991457,0.021776840,-0.015565153,0.008073355,-0.016033219,-0.029191712,-0.018145601,-0.021858311,0.027354454,-0.022084970,0.012766256,-0.019788250,0.029757289,0.009032717,-0.001426665,-0.001063032,-0.012798227,0.005576235,0.002908807,-0.003189886,0.007189957,0.003276621,0.001803006,-0.000460746,0.020421809,-0.008155960,0.002947816
267,13.384941644,0.500000000,0.000000000,0.300000000,-0.011327424,-0.016493075,0.018091402,-0.016250559,0.002753542,-0.033965374,-0.022460652,-0.025548158,-0.022174152,0.026834591,-0.017706659,-0.006128290,-0.024437635,0.012969284,0.002513724,-0.000163641,-0.004333715,-0.013722728,0.000838756,-0.015566446,0.003402696,-0.000402173,0.002950461,0.001624220,0.003563840,0.001395179,-0.013612334,-0.013662865
268,13.435283454,0.500000000,0.000000000,0.300000000,-0.023310821,-0.012878996,0.027172608,0.015070998,0.000853091,-0.005411886,-0.022894667,-0.022911606,-0.025946557,0.030803705,-0.015924862,-0.028237582,-0.003645541,-0.000227211,-0.009597568,0.003225162,0.005141610,0.017366447,-0.000535327,0.012496397,0.002789509,0.002107457,-0.000821543,0.006058727,0.004978651,-0.020710962,0.006412985,-0.026655506
269,13.484913300,0.500000000,0.000000000,0.300000000,0.001891405,-0.015133618,0.019715388,0.007819897,0.011630529,-0.022638156,-0.022676241,-0.025655975,-0.026694245,0.030323744,-0.014863504,-0.008088715,-0.014771162,0.037732098,0.015483526,0.000769186,-0.001954236,0.009894743,0.010752653,-0.005164524,0.002766909,-0.000926576,-0.001575521,0.005767724,0.005683905,-0.000626568,-0.005415920,0.011498768
270,13.535029740,0.500000000,0.000000000,0.300000000,-0.009729498,-0.014630834,0.017181366,0.002945587,-0.005921178,-0.020554553,-0.024723894,-0.026780895,-0.020163209,0.026291212,-0.009208077,-0.008775848,0.013441763,-0.003993906,0.003752270,0.001060070,-0.004126060,0.004828052,-0.006297466,-0.003495706,0.000460253,-0.002257899,0.004973079,0.002030624,0.010968835,-0.001383190,0.022129472,-0.030063420
271,13.585066513,0.500000000,0.000000000,0.300000000,-0.013187069,-0.013001786,0.020414720,0.007016570,0.008952068,-0.022066504,-0.023647922,-0.016673595,-0.017356776,0.029056286,-0.056208940,0.005955082,-0.014969676,0.042917723,0.000155942,0.002489736,-0.000706218,0.008725348,0.008932216,-0.005355133,0.001293081,0.007631840,0.007760621,0.004975695,-0.036259925,0.013292550,-0.006805049,0.016952349
272,13.634974012,0.500000000,0.000000000,0.300000000,-0.005415645,-0.015698548,0.023778963,-0.022945071,-0.008829398,-0.013552096,-0.023349359,-0.022713631,-0.026197167,0.015823922,0.000027341,-0.020710163,-0.010408794,0.024520242,0.007908863,-0.000395563,0.003105839,-0.021385558,-0.008365290,0.002820814,0.001311144,0.001402252,-0.001067402,-0.007986031,0.019579991,-0.013452450,-0.002815710,-0.001305095
273,13.684888718,0.500000000,0.000000000,0.300000000,-0.016548410,-0.017960094,0.022130279,-0.004005155,0.012385592,-0.015495699,-0.026341108,-0.028614672,-0.025694457,0.019725669,-0.039690229,0.000555048,-0.003105700,0.024908263,-0.003355993,-0.002873930,0.001750883,-0.002629857,0.013253178,0.000523519,-0.001974532,-0.004718589,-0.000572867,-0.003839208,-0.020473131,0.007726719,0.003914464,-0.000728633
274,13.735001018,0.500000000,0.000000000,0.300000000,-0.008402242,-0.014981457,0.024169118,-0.004942245,0.014606837,-0.021920097,-0.022185943,-0.022682882,-0.030371196,0.021896425,-0.006674624,-0.009911232,-0.016426319,0.036067038,0.004704531,-0.000126328,0.004141432,-0.003713961,0.015887006,-0.006244554,0.001881630,0.000986862,-0.005247984,-0.001399812,0.012187463,-0.002824501,-0.009956683,0.010645800
275,13.784972979,0.500000000,0.000000000,0.300000000,-0.005440810,-0.013598588,0.021480771,0.000376171,0.001321936,-0.012763278,-0.020561392,-0.017906306,-0.024729305,0.027256138,-0.035285971,-0.018053791,-0.015735293,0.019923264,0.007557724,0.001033325,0.001763122,0.001447098,0.002981160,0.002572793,0.003210190,0.005526821,0.000386962,0.004224194,-0.016762038,-0.011052536,-0.009795909,-0.005269254
276,13.835213542,0.500000000,0.000000000,0.300000000,-0.002401467,-0.015232619,0.030894607,-0.011425155,-0.010974970,-0.006435433,-0.021766676,-0.027028701,-0.024333679,0.016504767,-0.006437893,-0.001768921,0.013765754,0.024454452,0.010497306,-0.000824639,0.011491179,-0.010494827,-0.008949953,0.008571338,0.001710936,-0.003831676,0.000778872,-0.006257593,0.011751027,0.005148132,0.019200780,-0.000501687
277,13.884870186,0.500000000,0.000000000,0.300000000,-0.014522038,-0.015985104,0.014063284,-0.005313345,-0.003693812,-0.012959584,-0.025036921,-0.034379787,-0.017715432,0.021963556,-0.014054763,0.007132498,0.008073501,-0.012894494,-0.001726893,-0.001793146,-0.005040429,-0.004524504,-0.001323701,0.001723867,-0.001849924,-0.011421365,0.007386047,-0.000534430,0.003810235,0.013965043,0.013027948,-0.037609517
278,13.934937230,0.500000000,0.000000000,0.300000000,-0.019264819,-0.015544504,0.018926116,0.000519019,0.013967963,-0.004168253,-0.019596382,-0.015312281,-0.037146561,0.026095868,-0.017948681,0.007753954,0.006343835,0.000383818,-0.006570859,-0.001565106,0.000116363,0.001179308,0.016665093,0.010202950,0.003303533,0.007411347,-0.012058523,0.003864548,-0.000398773,0.014504047,0.010841079,-0.024086170
279,13.984924692,0.500000000,0.000000000,0.300000000,-0.007737518,-0.014094776,0.019277409,0.001846304,-0.001843357,-0.008235284,-0.020710770,-0.018410394,-0.032351097,0.025303921,-0.013973175,-0.006097375,0.002022418,-0.002040446,0.004855920,-0.000322904,0.000753071,0.002385976,0.001160436,0.005835245,0.001905559,0.004078124,-0.007279238,0.003333804,0.003266839,0.000570378,0.006080772,-0.026261324
280,14.034904973,0.500000000,0.000000000,0.300000000,-0.014686289,-0.012257578,0.025896715,-0.010998684,0.003408130,-0.010587054,-0.023204857,-0.016865909,-0.031437601,0.020784885,-0.019208536,-0.024503638,0.003928755,-0.001969294,-0.002192211,0.001311959,0.007651858,-0.010576434,0.006701912,0.003189464,-0.000867605,0.005390430,-0.006385102,-0.000925809,-0.002268812,-0.017917190,0.007567677,-0.025937877
281,14.084877146,0.500000000,0.000000000,0.300000000,-0.013751627,-0.016535036,0.017357246,-0.002898120,0.000359016,-0.011973108,-0.021068552,-0.019786592,-0.011528115,0.012663640,-0.010137005,0.005623321,0.004219397,0.053948158,-0.001356902,-0.003162605,-0.000616455,-0.002586988,0.003924785,0.001516802,0.000993507,0.002239772,0.013500632,-0.008789474,0.006512929,0.012129664,0.007458376,0.030233964
282,14.134902763,0.500000000,0.000000000,0.300000000,-0.007344539,-0.012074984,0.023327908,-0.013405976,-0.013563944,-0.002929876,-0.021948262,-0.039027802,-0.022704959,0.027289574,-0.005309797,-0.023322112,0.001545318,0.057884905,0.004952203,0.001104809,0.005619439,-0.013199174,-0.009742638,0.010281835,-0.000158577,-0.017230225,0.002299119,0.006090707,0.011054276,-0.016894622,0.004401997,0.034427525
283,14.185222984,0.500000000,0.000000000,0.300000000,-0.002859038,-0.011885983,0.017317992,-0.003582679,-0.005688795,-0.017755012,-0.020142234,-0.024507788,-0.020514751,0.014624230,0.002482020,-0.004800785,-0.013913226,0.057203172,0.009338693,0.001106489,-0.000141071,-0.003475588,-0.001632636,-0.004811848,0.001381568,-0.002934859,0.004462523,-0.006326285,0.018576468,0.001550652,-0.011415245,0.034002094
284,14.235801948,0.500000000,0.000000000,0.300000000,-0.006627643,-0.014257301,0.014399283,-0.006070287,0.003877101,-0.027408977,-0.019657737,-0.029686684,-0.028924916,0.019363053,-0.021635035,-0.005647003,-0.006841397,0.018765081,0.005477141,-0.001446280,-0.002810403,-0.006053892,0.008155731,-0.014722906,0.001604870,-0.008335518,-0.003976138,-0.001342489,-0.005807564,0.000628940,-0.004686573,-0.004179269
285,14.284955390,0.500000000,0.000000000,0.300000000,-0.011479485,-0.014276614,0.020326673,-0.005002280,-0.014202680,-0.015694098,-0.023707662,-0.016878692,-0.034010174,0.023530148,-0.010287654,0.007098672,-0.017449615,0.065752814,0.000531540,-0.001643663,0.003358553,-0.005071112,-0.009716809,-0.003257567,-0.002702551,0.004254390,-0.009091389,0.003067005,0.005279887,0.013299956,-0.015622526,0.043066351
286,14.335232144,0.500000000,0.000000000,0.300000000,-0.009928446,-0.012438672,0.016236550,-0.026636537,-0.016126995,0.001247637,-0.019403796,-0.026097345,-0.011281422,0.018028142,-0.034332631,-0.015442130,-0.009529418,0.017775856,0.001989497,0.000022780,-0.000495601,-0.026788778,-0.011447517,0.013439730,0.001348090,-0.005180576,0.013603357,-0.002196144,-0.019016592,-0.009314649,-0.008014731,-0.004651556
287,14.384910739,0.500000000,0.000000000,0.300000000,-0.000773131,-0.012415704,0.023056463,-0.007356221,-0.005790409,-0.002747520,-0.023542244,-0.022556479,-0.020815826,0.017279325,-0.002047403,-0.013670494,-0.038428613,0.035821383,0.011040266,-0.000113223,0.006460440,-0.007578937,-0.000975974,0.009239152,-0.003005156,-0.001837079,0.004040466,-0.002750134,0.013089164,-0.007596915,-0.037164459,0.013622494
288,14.435200235,0.500000000,0.000000000,0.300000000,-0.011377416,-0.009968916,0.023517770,-0.006628288,0.003200056,-0.007780998,-0.019382575,-0.037770531,-0.023666875,0.019461378,-0.037579357,0.013866368,-0.004004785,-0.015243777,0.000391327,0.002184530,0.007214320,-0.006908270,0.008211986,0.003991620,0.000916381,-0.017248220,0.001157785,-0.000332132,-0.022706303,0.019863805,-0.003012457,-0.037196499
289,14.484915183,0.500000000,0.000000000,0.300000000,-0.010807521,-0.012905475,0.008624831,0.020376388,-0.021075475,-0.010977607,-0.019440932,-0.013099517,-0.008247829,0.014681721,-0.011177754,0.000120597,0.019663002,0.022210305,0.000852840,-0.000907753,-0.007474937,0.020015873,-0.015911512,0.000565564,0.000615308,0.007219120,0.016533169,-0.004883360,0.003460107,0.006044022,0.020374294,0.000513849
290,14.534921240,0.500000000,0.000000000,0.300000000,-0.012788067,-0.013084988,0.019771663,0.000535807,-0.016431433,-0.012862450,-0.016568830,-0.027747396,-0.029143175,0.014889506,0.008653758,-0.020133916,-0.000143866,-0.005096807,-0.001212423,-0.001249904,0.003904256,0.000114182,-0.011112875,-0.001542566,0.003240699,-0.007637230,-0.004402907,-0.004444970,0.023058748,-0.014282744,0.000302021,-0.026530440
291,14.585198473,0.500000000,0.000000000,0.300000000,-0.014649611,-0.010573541,0.032089545,0.011158913,-0.016527059,-0.011488309,-0.022577869,-0.026980898,-0.028836451,0.024136046,0.011136315,-0.013867965,-0.015280819,0.012954594,-0.003168279,0.001106250,0.016431559,0.010669734,-0.011072979,-0.000389493,-0.003012080,-0.007080412,-0.004141030,0.005030368,0.025317773,-0.008087541,-0.015086985,-0.008214335
292,14.635301173,0.500000000,0.000000000,0.300000000,-0.007528474,-0.009137357,0.009586544,0.003459526,-0.009917870,-0.013568665,-0.021590878,-0.011178418,-0.019594682,0.021510579,-0.031944018,-0.023178200,-0.013641464,0.036647162,0.003865147,0.002386260,-0.005858421,0.002914952,-0.004334109,-0.002681472,-0.002266397,0.008514249,0.005057365,0.002633050,-0.017987239,-0.017467549,-0.013689610,0.015744906
293,14.684998335,0.500000000,0.000000000,0.300000000,-0.014134323,-0.010430991,0.013845531,-0.009317308,0.000893590,-0.002121741,-0.016964692,-0.020888967,-0.020166953,0.020895362,-0.001177577,0.013891054,0.043214015,0.023222443,-0.002830836,0.000941557,-0.001395486,-0.009914811,0.006594679,0.008561091,0.002121043,-0.001404017,0.004435764,0.002240997,0.012566439,0.019531537,0.042937643,0.002587635
294,14.734945906,0.500000000,0.000000000,0.300000000,-0.012226879,-0.008293211,0.010888244,0.010895989,0.000490499,-0.009772958,-0.019577510,-0.022176457,-0.035975541,0.012203608,-0.003099173,0.003852477,-0.018726064,0.008858288,-0.001010560,0.002929621,-0.004151079,0.010248500,0.006300482,0.000708381,-0.000727368,-0.002896217,-0.011420078,-0.006227562,0.010431989,0.009424343,-0.019220440,-0.011509185
295,14.785016369,0.500000000,0.000000000,0.300000000,-0.014357900,-0.013182348,0.021985090,0.013826463,-0.009220841,-0.017989082,-0.020815542,-0.013015542,-0.022295328,0.014118352,-0.009369160,-0.011935313,0.025558810,0.028153311,-0.003229830,-0.002103085,0.007141844,0.013130299,-0.003310457,-0.007703121,-0.002198670,0.006061031,0.002210231,-0.004093667,0.003955361,-0.006431632,0.024856325,0.008052803
296,14.834995038,0.500000000,0.000000000,0.300000000,-0.010376846,-0.010145809,0.011215839,0.001829102,-0.009863119,-0.009338157,-0.021062435,-0.023005189,-0.029548457,0.021314427,-0.013671059,-0.012480628,-0.031223806,-0.020358726,0.000663504,0.000791522,-0.003435894,0.001086700,-0.003860694,0.000755048,-0.002676453,-0.004129875,-0.005094588,0.003319783,-0.000544824,-0.007044448,-0.032120364,-0.040193272
297,14.884956617,0.500000000,0.000000000,0.300000000,-0.003570189,-0.010500731,0.007455900,0.010853678,-0.018233685,-0.018490205,-0.019616769,-0.029384786,-0.025186698,0.014651953,-0.026638097,0.002324972,-0.018481812,0.013738371,0.007384320,0.000297827,-0.007007596,0.010071326,-0.012146997,-0.008581741,-0.001459443,-0.010709285,-0.000786531,-0.003128213,-0.013709611,0.007694307,-0.019564873,-0.005830687
298,14.934979281,0.500000000,0.000000000,0.300000000,-0.016270660,-0.009896292,0.016514432,0.010054211,-0.008276900,-0.007405055,-0.017029951,-0.028220383,-0.025398160,0.019934929,-0.041684336,-0.007400186,0.007533932,-0.016524496,-0.005401898,0.000765727,0.002233959,0.009232945,-0.002114070,0.002321327,0.000901995,-0.009742850,-0.001054472,0.002365987,-0.028942977,-0.002097204,0.006276409,-0.035828304
299,14.984944450,0.500000000,0.000000000,0.300000000,-0.009172447,-0.011796657,0.026969812,-0.016388261,-0.026545354,-0.002946345,-0.018503255,-0.017817041,-0.037192519,0.017403394,-0.047853785,0.001674533,0.009744886,0.004424756,0.001612506,-0.001266796,0.012870947,-0.017246042,-0.020312223,0.006603481,-0.000794532,0.000465069,-0.012904014,0.000045151,-0.035302833,0.006912623,0.008318280,-0.014615516
300,15.034927094,0.500000000,0.000000000,0.300000000,-0.016838789,-0.008226680,0.017934183,0.016167261,-0.012375278,-0.006024566,-0.015242895,-0.028008060,-0.021285535,0.015736089,-0.010507234,0.009953419,-0.001717278,0.020396627,-0.006140342,0.002173838,0.004003027,0.015274127,-0.006082425,0.003353473,0.002247362,-0.009918825,0.002944889,-0.001419178,0.001870400,0.015128270,-0.003297575,0.001616459
301,15.084899630,0.500000000,0.000000000,0.300000000,-0.008263541,-0.009642319,0.015346878,0.020415343,0.007518943,-0.016440547,-0.014986587,-0.027334739,-0.019683762,0.012933312,0.006721487,-0.018108007,0.009346973,0.010065618,0.002355409,0.000631844,0.001587299,0.019495595,0.013868120,-0.007225475,0.002289002,-0.009434853,0.004490094,-0.004020477,0.018918963,-0.012995933,0.007616369,-0.008456425
302,15.134879058,0.500000000,0.000000000,0.300000000,-0.015160796,-0.009210940,0.010001455,0.019420296,-0.014827203,0.013605831,-0.015409347,-0.011877077,-0.013183228,0.014506353,-0.010775992,0.007889658,0.005863758,0.064009726,-0.004624590,0.000940204,-0.003593645,0.018471603,-0.008429779,0.022660297,0.001653919,0.005835859,0.010930656,-0.002249597,0.001255286,0.012939559,0.003995214,0.045743538
303,15.184862574,0.500000000,0.000000000,0.300000000,-0.012383348,-0.008365749,0.014201309,-0.010879919,-0.012927564,-0.017916813,-0.018014317,-0.023072776,-0.022453765,0.020742052,-0.032881023,-0.016631182,-0.022502978,0.011331424,-0.001927204,0.001665691,0.000768891,-0.011857364,-0.006486093,-0.009021539,-0.001160994,-0.005545183,0.001602478,0.004181268,-0.021020786,-0.011642561,-0.024504991,-0.006680939
304,15.235201308,0.500000000,0.000000000,0.300000000,-0.008910546,-0.011258668,0.004211485,0.003515190,-0.004879640,-0.026336761,-0.019862103,-0.006879041,-0.020615374,0.013817977,-0.026143611,-0.026868067,-0.013867120,0.002480813,0.001465565,-0.001345092,-0.009056498,0.002516466,0.001601496,-0.017594763,-0.003219058,0.010464445,0.003375155,-0.002547274,-0.014445208,-0.021941664,-0.015995524,-0.015276897
305,15.284826937,0.500000000,0.000000000,0.300000000,-0.007926203,-0.010689435,0.011860567,0.027555004,-0.002590340,-0.015310528,-0.013929819,-0.013073743,-0.018310629,0.014731037,-0.003277756,-0.007159340,-0.013166807,0.030698689,0.002365286,-0.000884605,-0.001316385,0.026528668,0.003907604,-0.006698734,0.002537523,0.004103720,0.005634820,-0.001474121,0.008297730,-0.002277088,-0.015395272,0.013168255
306,15.334896694,0.500000000,0.000000000,0.300000000,-0.015274115,-0.008362086,0.013198514,-0.016251021,0.008645974,-0.015198576,-0.018953594,-0.026264326,-0.021182891,0.012205479,0.010683803,-0.012435812,-0.005449753,0.025359588,-0.005032980,0.001340368,0.000216436,-0.017284718,0.015192672,-0.006721404,-0.002682366,-0.009255347,0.002700226,-0.003811891,0.022092402,-0.007616129,-0.007783613,0.008063508
307,15.384955688,0.500000000,0.000000000,0.300000000,-0.007591069,-0.009209049,0.020593605,-0.009232503,-0.014675538,-0.003638681,-0.016077094,0.000158811,-0.022937281,0.020221261,-0.026590697,-0.013953816,0.011651455,0.028868080,0.002560997,0.000384361,0.007750680,-0.010290481,-0.008111957,0.004692678,-0.000006063,0.016995151,0.000877082,0.004388356,-0.015333772,-0.009194451,0.009205106,0.011814327
308,15.434951299,0.500000000,0.000000000,0.300000000,-0.012703541,-0.009077809,0.007308439,-0.011595627,0.009814464,0.001531758,-0.014969190,-0.023460654,-0.031137216,0.021946378,-0.008316147,0.005393363,-0.001165268,0.038161755,-0.002627098,0.000405932,-0.005378630,-0.012670526,0.016397907,0.009719852,0.000899327,-0.006801007,-0.007390115,0.006296392,0.002791278,0.010093348,-0.003714523,0.021353964
309,15.484939560,0.500000000,0.000000000,0.300000000,-0.011415090,-0.009621912,0.017525469,0.011551053,-0.026968492,-0.022085055,-0.014548181,-0.010011338,-0.011404148,0.016120650,-0.028698105,-0.011957635,0.007929636,0.018993349,-0.001417586,-0.000247015,0.004984646,0.010461566,-0.020372026,-0.014035279,0.001119108,0.006472999,0.012276308,0.000655148,-0.017738853,-0.007315697,0.005283509,0.002432744
310,15.534894347,0.500000000,0.000000000,0.300000000,-0.007787438,-0.006395548,0.001616626,0.011192770,0.009491470,-0.010631286,-0.013591072,-0.012922708,-0.026372331,0.008156779,-0.011872359,0.012561963,0.018162638,0.028869159,0.002132625,0.002874111,-0.010779812,0.010088263,0.016097666,-0.002718144,0.001877543,0.003386110,-0.002762967,-0.007127389,-0.001053848,0.017146183,0.015427492,0.012555779
311,15.585066213,0.500000000,0.000000000,0.300000000,-0.016352251,-0.007258776,0.010190322,-0.004952899,-0.009662108,-0.002009892,-0.018910698,-0.018547354,-0.023872768,0.015197873,-0.003977959,-0.018285119,-0.017541460,0.013416165,-0.006508996,0.001905570,-0.002064264,-0.006068701,-0.003049416,0.005770756,-0.003639641,-0.002412446,-0.000332342,0.000094229,0.006697936,-0.013757753,-0.020360842,-0.002651804
312,15.635030683,0.500000000,0.000000000,0.300000000,-0.013582223,-0.008832291,0.016866820,-0.003639667,0.004724548,-0.017718093,-0.013384814,-0.013761180,-0.021081657,0.014341490,-0.033332809,-0.018362150,-0.008819147,0.010731774,-0.003814875,0.000228874,0.004751748,-0.004762056,0.011339863,-0.010063658,0.001691449,0.002201829,0.002388825,-0.000584133,-0.022795912,-0.013891348,-0.011719620,-0.005091864
313,15.684917295,0.500000000,0.000000000,0.300000000,-0.011378233,-0.007342927,0.005342675,0.001631306,-0.015405824,-0.013505027,-0.016340148,-0.013118579,-0.033312105,0.012685923,-0.017465367,-0.012725048,-0.022827810,0.022411937,-0.001687507,0.001618274,-0.006636801,0.000497205,-0.008791820,-0.005978160,-0.001456797,0.002672930,-0.009913765,-0.002065685,-0.007062074,-0.008310489,-0.025802014,0.006830063
314,15.734925163,0.500000000,0.000000000,0.300000000,-0.012829367,-0.010825376,0.002784832,0.011273114,-0.017582331,-0.010638595,-0.014577664,-0.016544803,-0.020670113,0.009196745,0.015211428,-0.012474084,0.010672368,0.011750048,-0.003213884,-0.001963647,-0.009060203,0.010131607,-0.010971411,-0.003234925,0.000113891,-0.000921456,0.002658579,-0.005380655,0.025478078,-0.008114353,0.007625776,-0.003592303
315,15.784979529,0.500000000,0.000000000,0.300000000,-0.003556429,-0.008390561,0.012687781,-0.018256873,0.003617302,0.000508484,-0.014970312,-0.013433909,-0.025636659,0.020263395,-0.026948254,-0.013287929,0.012095539,0.031354006,0.005983266,0.000375860,0.000973672,-0.019407976,0.010221680,0.007790247,-0.000468237,0.002022361,-0.002382313,0.005856489,-0.016807462,-0.008982750,0.008984470,0.016249014
316,15.834911716,0.500000000,0.000000000,0.300000000,-0.010431030,-0.008619537,0.011008411,0.004089651,-0.006995819,-0.017308955,-0.018189567,-0.018138456,-0.025152878,0.013526926,-0.020176741,-0.008168668,-0.003479041,-0.001663218,-0.000965008,0.000050623,-0.000576641,0.002936745,-0.000401424,-0.010142938,-0.003875022,-0.002847505,-0.001970160,-0.000711036,-0.010166857,-0.003917341,-0.006653484,-0.016532870
317,15.884955387,0.500000000,0.000000000,0.300000000,0.005606906,-0.008920477,0.011134621,0.007993339,-0.011053953,-0.007857781,-0.014778278,-0.013409208,-0.016273512,0.011889831,-0.021109369,0.001628714,-0.002353366,0.024500022,0.014998519,-0.000341968,-0.000328333,0.006833385,-0.004472671,-0.000806117,-0.000647024,0.001719404,0.006834046,-0.002184034,-0.011216060,0.005828186,-0.005581811,0.009861913
318,15.935005072,0.500000000,0.000000000,0.300000000,-0.009629811,-0.008135717,0.018011599,-0.027904432,-0.013422610,-0.013701884,-0.008728309,-0.006316945,-0.008462051,0.010193177,-0.001453713,-0.042871378,0.003151998,-0.002244058,-0.000308548,0.000351969,0.006672547,-0.029066711,-0.006854202,-0.006760431,0.005222297,0.008651992,0.014573507,-0.003718127,0.008317627,-0.038723135,-0.000127781,-0.016654242
319,15.984864862,0.500000000,0.000000000,0.300000000,-0.008744524,-0.006141009,0.006099923,-0.012179497,-0.016946181,-0.004703251,-0.018431904,-0.014655430,-0.019860040,0.012121262,-0.025603244,-0.011356107,-0.009820167,0.047882502,0.000504348,0.002258297,-0.005121193,-0.013342566,-0.010395743,0.002131865,-0.004660011,0.000156036,0.003102348,-0.001630682,-0.015949732,-0.007258691,-0.013149581,0.033697279
320,16.035373521,0.500000000,0.000000000,0.300000000,-0.017074957,-0.007337726,0.004510767,-0.011074001,-0.010535438,-0.003453948,-0.011922834,-0.025102135,-0.025852715,0.014541925,-0.006297581,-0.001075664,0.030616573,0.019395730,-0.007896778,0.000976522,-0.006591729,-0.012240705,-0.004003715,0.003274503,0.001672371,-0.010446695,-0.002965465,0.000946497,0.003244585,0.002970954,0.027244498,0.005432886
