step,source_elapsed_s,target_center_x,target_center_y,target_center_z,action_0,action_1,action_2,action_3,action_4,action_5,action_6,action_7,action_8,action_9,action_10,action_11,action_12,action_13,noise_0,noise_1,noise_2,noise_3,noise_4,noise_5,noise_6,noise_7,noise_8,noise_9,noise_10,noise_11,noise_12,noise_13
0,0.035511565,0.500000000,0.000000000,0.200000000,0.191817984,0.989268720,0.318289369,-0.960257590,-0.326912612,0.045765676,0.540943146,-0.380657107,0.991039097,-0.005715770,-0.969537020,-0.041137543,0.068960018,0.202864319,0.000000000,0.000000000,0.000000000,0.000000000,0.000000000,0.000000000,0.000000000,0.000000000,0.000000000,0.000000000,0.000000000,0.000000000,0.000000000,0.000000000
1,0.084997476,0.500000000,0.000000000,0.200000000,0.138523519,0.983814001,0.265505910,-0.941695750,-0.222101167,0.064373367,0.552703023,-0.250279188,0.987020731,0.064429715,-0.954047859,0.054578308,0.301348716,0.143892720,0.000000000,0.000000000,0.000000000,0.000000000,0.000000000,0.000000000,0.000000000,0.000000000,0.000000000,0.000000000,0.000000000,0.000000000,0.000000000,0.000000000
2,0.135321282,0.500000000,0.000000000,0.200000000,0.116829351,0.984008789,0.176714644,-0.925022483,-0.281610221,0.213016912,0.553938448,-0.173256963,0.985516429,0.154621378,-0.936054826,0.112782203,0.395483673,0.097356416,0.000000000,0.000000000,0.000000000,0.000000000,0.000000000,0.000000000,0.000000000,0.000000000,0.000000000,0.000000000,0.000000000,0.000000000,0.000000000,0.000000000
3,0.184979455,0.500000000,0.000000000,0.200000000,0.083244219,0.984254241,0.099576212,-0.900084257,-0.327350557,0.338947922,0.550874352,-0.132528350,0.984988570,0.204595372,-0.910597205,0.128105730,0.490398407,0.071385585,0.000000000,0.000000000,0.000000000,0.000000000,0.000000000,0.000000000,0.000000000,0.000000000,0.000000000,0.000000000,0.000000000,0.000000000,0.000000000,0.000000000
4,0.234956575,0.500000000,0.000000000,0.200000000,0.043653429,0.984811366,0.020307066,-0.860858321,-0.366745830,0.458310813,0.541340947,-0.110674731,0.985188186,0.232741311,-0.872671068,0.115788274,0.577115655,0.055036057,0.000000000,0.000000000,0.000000000,0.000000000,0.000000000,0.000000000,0.000000000,0.000000000,0.000000000,0.000000000,0.000000000,0.000000000,0.000000000,0.000000000
5,0.285016621,0.500000000,0.000000000,0.200000000,0.009451808,0.985470891,-0.057165347,-0.795489252,-0.398293376,0.572561443,0.526572704,-0.100937888,0.985806823,0.241321847,-0.812965870,0.082368843,0.652397215,0.042626791,0.000000000,0.000000000,0.000000000,0.000000000,0.000000000,0.000000000,0.000000000,0.000000000,0.000000000,0.000000000,0.000000000,0.000000000,0.000000000,0.000000000
6,0.334892758,0.500000000,0.000000000,0.200000000,-0.013214132,0.986013651,-0.130067512,-0.680141091,-0.418485016,0.676856339,0.504892647,-0.098170787,0.986608624,0.235027879,-0.713905752,0.034173284,0.718064725,0.032892071,0.000000000,0.000000000,0.000000000,0.000000000,0.000000000,0.000000000,0.000000000,0.000000000,0.000000000,0.000000000,0.000000000,0.000000000,0.000000000,0.000000000
7,0.384929388,0.500000000,0.000000000,0.200000000,-0.016610302,0.986240506,-0.200682387,-0.473887742,-0.423555195,0.767126620,0.474538475,-0.101752803,0.987320602,0.218234807,-0.542451441,-0.019557314,0.777007699,0.026637286,0.000000000,0.000000000,0.000000000,0.000000000,0.000000000,0.000000000,0.000000000,0.000000000,0.000000000,0.000000000,0.000000000,0.000000000,0.000000000,0.000000000
8,0.434905124,0.500000000,0.000000000,0.200000000,0.001644774,0.985889733,-0.269906670,-0.129835695,-0.408621788,0.837570131,0.437863410,-0.107493378,0.987578690,0.197580144,-0.251471639,-0.083502844,0.828672767,0.029934522,0.000000000,0.000000000,0.000000000,0.000000000,0.000000000,0.000000000,0.000000000,0.000000000,0.000000000,0.000000000,0.000000000,0.000000000,0.000000000,0.000000000
9,0.484929239,0.500000000,0.000000000,0.200000000,0.030440208,0.984711885,-0.335783720,0.299400300,-0.360471457,0.885139406,0.387760490,-0.112761252,0.986793101,0.181749046,0.156690866,-0.123839438,0.871411562,0.058341116,0.000000000,0.000000000,0.000000000,0.000000000,0.000000000,0.000000000,0.000000000,0.000000000,0.000000000,0.000000000,0.000000000,0.000000000,0.000000000,0.000000000
10,0.534962747,0.500000000,0.000000000,0.200000000,0.052536633,0.981990099,-0.368431360,0.628007710,-0.246664390,0.904816389,0.327206284,-0.129448086,0.983316541,0.171173900,0.520859241,-0.150989473,0.900400221,0.129784077,0.000000000,0.000000000,0.000000000,0.000000000,0.000000000,0.000000000,0.000000000,0.000000000,0.000000000,0.000000000,0.000000000,0.000000000,0.000000000,0.000000000
11,0.585048484,0.500000000,0.000000000,0.200000000,0.072417922,0.974527895,-0.342272848,0.792879045,-0.066314198,0.893094540,0.252037823,-0.153472304,0.973026156,0.149812385,0.720481694,-0.190207064,0.909709990,0.228644729,0.000000000,0.000000000,0.000000000,0.000000000,0.000000000,0.000000000,0.000000000,0.000000000,0.000000000,0.000000000,0.000000000,0.000000000,0.000000000,0.000000000
12,0.634915661,0.500000000,0.000000000,0.200000000,0.091782279,0.954928219,-0.260447502,0.846967220,0.146423638,0.826495528,0.142497882,-0.179931074,0.944033146,0.100428008,0.797001064,-0.257140040,0.894845068,0.307658374,0.000000000,0.000000000,0.000000000,0.000000000,0.000000000,0.000000000,0.000000000,0.000000000,0.000000000,0.000000000,0.000000000,0.000000000,0.000000000,0.000000000
13,0.684920315,0.500000000,0.000000000,0.200000000,0.106161751,0.901054144,-0.174434483,0.843648732,0.367117256,0.626702249,0.027021080,-0.217294499,0.851764560,0.034217197,0.806242466,-0.322878003,0.837657094,0.337991089,0.000000000,0.000000000,0.000000000,0.000000000,0.000000000,0.000000000,0.000000000,0.000000000,0.000000000,0.000000000,0.000000000,0.000000000,0.000000000,0.000000000
14,0.734905732,0.500000000,0.000000000,0.200000000,0.152610198,0.717207074,-0.129233286,0.798894346,0.518852413,0.162672341,-0.059612714,-0.250827342,0.499753714,-0.019234728,0.756172657,-0.326360404,0.639372528,0.330416560,0.000000000,0.000000000,0.000000000,0.000000000,0.000000000,0.000000000,0.000000000,0.000000000,0.000000000,0.000000000,0.000000000,0.000000000,0.000000000,0.000000000
15,0.784955885,0.500000000,0.000000000,0.200000000,0.281763047,0.258757085,-0.143381119,0.722702801,0.641024709,-0.291309476,-0.111248687,-0.246956736,-0.179131925,-0.051929299,0.644743502,-0.183475062,0.210852653,0.285358250,0.000000000,0.000000000,0.000000000,0.000000000,0.000000000,0.000000000,0.000000000,0.000000000,0.000000000,0.000000000,0.000000000,0.000000000,0.000000000,0.000000000
16,0.834919162,0.500000000,0.000000000,0.200000000,0.452108860,-0.611269534,-0.247366548,0.551485002,0.694432199,-0.759382367,-0.018734893,-0.122055948,-0.793289304,0.046877246,0.393391550,0.194519043,-0.413393855,0.180342779,0.000000000,0.000000000,0.000000000,0.000000000,0.000000000,0.000000000,0.000000000,0.000000000,0.000000000,0.000000000,0.000000000,0.000000000,0.000000000,0.000000000
17,0.884882450,0.500000000,0.000000000,0.200000000,0.569425225,-0.845289111,-0.377100796,0.400253832,0.526368737,-0.880795360,0.260657310,0.143246606,-0.906124830,0.222335324,0.214747876,0.445292801,-0.589240611,0.056583818,0.000000000,0.000000000,0.000000000,0.000000000,0.000000000,0.000000000,0.000000000,0.000000000,0.000000000,0.000000000,0.000000000,0.000000000,0.000000000,0.000000000
18,0.934965736,0.500000000,0.000000000,0.200000000,0.561112881,-0.776023805,-0.207651451,0.329188794,0.251372755,-0.789981723,0.388699502,0.260100096,-0.853362203,0.242457435,0.188800573,0.371336430,-0.370680451,-0.003052285,0.000000000,0.000000000,0.000000000,0.000000000,0.000000000,0.000000000,0.000000000,0.000000000,0.000000000,0.000000000,0.000000000,0.000000000,0.000000000,0.000000000
19,0.984942630,0.500000000,0.000000000,0.200000000,0.435409874,-0.619138360,-0.153220326,0.223267734,0.114647254,-0.493656099,0.270207494,0.209208131,-0.628087699,0.088859849,0.051284723,0.178772062,-0.233475536,-0.027349846,0.000000000,0.000000000,0.000000000,0.000000000,0.000000000,0.000000000,0.000000000,0.000000000,0.000000000,0.000000000,0.000000000,0.000000000,0.000000000,0.000000000
20,1.034936036,0.500000000,0.000000000,0.200000000,0.191082299,-0.356633604,-0.222368911,0.104888439,-0.022780852,-0.137973756,0.121639781,0.119481094,-0.231713578,-0.021750759,0.019719154,0.081345715,-0.120846756,-0.053291768,0.000000000,0.000000000,0.000000000,0.000000000,0.000000000,0.000000000,0.000000000,0.000000000,0.000000000,0.000000000,0.000000000,0.000000000,0.000000000,0.000000000
21,1.084923331,0.500000000,0.000000000,0.200000000,0.001565217,-0.102029711,-0.171988353,-0.022589592,-0.012436817,-0.078088753,0.034255628,0.050281856,-0.048744619,-0.069300868,-0.029258873,0.011137971,-0.057760827,-0.036197174,0.000000000,0.000000000,0.000000000,0.000000000,0.000000000,0.000000000,0.000000000,0.000000000,0.000000000,0.000000000,0.000000000,0.000000000,0.000000000,0.000000000
22,1.135020143,0.500000000,0.000000000,0.200000000,-0.047615539,-0.034081575,-0.128061771,-0.006997825,0.000001948,-0.041953430,-0.022110688,0.033524081,0.003940634,-0.072078295,-0.042369712,0.020028170,-0.052793559,-0.025721099,0.000000000,0.000000000,0.000000000,0.000000000,0.000000000,0.000000000,0.000000000,0.000000000,0.000000000,0.000000000,0.000000000,0.000000000,0.000000000,0.000000000
23,1.184979357,0.500000000,0.000000000,0.200000000,-0.016462544,-0.038321301,-0.076977149,-0.010045470,0.021154007,-0.036861185,-0.052418675,0.023655420,0.022042628,-0.077022277,-0.042490579,0.015374753,-0.029479155,-0.014093360,0.000000000,0.000000000,0.000000000,0.000000000,0.000000000,0.000000000,0.000000000,0.000000000,0.000000000,0.000000000,0.000000000,0.000000000,0.000000000,0.000000000
24,1.234929410,0.500000000,0.000000000,0.200000000,-0.006633520,-0.021354098,-0.054500442,-0.024648229,0.041877385,-0.028343750,-0.054605145,0.028019939,0.015565664,-0.055015005,-0.041876435,0.009227215,-0.035452016,-0.011168775,0.000000000,0.000000000,0.000000000,0.000000000,0.000000000,0.000000000,0.000000000,0.000000000,0.000000000,0.000000000,0.000000000,0.000000000,0.000000000,0.000000000
25,1.284909262,0.500000000,0.000000000,0.200000000,0.005898914,-0.012706224,-0.033156075,-0.031049069,0.044356506,-0.027990621,-0.050854828,0.031775840,0.007428969,-0.046437770,-0.035315908,0.006337401,-0.027242400,-0.007712315,0.000000000,0.000000000,0.000000000,0.000000000,0.000000000,0.000000000,0.000000000,0.000000000,0.000000000,0.000000000,0.000000000,0.000000000,0.000000000,0.000000000
26,1.334907994,0.500000000,0.000000000,0.200000000,0.008234762,-0.006798835,-0.027162731,-0.032441355,0.035227802,-0.026099319,-0.043955907,0.033861093,-0.003694542,-0.039371230,-0.031843390,0.006902221,-0.029937468,-0.003692439,0.000000000,0.000000000,0.000000000,0.000000000,0.000000000,0.000000000,0.000000000,0.000000000,0.000000000,0.000000000,0.000000000,0.000000000,0.000000000,0.000000000
27,1.385613864,0.500000000,0.000000000,0.200000000,0.010472466,-0.007263699,-0.022396090,-0.030416822,0.035844911,-0.025222905,-0.039023861,0.032364957,-0.011786804,-0.036494952,-0.024924515,0.008351393,-0.023330001,-0.001862978,0.000000000,0.000000000,0.000000000,0.000000000,0.000000000,0.000000000,0.000000000,0.000000000,0.000000000,0.000000000,0.000000000,0.000000000,0.000000000,0.000000000
28,1.435389530,0.500000000,0.000000000,0.200000000,0.012481935,-0.009753725,-0.022191450,-0.026718555,0.032882042,-0.024135141,-0.035483237,0.030463425,-0.019121286,-0.033028491,-0.023047304,0.010001348,-0.021816010,-0.001313849,0.000000000,0.000000000,0.000000000,0.000000000,0.000000000,0.000000000,0.000000000,0.000000000,0.000000000,0.000000000,0.000000000,0.000000000,0.000000000,0.000000000
29,1.484929814,0.500000000,0.000000000,0.200000000,0.014698967,-0.013627060,-0.021934887,-0.022923548,0.031396098,-0.022903675,-0.032955769,0.028938655,-0.021734601,-0.031269144,-0.020949552,0.011029117,-0.019493584,-0.001536212,0.000000000,0.000000000,0.000000000,0.000000000,0.000000000,0.000000000,0.000000000,0.000000000,0.000000000,0.000000000,0.000000000,0.000000000,0.000000000,0.000000000
30,1.534935775,0.500000000,0.000000000,0.200000000,0.016626628,-0.017528856,-0.022585075,-0.019667009,0.029503055,-0.022683790,-0.030670408,0.027763540,-0.022167204,-0.029643906,-0.020852230,0.011815944,-0.017791733,-0.002055336,0.000000000,0.000000000,0.000000000,0.000000000,0.000000000,0.000000000,0.000000000,0.000000000,0.000000000,0.000000000,0.000000000,0.000000000,0.000000000,0.000000000
31,1.584947652,0.500000000,0.000000000,0.200000000,0.017972009,-0.020407602,-0.023301980,-0.017145455,0.028329095,-0.022302378,-0.029007617,0.027037356,-0.022413837,-0.028531421,-0.020303922,0.012276294,-0.016224883,-0.002540374,0.000000000,0.000000000,0.000000000,0.000000000,0.000000000,0.000000000,0.000000000,0.000000000,0.000000000,0.000000000,0.000000000,0.000000000,0.000000000,0.000000000
32,1.634977072,0.500000000,0.000000000,0.200000000,0.018625192,-0.020239929,-0.023678338,-0.016860262,0.027479453,-0.021966001,-0.027826842,0.026680700,-0.022657817,-0.027900591,-0.020182736,0.012421707,-0.015385099,-0.002801180,0.000000000,0.000000000,0.000000000,0.000000000,0.000000000,0.000000000,0.000000000,0.000000000,0.000000000,0.000000000,0.000000000,0.000000000,0.000000000,0.000000000
33,1.685376015,0.500000000,0.000000000,0.200000000,0.018526431,-0.019981349,-0.024539752,-0.016258026,0.025818067,-0.021464039,-0.026742987,0.026467662,-0.022768922,-0.027146805,-0.019672632,0.012636846,-0.014495818,-0.002902388,0.000000000,0.000000000,0.000000000,0.000000000,0.000000000,0.000000000,0.000000000,0.000000000,0.000000000,0.000000000,0.000000000,0.000000000,0.000000000,0.000000000
34,1.734944419,0.500000000,0.000000000,0.200000000,0.018829623,-0.019783733,-0.024261981,-0.015758725,0.025731042,-0.020908237,-0.026020769,0.026329728,-0.023009792,-0.026548924,-0.019418634,0.012730082,-0.013657928,-0.002804182,0.000000000,0.000000000,0.000000000,0.000000000,0.000000000,0.000000000,0.000000000,0.000000000,0.000000000,0.000000000,0.000000000,0.000000000,0.000000000,0.000000000
35,1.785004293,0.500000000,0.000000000,0.200000000,0.018979564,-0.019580575,-0.023997564,-0.015437826,0.025776073,-0.020358380,-0.025655018,0.026224062,-0.023169976,-0.026062904,-0.019182004,0.012691017,-0.012941845,-0.002620915,0.000000000,0.000000000,0.000000000,0.000000000,0.000000000,0.000000000,0.000000000,0.000000000,0.000000000,0.000000000,0.000000000,0.000000000,0.000000000,0.000000000
36,1.834919996,0.500000000,0.000000000,0.200000000,0.019043498,-0.019362163,-0.023681436,-0.015126516,0.025567126,-0.019890582,-0.025358640,0.026060767,-0.023312965,-0.025881693,-0.018966939,0.012429603,-0.012387566,-0.002427737,0.000000000,0.000000000,0.000000000,0.000000000,0.000000000,0.000000000,0.000000000,0.000000000,0.000000000,0.000000000,0.000000000,0.000000000,0.000000000,0.000000000
37,1.884925663,0.500000000,0.000000000,0.200000000,0.019006802,-0.019162992,-0.023327431,-0.014834310,0.025211470,-0.019489957,-0.025024619,0.025859499,-0.023468418,-0.025751634,-0.018735219,0.012061302,-0.011918234,-0.002225082,0.000000000,0.000000000,0.000000000,0.000000000,0.000000000,0.000000000,0.000000000,0.000000000,0.000000000,0.000000000,0.000000000,0.000000000,0.000000000,0.000000000
38,1.935038910,0.500000000,0.000000000,0.200000000,0.018926997,-0.018978078,-0.022962729,-0.014553573,0.024786107,-0.019135203,-0.024676803,0.025688160,-0.023616804,-0.025632726,-0.018518928,0.011668146,-0.011508433,-0.002001790,0.000000000,0.000000000,0.000000000,0.000000000,0.000000000,0.000000000,0.000000000,0.000000000,0.000000000,0.000000000,0.000000000,0.000000000,0.000000000,0.000000000
39,1.984940042,0.500000000,0.000000000,0.200000000,0.018814892,-0.018795811,-0.022588262,-0.014288373,0.024323631,-0.018801015,-0.024329927,0.025522776,-0.023763936,-0.025518285,-0.018299658,0.011285832,-0.011127326,-0.001767902,0.000000000,0.000000000,0.000000000,0.000000000,0.000000000,0.000000000,0.000000000,0.000000000,0.000000000,0.000000000,0.000000000,0.000000000,0.000000000,0.000000000
40,2.035003063,0.500000000,0.000000000,0.200000000,0.018652219,-0.018601643,-0.022213656,-0.014041630,0.023818960,-0.018466676,-0.023982575,0.025366670,-0.023938218,-0.025238562,-0.018075380,0.011003400,-0.010749865,-0.001528702,0.000000000,0.000000000,0.000000000,0.000000000,0.000000000,0.000000000,0.000000000,0.000000000,0.000000000,0.000000000,0.000000000,0.000000000,0.000000000,0.000000000
41,2.084971047,0.500000000,0.000000000,0.200000000,0.018465297,-0.018372616,-0.021845851,-0.013825009,0.023291402,-0.018123588,-0.023644153,0.025277512,-0.024103051,-0.024816409,-0.017859561,0.010850086,-0.010385810,-0.001271217,0.000000000,0.000000000,0.000000000,0.000000000,0.000000000,0.000000000,0.000000000,0.000000000,0.000000000,0.000000000,0.000000000,0.000000000,0.000000000,0.000000000
42,2.135124506,0.500000000,0.000000000,0.200000000,0.018268622,-0.018122271,-0.021488078,-0.013610458,0.022744574,-0.017753933,-0.023317907,0.025246419,-0.024262035,-0.024307275,-0.017645501,0.010814029,-0.010036653,-0.000994257,0.000000000,0.000000000,0.000000000,0.000000000,0.000000000,0.000000000,0.000000000,0.000000000,0.000000000,0.000000000,0.000000000,0.000000000,0.000000000,0.000000000
43,2.185002479,0.500000000,0.000000000,0.200000000,0.018064888,-0.017865337,-0.021152031,-0.013400747,0.022195973,-0.017373251,-0.023013126,0.025147196,-0.024411047,-0.023914946,-0.017445082,0.010783545,-0.009695912,-0.000704728,0.000000000,0.000000000,0.000000000,0.000000000,0.000000000,0.000000000,0.000000000,0.000000000,0.000000000,0.000000000,0.000000000,0.000000000,0.000000000,0.000000000
44,2.234962595,0.500000000,0.000000000,0.200000000,0.017859355,-0.017622108,-0.020836847,-0.013183929,0.021665718,-0.017001934,-0.022720160,0.024997966,-0.024547303,-0.023618998,-0.017249964,0.010693076,-0.009354065,-0.000416718,0.000000000,0.000000000,0.000000000,0.000000000,0.000000000,0.000000000,0.000000000,0.000000000,0.000000000,0.000000000,0.000000000,0.000000000,0.000000000,0.000000000
45,2.284968229,0.500000000,0.000000000,0.200000000,0.017661113,-0.017401744,-0.020533036,-0.012967795,0.021157648,-0.016653853,-0.022430487,0.024863997,-0.024677193,-0.023313664,-0.017073527,0.010579631,-0.009027862,-0.000140101,0.000000000,0.000000000,0.000000000,0.000000000,0.000000000,0.000000000,0.000000000,0.000000000,0.000000000,0.000000000,0.000000000,0.000000000,0.000000000,0.000000000
46,2.335316333,0.500000000,0.000000000,0.200000000,0.017465960,-0.017186649,-0.020232769,-0.012760472,0.020667631,-0.016318727,-0.022146881,0.024719724,-0.024809560,-0.023028981,-0.016885409,0.010450750,-0.008700047,0.000123382,0.000000000,0.000000000,0.000000000,0.000000000,0.000000000,0.000000000,0.000000000,0.000000000,0.000000000,0.000000000,0.000000000,0.000000000,0.000000000,0.000000000
47,2.384951231,0.500000000,0.000000000,0.200000000,0.017274590,-0.016978675,-0.019939469,-0.012555785,0.020190636,-0.015996290,-0.021866569,0.024575986,-0.024932627,-0.022747064,-0.016712517,0.010314598,-0.008381960,0.000374943,0.000000000,0.000000000,0.000000000,0.000000000,0.000000000,0.000000000,0.000000000,0.000000000,0.000000000,0.000000000,0.000000000,0.000000000,0.000000000,0.000000000
48,2.434878091,0.500000000,0.000000000,0.200000000,0.017082520,-0.016774856,-0.019653508,-0.012352647,0.019725017,-0.015677784,-0.021591771,0.024428492,-0.025053781,-0.022477252,-0.016536582,0.010173111,-0.008068968,0.000616588,0.000000000,0.000000000,0.000000000,0.000000000,0.000000000,0.000000000,0.000000000,0.000000000,0.000000000,0.000000000,0.000000000,0.000000000,0.000000000,0.000000000
49,2.484969574,0.500000000,0.000000000,0.200000000,0.016893933,-0.016573939,-0.019365832,-0.012150461,0.019266140,-0.015364846,-0.021317486,0.024277812,-0.025174329,-0.022211311,-0.016357251,0.010024681,-0.007755005,0.000849776,0.000000000,0.000000000,0.000000000,0.000000000,0.000000000,0.000000000,0.000000000,0.000000000,0.000000000,0.000000000,0.000000000,0.000000000,0.000000000,0.000000000
50,2.534888360,0.500000000,0.000000000,0.200000000,0.016711192,-0.016407121,-0.019162357,-0.012025130,0.018880906,-0.015147697,-0.021090301,0.024147162,-0.025248637,-0.022001665,-0.016284969,0.009913887,-0.007531351,0.001069054,0.000000000,0.000000000,0.000000000,0.000000000,0.000000000,0.000000000,0.000000000,0.000000000,0.000000000,0.000000000,0.000000000,0.000000000,0.000000000,0.000000000
51,2.585012257,0.500000000,0.000000000,0.200000000,0.016543636,-0.016241286,-0.018869106,-0.011800602,0.018471707,-0.014845792,-0.020846028,0.024000842,-0.025272762,-0.021755734,-0.016107423,0.009761254,-0.007241525,0.001266404,0.000000000,0.000000000,0.000000000,0.000000000,0.000000000,0.000000000,0.000000000,0.000000000,0.000000000,0.000000000,0.000000000,0.000000000,0.000000000,0.000000000
52,2.635090977,0.500000000,0.000000000,0.200000000,0.016368834,-0.016067138,-0.018600710,-0.011623288,0.018034391,-0.014581608,-0.020581245,0.023842383,-0.025282525,-0.021517932,-0.015995126,0.009605403,-0.006966076,0.001466258,0.000000000,0.000000000,0.000000000,0.000000000,0.000000000,0.000000000,0.000000000,0.000000000,0.000000000,0.000000000,0.000000000,0.000000000,0.000000000,0.000000000
53,2.684939296,0.500000000,0.000000000,0.200000000,0.016181674,-0.015903087,-0.018334726,-0.011434157,0.017606029,-0.014318180,-0.020323599,0.023684788,-0.025252242,-0.021285255,-0.015890876,0.009445259,-0.006703739,0.001662804,0.000000000,0.000000000,0.000000000,0.000000000,0.000000000,0.000000000,0.000000000,0.000000000,0.000000000,0.000000000,0.000000000,0.000000000,0.000000000,0.000000000
54,2.735387859,0.500000000,0.000000000,0.200000000,0.015997296,-0.015745681,-0.018072074,-0.011250673,0.017185593,-0.014066461,-0.020069527,0.023525480,-0.025229398,-0.021060497,-0.015778579,0.009283984,-0.006442786,0.001855893,0.000000000,0.000000000,0.000000000,0.000000000,0.000000000,0.000000000,0.000000000,0.000000000,0.000000000,0.000000000,0.000000000,0.000000000,0.000000000,0.000000000
55,2.784976890,0.500000000,0.000000000,0.200000000,0.015816838,-0.015592759,-0.017812209,-0.011068306,0.016775759,-0.013818569,-0.019820552,0.023365099,-0.025202429,-0.020840503,-0.015672211,0.009121397,-0.006189535,0.002043274,0.000000000,0.000000000,0.000000000,0.000000000,0.000000000,0.000000000,0.000000000,0.000000000,0.000000000,0.000000000,0.000000000,0.000000000,0.000000000,0.000000000
56,2.834982734,0.500000000,0.000000000,0.200000000,0.015637850,-0.015444408,-0.017559221,-0.010888955,0.016375028,-0.013574339,-0.019575918,0.023205265,-0.025182556,-0.020624261,-0.015557291,0.008959374,-0.005937074,0.002224389,0.000000000,0.000000000,0.000000000,0.000000000,0.000000000,0.000000000,0.000000000,0.000000000,0.000000000,0.000000000,0.000000000,0.000000000,0.000000000,0.000000000
57,2.884938201,0.500000000,0.000000000,0.200000000,0.015462597,-0.015297055,-0.017310478,-0.010715891,0.015985033,-0.013336263,-0.019335251,0.023043720,-0.025164992,-0.020414868,-0.015447496,0.008797262,-0.005692123,0.002398486,0.000000000,0.000000000,0.000000000,0.000000000,0.000000000,0.000000000,0.000000000,0.000000000,0.000000000,0.000000000,0.000000000,0.000000000,0.000000000,0.000000000
58,2.934962102,0.500000000,0.000000000,0.200000000,0.015287147,-0.015150343,-0.017068882,-0.010545656,0.015604232,-0.013100567,-0.019099126,0.022882976,-0.025156295,-0.020209556,-0.015327421,0.008635240,-0.005446127,0.002565974,0.000000000,0.000000000,0.000000000,0.000000000,0.000000000,0.000000000,0.000000000,0.000000000,0.000000000,0.000000000,0.000000000,0.000000000,0.000000000,0.000000000
59,2.984946630,0.500000000,0.000000000,0.200000000,0.015116940,-0.015005806,-0.016829250,-0.010373879,0.015233414,-0.012865229,-0.018866558,0.022721635,-0.025149593,-0.020009052,-0.015212053,0.008474557,-0.005206821,0.002727554,0.000000000,0.000000000,0.000000000,0.000000000,0.000000000,0.000000000,0.000000000,0.000000000,0.000000000,0.000000000,0.000000000,0.000000000,0.000000000,0.000000000
60,3.034960585,0.500000000,0.000000000,0.200000000,0.014946689,-0.014864231,-0.016597169,-0.010209664,0.014870602,-0.012636056,-0.018637734,0.022559088,-0.025144307,-0.019815518,-0.015095017,0.008313844,-0.004972134,0.002882957,0.000000000,0.000000000,0.000000000,0.000000000,0.000000000,0.000000000,0.000000000,0.000000000,0.000000000,0.000000000,0.000000000,0.000000000,0.000000000,0.000000000
61,3.084917297,0.500000000,0.000000000,0.200000000,0.014778923,-0.014719736,-0.016366815,-0.010050156,0.014518905,-0.012413125,-0.018411739,0.022397999,-0.025145050,-0.019623635,-0.014971782,0.008154323,-0.004736165,0.003032086,0.000000000,0.000000000,0.000000000,0.000000000,0.000000000,0.000000000,0.000000000,0.000000000,0.000000000,0.000000000,0.000000000,0.000000000,0.000000000,0.000000000
62,3.135045449,0.500000000,0.000000000,0.200000000,0.014612000,-0.014579963,-0.016148707,-0.009895557,0.014177822,-0.012196361,-0.018192891,0.022237830,-0.025142645,-0.019439438,-0.014863504,0.007999928,-0.004512920,0.003175322,0.000000000,0.000000000,0.000000000,0.000000000,0.000000000,0.000000000,0.000000000,0.000000000,0.000000000,0.000000000,0.000000000,0.000000000,0.000000000,0.000000000
63,3.184901128,0.500000000,0.000000000,0.200000000,0.014447727,-0.014440130,-0.015931576,-0.009748400,0.013849054,-0.011987641,-0.017978743,0.022078557,-0.025142631,-0.019260334,-0.014744261,0.007846723,-0.004289198,0.003312136,0.000000000,0.000000000,0.000000000,0.000000000,0.000000000,0.000000000,0.000000000,0.000000000,0.000000000,0.000000000,0.000000000,0.000000000,0.000000000,0.000000000
64,3.234880285,0.500000000,0.000000000,0.200000000,0.014286753,-0.014304857,-0.015720258,-0.009597562,0.013528016,-0.011779665,-0.017767757,0.021919444,-0.025143569,-0.019083880,-0.014628177,0.007695307,-0.004069962,0.003443451,0.000000000,0.000000000,0.000000000,0.000000000,0.000000000,0.000000000,0.000000000,0.000000000,0.000000000,0.000000000,0.000000000,0.000000000,0.000000000,0.000000000
65,3.284851213,0.500000000,0.000000000,0.200000000,0.014127164,-0.014167823,-0.015511543,-0.009453152,0.013214620,-0.011575070,-0.017560130,0.021760346,-0.025140541,-0.018911343,-0.014517514,0.007545738,-0.003857638,0.003569312,0.000000000,0.000000000,0.000000000,0.000000000,0.000000000,0.000000000,0.000000000,0.000000000,0.000000000,0.000000000,0.000000000,0.000000000,0.000000000,0.000000000
66,3.334866334,0.500000000,0.000000000,0.200000000,0.013967291,-0.014033218,-0.015304227,-0.009306457,0.012904267,-0.011371100,-0.017352479,0.021599056,-0.025138112,-0.018741662,-0.014397109,0.007394708,-0.003642826,0.003690151,0.000000000,0.000000000,0.000000000,0.000000000,0.000000000,0.000000000,0.000000000,0.000000000,0.000000000,0.000000000,0.000000000,0.000000000,0.000000000,0.000000000
67,3.384911286,0.500000000,0.000000000,0.200000000,0.013816550,-0.013916013,-0.015156173,-0.009216513,0.012647971,-0.011231925,-0.017179795,0.021468196,-0.025153048,-0.018600076,-0.014335312,0.007281228,-0.003481761,0.003808212,0.000000000,0.000000000,0.000000000,0.000000000,0.000000000,0.000000000,0.000000000,0.000000000,0.000000000,0.000000000,0.000000000,0.000000000,0.000000000,0.000000000
68,3.435120044,0.500000000,0.000000000,0.200000000,0.013676498,-0.013796469,-0.014942822,-0.009052160,0.012374995,-0.011021086,-0.016995426,0.021311998,-0.025130859,-0.018442998,-0.014196789,0.007136574,-0.003275308,0.003909173,0.000000000,0.000000000,0.000000000,0.000000000,0.000000000,0.000000000,0.000000000,0.000000000,0.000000000,0.000000000,0.000000000,0.000000000,0.000000000,0.000000000
69,3.484907318,0.500000000,0.000000000,0.200000000,0.013529592,-0.013662771,-0.014748420,-0.008921204,0.012084577,-0.010830031,-0.016794361,0.021152584,-0.025132878,-0.018283505,-0.014085320,0.006991147,-0.003073608,0.004011982,0.000000000,0.000000000,0.000000000,0.000000000,0.000000000,0.000000000,0.000000000,0.000000000,0.000000000,0.000000000,0.000000000,0.000000000,0.000000000,0.000000000
70,3.534934563,0.500000000,0.000000000,0.200000000,0.013374917,-0.013531859,-0.014554985,-0.008787365,0.011802517,-0.010639989,-0.016596975,0.020994017,-0.025131201,-0.018124815,-0.013968042,0.006846999,-0.002873517,0.004112474,0.000000000,0.000000000,0.000000000,0.000000000,0.000000000,0.000000000,0.000000000,0.000000000,0.000000000,0.000000000,0.000000000,0.000000000,0.000000000,0.000000000
71,3.584921276,0.500000000,0.000000000,0.200000000,0.013221096,-0.013397668,-0.014363828,-0.008655798,0.011526361,-0.010452612,-0.016402375,0.020834524,-0.025132684,-0.017968969,-0.013853176,0.006705564,-0.002676078,0.004211207,0.000000000,0.000000000,0.000000000,0.000000000,0.000000000,0.000000000,0.000000000,0.000000000,0.000000000,0.000000000,0.000000000,0.000000000,0.000000000,0.000000000
72,3.634962296,0.500000000,0.000000000,0.200000000,0.013067671,-0.013268037,-0.014177229,-0.008526845,0.011255218,-0.010269824,-0.016210767,0.020676209,-0.025130384,-0.017814152,-0.013742869,0.006567496,-0.002485434,0.004307072,0.000000000,0.000000000,0.000000000,0.000000000,0.000000000,0.000000000,0.000000000,0.000000000,0.000000000,0.000000000,0.000000000,0.000000000,0.000000000,0.000000000
73,3.684924252,0.500000000,0.000000000,0.200000000,0.012915996,-0.013138688,-0.013991940,-0.008400410,0.010992020,-0.010089942,-0.016021803,0.020517265,-0.025131209,-0.017663460,-0.013627376,0.006431276,-0.002296280,0.004399703,0.000000000,0.000000000,0.000000000,0.000000000,0.000000000,0.000000000,0.000000000,0.000000000,0.000000000,0.000000000,0.000000000,0.000000000,0.000000000,0.000000000
74,3.734931496,0.500000000,0.000000000,0.200000000,0.012766197,-0.013011632,-0.013810762,-0.008273290,0.010734366,-0.009911548,-0.015834961,0.020359663,-0.025129594,-0.017512945,-0.013517784,0.006298303,-0.002113369,0.004488997,0.000000000,0.000000000,0.000000000,0.000000000,0.000000000,0.000000000,0.000000000,0.000000000,0.000000000,0.000000000,0.000000000,0.000000000,0.000000000,0.000000000
75,3.785041058,0.500000000,0.000000000,0.200000000,0.012616114,-0.012882252,-0.013632161,-0.008155050,0.010483257,-0.009738145,-0.015651237,0.020201329,-0.025127940,-0.017367493,-0.013406731,0.006166820,-0.001933930,0.004574073,0.000000000,0.000000000,0.000000000,0.000000000,0.000000000,0.000000000,0.000000000,0.000000000,0.000000000,0.000000000,0.000000000,0.000000000,0.000000000,0.000000000
76,3.834955954,0.500000000,0.000000000,0.200000000,0.012467134,-0.012756179,-0.013457953,-0.008033859,0.010237854,-0.009565963,-0.015470484,0.020045495,-0.025127999,-0.017221164,-0.013293800,0.006038675,-0.001755191,0.004655678,0.000000000,0.000000000,0.000000000,0.000000000,0.000000000,0.000000000,0.000000000,0.000000000,0.000000000,0.000000000,0.000000000,0.000000000,0.000000000,0.000000000
77,3.884965713,0.500000000,0.000000000,0.200000000,0.012321601,-0.012630777,-0.013284788,-0.007916654,0.009998901,-0.009397148,-0.015292056,0.019888053,-0.025124939,-0.017080374,-0.013186472,0.005912228,-0.001583784,0.004734145,0.000000000,0.000000000,0.000000000,0.000000000,0.000000000,0.000000000,0.000000000,0.000000000,0.000000000,0.000000000,0.000000000,0.000000000,0.000000000,0.000000000
78,3.935075389,0.500000000,0.000000000,0.200000000,0.012176203,-0.012506133,-0.013113962,-0.007803784,0.009767247,-0.009233756,-0.015115749,0.019733647,-0.025123421,-0.016938839,-0.013076222,0.005788463,-0.001413687,0.004808486,0.000000000,0.000000000,0.000000000,0.000000000,0.000000000,0.000000000,0.000000000,0.000000000,0.000000000,0.000000000,0.000000000,0.000000000,0.000000000,0.000000000
79,3.984904757,0.500000000,0.000000000,0.200000000,0.012031876,-0.012381638,-0.012950866,-0.007697904,0.009543774,-0.009076949,-0.014944841,0.019581163,-0.025123667,-0.016801728,-0.012969875,0.005669734,-0.001248597,0.004879339,0.000000000,0.000000000,0.000000000,0.000000000,0.000000000,0.000000000,0.000000000,0.000000000,0.000000000,0.000000000,0.000000000,0.000000000,0.000000000,0.000000000
80,4.035258606,0.500000000,0.000000000,0.200000000,0.258516073,-0.839753687,-0.066292144,-0.940022171,0.437046468,-0.987477481,0.011421712,0.143590108,-0.877535045,-0.186486840,-0.947509587,0.231213659,-0.988446474,-0.446825415,0.000000000,0.000000000,0.000000000,0.000000000,0.000000000,0.000000000,0.000000000,0.000000000,0.000000000,0.000000000,0.000000000,0.000000000,0.000000000,0.000000000
81,4.084996231,0.400000000,0.000000000,0.200000000,0.244822815,-0.201923102,0.024912290,-0.813150585,-0.178798422,-0.864799857,0.236692846,0.333043426,-0.616853654,0.086758144,-0.742892385,0.217848554,-0.927129507,-0.499109626,0.000000000,0.000000000,0.000000000,0.000000000,0.000000000,0.000000000,0.000000000,0.000000000,0.000000000,0.000000000,0.000000000,0.000000000,0.000000000,0.000000000
82,4.134949868,0.400000000,0.000000000,0.200000000,0.199476987,0.059797507,0.022750810,-0.495987862,-0.355824709,-0.398857445,0.278246105,0.320438832,-0.293702900,0.038278449,-0.514566720,0.193900213,-0.685333729,-0.404847652,0.000000000,0.000000000,0.000000000,0.000000000,0.000000000,0.000000000,0.000000000,0.000000000,0.000000000,0.000000000,0.000000000,0.000000000,0.000000000,0.000000000
83,4.184850907,0.400000000,0.000000000,0.200000000,0.090144821,0.031272508,-0.091880612,-0.240680665,-0.318057120,-0.112836249,0.149536267,0.116892084,-0.072071157,-0.090346389,-0.242554262,0.021737212,-0.172492325,-0.364312470,0.000000000,0.000000000,0.000000000,0.000000000,0.000000000,0.000000000,0.000000000,0.000000000,0.000000000,0.000000000,0.000000000,0.000000000,0.000000000,0.000000000
84,4.234938551,0.400000000,0.000000000,0.200000000,0.022117240,-0.121433847,-0.187798798,-0.042361744,-0.196625173,-0.043307416,-0.014799587,-0.075718805,-0.022079874,-0.174798235,-0.056325771,-0.108571060,0.083066911,-0.325582385,0.000000000,0.000000000,0.000000000,0.000000000,0.000000000,0.000000000,0.000000000,0.000000000,0.000000000,0.000000000,0.000000000,0.000000000,0.000000000,0.000000000
85,4.284920177,0.400000000,0.000000000,0.200000000,-0.016451625,-0.211014360,-0.175920382,0.145932436,-0.123383626,0.045319762,-0.127898395,-0.148495927,0.026753780,-0.149623543,0.115652934,-0.155977026,0.119541563,-0.235942811,0.000000000,0.000000000,0.000000000,0.000000000,0.000000000,0.000000000,0.000000000,0.000000000,0.000000000,0.000000000,0.000000000,0.000000000,0.000000000,0.000000000
86,4.334897417,0.400000000,0.000000000,0.200000000,-0.016373074,-0.198292628,-0.088598028,0.142030492,-0.078976519,0.027982058,-0.185940161,-0.113300726,0.006556505,-0.031692334,0.131351948,-0.064370386,0.103202745,-0.123102076,0.000000000,0.000000000,0.000000000,0.000000000,0.000000000,0.000000000,0.000000000,0.000000000,0.000000000,0.000000000,0.000000000,0.000000000,0.000000000,0.000000000
87,4.385147843,0.400000000,0.000000000,0.200000000,-0.045002934,-0.118029192,-0.047835026,0.086447924,-0.074941367,0.033405408,-0.208571315,-0.095364593,-0.013303432,-0.007341983,0.097867273,-0.038177382,0.066739030,-0.052165382,0.000000000,0.000000000,0.000000000,0.000000000,0.000000000,0.000000000,0.000000000,0.000000000,0.000000000,0.000000000,0.000000000,0.000000000,0.000000000,0.000000000
88,4.435058461,0.400000000,0.000000000,0.200000000,-0.064512402,-0.065937422,-0.000360377,0.047852781,-0.034882993,0.030636488,-0.202940047,-0.035862103,-0.023870606,0.042473696,0.058570217,-0.013963812,0.032753088,-0.016020946,0.000000000,0.000000000,0.000000000,0.000000000,0.000000000,0.000000000,0.000000000,0.000000000,0.000000000,0.000000000,0.000000000,0.000000000,0.000000000,0.000000000
89,4.484972123,0.400000000,0.000000000,0.200000000,-0.073392570,-0.030788019,0.037029024,0.016669990,-0.022293802,0.024495268,-0.188927546,-0.020001408,-0.023142505,0.027790943,0.024004372,-0.022115119,0.010430435,0.008565417,0.000000000,0.000000000,0.000000000,0.000000000,0.000000000,0.000000000,0.000000000,0.000000000,0.000000000,0.000000000,0.000000000,0.000000000,0.000000000,0.000000000
90,4.534921530,0.400000000,0.000000000,0.200000000,-0.057581287,-0.028120495,0.059864804,0.001109976,-0.007975956,0.012069168,-0.160856873,-0.017177157,-0.019558083,0.023757717,-0.003905968,-0.030213062,-0.012077951,0.027214846,0.000000000,0.000000000,0.000000000,0.000000000,0.000000000,0.000000000,0.000000000,0.000000000,0.000000000,0.000000000,0.000000000,0.000000000,0.000000000,0.000000000
91,4.585039355,0.400000000,0.000000000,0.200000000,-0.044307090,-0.016343631,0.061392765,-0.018080898,0.010495132,-0.000758834,-0.123886228,-0.017978488,-0.013185723,0.016935615,-0.007221877,-0.035579670,-0.017548980,0.034069944,0.000000000,0.000000000,0.000000000,0.000000000,0.000000000,0.000000000,0.000000000,0.000000000,0.000000000,0.000000000,0.000000000,0.000000000,0.000000000,0.000000000
92,4.634942967,0.400000000,0.000000000,0.200000000,-0.034714758,-0.007178826,0.056114741,-0.026482003,0.027275341,-0.010026856,-0.093135610,-0.020329973,-0.017302107,0.009827603,-0.004597459,-0.032805208,-0.012927065,0.030244548,0.000000000,0.000000000,0.000000000,0.000000000,0.000000000,0.000000000,0.000000000,0.000000000,0.000000000,0.000000000,0.000000000,0.000000000,0.000000000,0.000000000
93,4.684925756,0.400000000,0.000000000,0.200000000,-0.029363012,-0.004438582,0.050668497,-0.022961853,0.034277018,-0.010171904,-0.070746794,-0.020234406,-0.019083487,0.010131527,-0.004344963,-0.027980883,-0.008427301,0.027139599,0.000000000,0.000000000,0.000000000,0.000000000,0.000000000,0.000000000,0.000000000,0.000000000,0.000000000,0.000000000,0.000000000,0.000000000,0.000000000,0.000000000
94,4.735233985,0.400000000,0.000000000,0.200000000,-0.024312025,-0.007675753,0.045974120,-0.016409522,0.027133618,-0.009008551,-0.054171380,-0.021355754,-0.021160198,0.009017230,-0.003925771,-0.025781572,-0.005959485,0.027979355,0.000000000,0.000000000,0.000000000,0.000000000,0.000000000,0.000000000,0.000000000,0.000000000,0.000000000,0.000000000,0.000000000,0.000000000,0.000000000,0.000000000
95,4.784908896,0.400000000,0.000000000,0.200000000,-0.022537595,-0.012536154,0.040252257,-0.011210445,0.026346935,-0.008244856,-0.042743158,-0.021109892,-0.022049960,0.010422664,-0.004549209,-0.023357887,-0.004712636,0.027731786,0.000000000,0.000000000,0.000000000,0.000000000,0.000000000,0.000000000,0.000000000,0.000000000,0.000000000,0.000000000,0.000000000,0.000000000,0.000000000,0.000000000
96,4.834924400,0.400000000,0.000000000,0.200000000,-0.022686008,-0.016450413,0.033937037,-0.007468081,0.024586642,-0.007665886,-0.036594782,-0.022299323,-0.022829683,0.010231846,-0.004438273,-0.021007659,-0.003984907,0.027023887,0.000000000,0.000000000,0.000000000,0.000000000,0.000000000,0.000000000,0.000000000,0.000000000,0.000000000,0.000000000,0.000000000,0.000000000,0.000000000,0.000000000
97,4.885173759,0.400000000,0.000000000,0.200000000,-0.023292417,-0.019974111,0.029471681,-0.004215026,0.022708658,-0.007346982,-0.032773033,-0.022706842,-0.023086891,0.010971605,-0.004434711,-0.018721100,-0.003966847,0.026692471,0.000000000,0.000000000,0.000000000,0.000000000,0.000000000,0.000000000,0.000000000,0.000000000,0.000000000,0.000000000,0.000000000,0.000000000,0.000000000,0.000000000
98,4.934971927,0.400000000,0.000000000,0.200000000,-0.023912475,-0.022121398,0.026641985,-0.002243340,0.020291079,-0.007127619,-0.030275626,-0.022997607,-0.023173327,0.011218674,-0.004366554,-0.016832333,-0.004363807,0.026872408,0.000000000,0.000000000,0.000000000,0.000000000,0.000000000,0.000000000,0.000000000,0.000000000,0.000000000,0.000000000,0.000000000,0.000000000,0.000000000,0.000000000
99,4.984892661,0.400000000,0.000000000,0.200000000,-0.024073405,-0.021826422,0.025454706,-0.002013416,0.018190004,-0.006888735,-0.028435661,-0.022790276,-0.023463277,0.011357907,-0.004205253,-0.015466387,-0.004965071,0.027202226,0.000000000,0.000000000,0.000000000,0.000000000,0.000000000,0.000000000,0.000000000,0.000000000,0.000000000,0.000000000,0.000000000,0.000000000,0.000000000,0.000000000
100,5.035023337,0.400000000,0.000000000,0.200000000,-0.023444781,-0.021929668,0.025125779,-0.001554000,0.016732445,-0.006529037,-0.027270267,-0.022253964,-0.023645524,0.011335572,-0.003968924,-0.014447958,-0.005263593,0.027380884,0.000000000,0.000000000,0.000000000,0.000000000,0.000000000,0.000000000,0.000000000,0.000000000,0.000000000,0.000000000,0.000000000,0.000000000,0.000000000,0.000000000
101,5.084873713,0.400000000,0.000000000,0.200000000,-0.022818284,-0.021956047,0.025143605,-0.001376229,0.015856968,-0.006261922,-0.026617981,-0.021738395,-0.023903839,0.011259542,-0.003761130,-0.013770760,-0.005496432,0.027439322,0.000000000,0.000000000,0.000000000,0.000000000,0.000000000,0.000000000,0.000000000,0.000000000,0.000000000,0.000000000,0.000000000,0.000000000,0.000000000,0.000000000
102,5.135079907,0.400000000,0.000000000,0.200000000,-0.022304159,-0.021891942,0.025006451,-0.001260962,0.014984055,-0.005996863,-0.026094107,-0.021052467,-0.024243969,0.011439070,-0.003466479,-0.013051104,-0.005588905,0.027297597,0.000000000,0.000000000,0.000000000,0.000000000,0.000000000,0.000000000,0.000000000,0.000000000,0.000000000,0.000000000,0.000000000,0.000000000,0.000000000,0.000000000
103,5.185407638,0.400000000,0.000000000,0.200000000,-0.021764381,-0.021934003,0.025036348,-0.001156594,0.014233690,-0.005802305,-0.025792621,-0.020559503,-0.024021327,0.011429721,-0.003563946,-0.012410235,-0.005756628,0.027104354,0.000000000,0.000000000,0.000000000,0.000000000,0.000000000,0.000000000,0.000000000,0.000000000,0.000000000,0.000000000,0.000000000,0.000000000,0.000000000,0.000000000
104,5.234909684,0.400000000,0.000000000,0.200000000,-0.021572819,-0.021932706,0.024639290,-0.001070816,0.013348848,-0.005652285,-0.025552990,-0.020116445,-0.023850210,0.011468332,-0.003457553,-0.011803042,-0.005846419,0.026847905,0.000000000,0.000000000,0.000000000,0.000000000,0.000000000,0.000000000,0.000000000,0.000000000,0.000000000,0.000000000,0.000000000,0.000000000,0.000000000,0.000000000
105,5.285024469,0.400000000,0.000000000,0.200000000,-0.021321030,-0.021977998,0.024377998,-0.000924486,0.012551337,-0.005555602,-0.025286224,-0.019785183,-0.023727477,0.011463081,-0.003409453,-0.011280110,-0.005934929,0.026633406,0.000000000,0.000000000,0.000000000,0.000000000,0.000000000,0.000000000,0.000000000,0.000000000,0.000000000,0.000000000,0.000000000,0.000000000,0.000000000,0.000000000
106,5.335354698,0.400000000,0.000000000,0.200000000,-0.021141008,-0.021984896,0.024072943,-0.000821758,0.011766505,-0.005475921,-0.024991136,-0.019437404,-0.023588590,0.011538098,-0.003338285,-0.010769420,-0.006010415,0.026443873,0.000000000,0.000000000,0.000000000,0.000000000,0.000000000,0.000000000,0.000000000,0.000000000,0.000000000,0.000000000,0.000000000,0.000000000,0.000000000,0.000000000
107,5.384935537,0.400000000,0.000000000,0.200000000,-0.020954559,-0.021982273,0.023801986,-0.000709381,0.011036548,-0.005403056,-0.024680981,-0.019133681,-0.023458127,0.011571755,-0.003274956,-0.010289716,-0.006064147,0.026285067,0.000000000,0.000000000,0.000000000,0.000000000,0.000000000,0.000000000,0.000000000,0.000000000,0.000000000,0.000000000,0.000000000,0.000000000,0.000000000,0.000000000
108,5.434910700,0.400000000,0.000000000,0.200000000,-0.020787410,-0.021964937,0.023524102,-0.000612479,0.010339521,-0.005343230,-0.024354350,-0.018826531,-0.023328193,0.011627276,-0.003210375,-0.009826783,-0.006105764,0.026145250,0.000000000,0.000000000,0.000000000,0.000000000,0.000000000,0.000000000,0.000000000,0.000000000,0.000000000,0.000000000,0.000000000,0.000000000,0.000000000,0.000000000
109,5.484925698,0.400000000,0.000000000,0.200000000,-0.020621790,-0.021940051,0.023259146,-0.000511292,0.009681850,-0.005285176,-0.024017401,-0.018539889,-0.023200678,0.011663996,-0.003147374,-0.009389013,-0.006134478,0.026024470,0.000000000,0.000000000,0.000000000,0.000000000,0.000000000,0.000000000,0.000000000,0.000000000,0.000000000,0.000000000,0.000000000,0.000000000,0.000000000,0.000000000
110,5.535012799,0.400000000,0.000000000,0.200000000,-0.020463500,-0.021908503,0.022997154,-0.000421416,0.009057010,-0.005238835,-0.023669597,-0.018258909,-0.023075491,0.011702666,-0.003085877,-0.008971995,-0.006155055,0.025917133,0.000000000,0.000000000,0.000000000,0.000000000,0.000000000,0.000000000,0.000000000,0.000000000,0.000000000,0.000000000,0.000000000,0.000000000,0.000000000,0.000000000
111,5.584910249,0.400000000,0.000000000,0.200000000,-0.020305837,-0.021855228,0.022743274,-0.000343222,0.008471529,-0.005198365,-0.023322897,-0.017978964,-0.022965381,0.011730893,-0.003018987,-0.008567936,-0.006167125,0.025781348,0.000000000,0.000000000,0.000000000,0.000000000,0.000000000,0.000000000,0.000000000,0.000000000,0.000000000,0.000000000,0.000000000,0.000000000,0.000000000,0.000000000
112,5.635013526,0.400000000,0.000000000,0.200000000,-0.020149067,-0.021791989,0.022492645,-0.000277039,0.007917317,-0.005164681,-0.022985037,-0.017697481,-0.022863479,0.011747260,-0.002947625,-0.008177388,-0.006172162,0.025613783,0.000000000,0.000000000,0.000000000,0.000000000,0.000000000,0.000000000,0.000000000,0.000000000,0.000000000,0.000000000,0.000000000,0.000000000,0.000000000,0.000000000
113,5.684934058,0.400000000,0.000000000,0.200000000,-0.019989956,-0.021727661,0.022255292,-0.000213195,0.007399159,-0.005130663,-0.022660749,-0.017424710,-0.022766361,0.011745285,-0.002884579,-0.007811931,-0.006182994,0.025432920,0.000000000,0.000000000,0.000000000,0.000000000,0.000000000,0.000000000,0.000000000,0.000000000,0.000000000,0.000000000,0.000000000,0.000000000,0.000000000,0.000000000
114,5.734947301,0.400000000,0.000000000,0.200000000,-0.019835344,-0.021664539,0.022014882,-0.000155512,0.006900890,-0.005099006,-0.022345146,-0.017153529,-0.022673050,0.011739564,-0.002812533,-0.007465767,-0.006187301,0.025242718,0.000000000,0.000000000,0.000000000,0.000000000,0.000000000,0.000000000,0.000000000,0.000000000,0.000000000,0.000000000,0.000000000,0.000000000,0.000000000,0.000000000
115,5.784850872,0.400000000,0.000000000,0.200000000,-0.019677334,-0.021601195,0.021781836,-0.000105072,0.006426607,-0.005072014,-0.022037432,-0.016891219,-0.022582091,0.011722802,-0.002748399,-0.007139897,-0.006189282,0.025045818,0.000000000,0.000000000,0.000000000,0.000000000,0.000000000,0.000000000,0.000000000,0.000000000,0.000000000,0.000000000,0.000000000,0.000000000,0.000000000,0.000000000
116,5.834961170,0.400000000,0.000000000,0.200000000,-0.019522153,-0.021537701,0.021550039,-0.000059638,0.005974449,-0.005046921,-0.021736355,-0.016633414,-0.022494309,0.011701206,-0.002684742,-0.006832024,-0.006189431,0.024843557,0.000000000,0.000000000,0.000000000,0.000000000,0.000000000,0.000000000,0.000000000,0.000000000,0.000000000,0.000000000,0.000000000,0.000000000,0.000000000,0.000000000
117,5.884940692,0.400000000,0.000000000,0.200000000,-0.019367300,-0.021472985,0.021314165,-0.000015650,0.005533270,-0.005021723,-0.021438204,-0.016378665,-0.022406304,0.011674880,-0.002619460,-0.006537828,-0.006181892,0.024633713,0.000000000,0.000000000,0.000000000,0.000000000,0.000000000,0.000000000,0.000000000,0.000000000,0.000000000,0.000000000,0.000000000,0.000000000,0.000000000,0.000000000
118,5.935031733,0.400000000,0.000000000,0.200000000,-0.019212572,-0.021430312,0.021186808,0.000033345,0.005217270,-0.005001466,-0.021194465,-0.016182937,-0.022352742,0.011606381,-0.002567708,-0.006319744,-0.006197850,0.024456333,0.000000000,0.000000000,0.000000000,0.000000000,0.000000000,0.000000000,0.000000000,0.000000000,0.000000000,0.000000000,0.000000000,0.000000000,0.000000000,0.000000000
119,5.984954440,0.400000000,0.000000000,0.200000000,-0.019102708,-0.021363823,0.020904051,0.000048149,0.004793313,-0.004988428,-0.020918693,-0.015926950,-0.022253908,0.011619261,-0.002509177,-0.006052323,-0.006186332,0.024246208,0.000000000,0.000000000,0.000000000,0.000000000,0.000000000,0.000000000,0.000000000,0.000000000,0.000000000,0.000000000,0.000000000,0.000000000,0.000000000,0.000000000
120,6.035347619,0.400000000,0.000000000,0.200000000,-0.018934915,-0.021302758,0.020698333,0.000092033,0.004417901,-0.004961263,-0.020644957,-0.015709588,-0.022178054,0.011556848,-0.002454103,-0.005807640,-0.006163937,0.024032362,0.000000000,0.000000000,0.000000000,0.000000000,0.000000000,0.000000000,0.000000000,0.000000000,0.000000000,0.000000000,0.000000000,0.000000000,0.000000000,0.000000000
121,6.085327536,0.400000000,0.000000000,0.200000000,-0.018787773,-0.021237221,0.020468378,0.000116844,0.004044231,-0.004941445,-0.020369058,-0.015468770,-0.022095535,0.011524085,-0.002397046,-0.005568096,-0.006144059,0.023810139,0.000000000,0.000000000,0.000000000,0.000000000,0.000000000,0.000000000,0.000000000,0.000000000,0.000000000,0.000000000,0.000000000,0.000000000,0.000000000,0.000000000
122,6.134959647,0.400000000,0.000000000,0.200000000,-0.018631382,-0.021173429,0.020258032,0.000148784,0.003697516,-0.004918133,-0.020100679,-0.015247383,-0.022018824,0.011462052,-0.002341614,-0.005348459,-0.006122021,0.023585416,0.000000000,0.000000000,0.000000000,0.000000000,0.000000000,0.000000000,0.000000000,0.000000000,0.000000000,0.000000000,0.000000000,0.000000000,0.000000000,0.000000000
123,6.185007537,0.400000000,0.000000000,0.200000000,-0.018481743,-0.021109575,0.020042954,0.000171516,0.003363541,-0.004899969,-0.019836022,-0.015022510,-0.021943957,0.011408489,-0.002288120,-0.005139432,-0.006101116,0.023356354,0.000000000,0.000000000,0.000000000,0.000000000,0.000000000,0.000000000,0.000000000,0.000000000,0.000000000,0.000000000,0.000000000,0.000000000,0.000000000,0.000000000
124,6.235078868,0.400000000,0.000000000,0.200000000,-0.018331693,-0.021047823,0.019833267,0.000194672,0.003045911,-0.004880941,-0.019578019,-0.014806751,-0.021868316,0.011345011,-0.002236040,-0.004943248,-0.006077677,0.023124736,0.000000000,0.000000000,0.000000000,0.000000000,0.000000000,0.000000000,0.000000000,0.000000000,0.000000000,0.000000000,0.000000000,0.000000000,0.000000000,0.000000000
125,6.284893134,0.400000000,0.000000000,0.200000000,-0.018183351,-0.020983597,0.019626541,0.000209775,0.002744135,-0.004865884,-0.019325018,-0.014594099,-0.021796277,0.011280527,-0.002185377,-0.004758195,-0.006051898,0.022890734,0.000000000,0.000000000,0.000000000,0.000000000,0.000000000,0.000000000,0.000000000,0.000000000,0.000000000,0.000000000,0.000000000,0.000000000,0.000000000,0.000000000
126,6.334973570,0.400000000,0.000000000,0.200000000,-0.018036108,-0.020920519,0.019422360,0.000229355,0.002455725,-0.004845790,-0.019077126,-0.014386389,-0.021722864,0.011212163,-0.002138125,-0.004584213,-0.006026374,0.022655424,0.000000000,0.000000000,0.000000000,0.000000000,0.000000000,0.000000000,0.000000000,0.000000000,0.000000000,0.000000000,0.000000000,0.000000000,0.000000000,0.000000000
127,6.384949633,0.400000000,0.000000000,0.200000000,-0.017889855,-0.020856755,0.019221904,0.000244465,0.002180860,-0.004826844,-0.018833742,-0.014182799,-0.021654366,0.011140586,-0.002088058,-0.004420244,-0.005997541,0.022419063,0.000000000,0.000000000,0.000000000,0.000000000,0.000000000,0.000000000,0.000000000,0.000000000,0.000000000,0.000000000,0.000000000,0.000000000,0.000000000,0.000000000
128,6.434963526,0.400000000,0.000000000,0.200000000,-0.017745048,-0.020792350,0.019023806,0.000253763,0.001919167,-0.004811824,-0.018594870,-0.013984109,-0.021585980,0.011066149,-0.002039853,-0.004265826,-0.005965088,0.022181127,0.000000000,0.000000000,0.000000000,0.000000000,0.000000000,0.000000000,0.000000000,0.000000000,0.000000000,0.000000000,0.000000000,0.000000000,0.000000000,0.000000000
129,6.485220131,0.400000000,0.000000000,0.200000000,-0.017601386,-0.020729659,0.018827865,0.000263657,0.001670527,-0.004796021,-0.018361121,-0.013789263,-0.021517290,0.010990013,-0.001996937,-0.004120155,-0.005934169,0.021942252,0.000000000,0.000000000,0.000000000,0.000000000,0.000000000,0.000000000,0.000000000,0.000000000,0.000000000,0.000000000,0.000000000,0.000000000,0.000000000,0.000000000
130,6.534974640,0.400000000,0.000000000,0.200000000,-0.017459070,-0.020667339,0.018642418,0.000275295,0.001438933,-0.004776091,-0.018134804,-0.013600678,-0.021451637,0.010910875,-0.001953366,-0.003985629,-0.005904010,0.021705490,0.000000000,0.000000000,0.000000000,0.000000000,0.000000000,0.000000000,0.000000000,0.000000000,0.000000000,0.000000000,0.000000000,0.000000000,0.000000000,0.000000000
131,6.584934986,0.400000000,0.000000000,0.200000000,-0.017321620,-0.020604335,0.018454691,0.000279274,0.001215640,-0.004760133,-0.017913027,-0.013416161,-0.021386527,0.010831029,-0.001911897,-0.003858271,-0.005871422,0.021469222,0.000000000,0.000000000,0.000000000,0.000000000,0.000000000,0.000000000,0.000000000,0.000000000,0.000000000,0.000000000,0.000000000,0.000000000,0.000000000,0.000000000
132,6.634901316,0.400000000,0.000000000,0.200000000,-0.017183401,-0.020542921,0.018271938,0.000284720,0.001004863,-0.004743116,-0.017695628,-0.013236113,-0.021321937,0.010748912,-0.001873601,-0.003738646,-0.005840250,0.021233287,0.000000000,0.000000000,0.000000000,0.000000000,0.000000000,0.000000000,0.000000000,0.000000000,0.000000000,0.000000000,0.000000000,0.000000000,0.000000000,0.000000000
133,6.684902712,0.400000000,0.000000000,0.200000000,-0.017047266,-0.020478828,0.018084714,0.000285815,0.000798929,-0.004726188,-0.017479390,-0.013056720,-0.021255784,0.010666607,-0.001833681,-0.003623641,-0.005804250,0.020994678,0.000000000,0.000000000,0.000000000,0.000000000,0.000000000,0.000000000,0.000000000,0.000000000,0.000000000,0.000000000,0.000000000,0.000000000,0.000000000,0.000000000
134,6.734915874,0.400000000,0.000000000,0.200000000,-0.016909143,-0.020417031,0.017909400,0.000292484,0.000609014,-0.004706206,-0.017268989,-0.012883806,-0.021195408,0.010579497,-0.001794670,-0.003517710,-0.005767863,0.020758277,0.000000000,0.000000000,0.000000000,0.000000000,0.000000000,0.000000000,0.000000000,0.000000000,0.000000000,0.000000000,0.000000000,0.000000000,0.000000000,0.000000000
135,6.785323788,0.400000000,0.000000000,0.200000000,-0.016783740,-0.020369679,0.017797319,0.000297572,0.000475172,-0.004696864,-0.017094415,-0.012737955,-0.021161251,0.010493653,-0.001756657,-0.003440090,-0.005746942,0.020551141,0.000000000,0.000000000,0.000000000,0.000000000,0.000000000,0.000000000,0.000000000,0.000000000,0.000000000,0.000000000,0.000000000,0.000000000,0.000000000,0.000000000
136,6.834929902,0.400000000,0.000000000,0.200000000,-0.016676743,-0.020304067,0.017587442,0.000284407,0.000281159,-0.004681016,-0.016898535,-0.012570268,-0.021083083,0.010429377,-0.001729924,-0.003337542,-0.005713430,0.020325484,0.000000000,0.000000000,0.000000000,0.000000000,0.000000000,0.000000000,0.000000000,0.000000000,0.000000000,0.000000000,0.000000000,0.000000000,0.000000000,0.000000000
137,6.884962020,0.400000000,0.000000000,0.200000000,-0.016537046,-0.020241596,0.017421294,0.000287879,0.000116367,-0.004658397,-0.016700808,-0.012415030,-0.021021407,0.010331941,-0.001694639,-0.003248031,-0.005668043,0.020095287,0.000000000,0.000000000,0.000000000,0.000000000,0.000000000,0.000000000,0.000000000,0.000000000,0.000000000,0.000000000,0.000000000,0.000000000,0.000000000,0.000000000
138,6.934984022,0.400000000,0.000000000,0.200000000,-0.016404625,-0.020179812,0.017246183,0.000287551,-0.000045281,-0.004637007,-0.016500920,-0.012248609,-0.020957386,0.010249144,-0.001664494,-0.003160533,-0.005627558,0.019860994,0.000000000,0.000000000,0.000000000,0.000000000,0.000000000,0.000000000,0.000000000,0.000000000,0.000000000,0.000000000,0.000000000,0.000000000,0.000000000,0.000000000
139,6.984997263,0.400000000,0.000000000,0.200000000,-0.016272457,-0.020113587,0.017077038,0.000282150,-0.000196707,-0.004615505,-0.016304225,-0.012090472,-0.020897774,0.010154725,-0.001630415,-0.003079546,-0.005586298,0.019624894,0.000000000,0.000000000,0.000000000,0.000000000,0.000000000,0.000000000,0.000000000,0.000000000,0.000000000,0.000000000,0.000000000,0.000000000,0.000000000,0.000000000
140,7.034934207,0.400000000,0.000000000,0.200000000,-0.016142284,-0.020049138,0.016908100,0.000276130,-0.000341874,-0.004597028,-0.016110411,-0.011931023,-0.020835999,0.010064597,-0.001598079,-0.003001941,-0.005543726,0.019387640,0.000000000,0.000000000,0.000000000,0.000000000,0.000000000,0.000000000,0.000000000,0.000000000,0.000000000,0.000000000,0.000000000,0.000000000,0.000000000,0.000000000
141,7.085015837,0.400000000,0.000000000,0.200000000,-0.016012179,-0.019984148,0.016742907,0.000269953,-0.000478413,-0.004576331,-0.015919935,-0.011775975,-0.020776685,0.009971035,-0.001569797,-0.002928881,-0.005504508,0.019151201,0.000000000,0.000000000,0.000000000,0.000000000,0.000000000,0.000000000,0.000000000,0.000000000,0.000000000,0.000000000,0.000000000,0.000000000,0.000000000,0.000000000
142,7.134931766,0.400000000,0.000000000,0.200000000,-0.015884517,-0.019919429,0.016578885,0.000262279,-0.000609335,-0.004555052,-0.015732741,-0.011622760,-0.020714607,0.009877174,-0.001540725,-0.002860158,-0.005464440,0.018915089,0.000000000,0.000000000,0.000000000,0.000000000,0.000000000,0.000000000,0.000000000,0.000000000,0.000000000,0.000000000,0.000000000,0.000000000,0.000000000,0.000000000
143,7.184968720,0.400000000,0.000000000,0.200000000,-0.015755452,-0.019857362,0.016418859,0.000258233,-0.000732925,-0.004532507,-0.015548064,-0.011472004,-0.020654652,0.009782598,-0.001512651,-0.002795487,-0.005423344,0.018680559,0.000000000,0.000000000,0.000000000,0.000000000,0.000000000,0.000000000,0.000000000,0.000000000,0.000000000,0.000000000,0.000000000,0.000000000,0.000000000,0.000000000
144,7.234890665,0.400000000,0.000000000,0.200000000,-0.015628817,-0.019791940,0.016259979,0.000247423,-0.000850137,-0.004511422,-0.015365651,-0.011323800,-0.020596119,0.009688267,-0.001484145,-0.002733723,-0.005381875,0.018447006,0.000000000,0.000000000,0.000000000,0.000000000,0.000000000,0.000000000,0.000000000,0.000000000,0.000000000,0.000000000,0.000000000,0.000000000,0.000000000,0.000000000
145,7.285001691,0.400000000,0.000000000,0.200000000,-0.015503222,-0.019726833,0.016103784,0.000237163,-0.000960480,-0.004490219,-0.015186356,-0.011178689,-0.020535806,0.009592731,-0.001457353,-0.002676190,-0.005339944,0.018214311,0.000000000,0.000000000,0.000000000,0.000000000,0.000000000,0.000000000,0.000000000,0.000000000,0.000000000,0.000000000,0.000000000,0.000000000,0.000000000,0.000000000
146,7.335038779,0.400000000,0.000000000,0.200000000,-0.015378872,-0.019661652,0.015949007,0.000229400,-0.001065906,-0.004465751,-0.015009506,-0.011035201,-0.020477153,0.009497797,-0.001434644,-0.002621235,-0.005301128,0.017983047,0.000000000,0.000000000,0.000000000,0.000000000,0.000000000,0.000000000,0.000000000,0.000000000,0.000000000,0.000000000,0.000000000,0.000000000,0.000000000,0.000000000
147,7.384915077,0.400000000,0.000000000,0.200000000,-0.015256912,-0.019598957,0.015800748,0.000217777,-0.001163225,-0.004444302,-0.014838017,-0.010895207,-0.020419197,0.009403279,-0.001408462,-0.002570094,-0.005259927,0.017754983,0.000000000,0.000000000,0.000000000,0.000000000,0.000000000,0.000000000,0.000000000,0.000000000,0.000000000,0.000000000,0.000000000,0.000000000,0.000000000,0.000000000
148,7.434962634,0.400000000,0.000000000,0.200000000,-0.015136941,-0.019535055,0.015652027,0.000208270,-0.001256745,-0.004421257,-0.014668948,-0.010758297,-0.020362157,0.009309522,-0.001385783,-0.002521636,-0.005219785,0.017529957,0.000000000,0.000000000,0.000000000,0.000000000,0.000000000,0.000000000,0.000000000,0.000000000,0.000000000,0.000000000,0.000000000,0.000000000,0.000000000,0.000000000
149,7.484860977,0.400000000,0.000000000,0.200000000,-0.015017081,-0.019473402,0.015507163,0.000199217,-0.001345049,-0.004396999,-0.014502417,-0.010623985,-0.020303844,0.009215683,-0.001363655,-0.002476024,-0.005180432,0.017307311,0.000000000,0.000000000,0.000000000,0.000000000,0.000000000,0.000000000,0.000000000,0.000000000,0.000000000,0.000000000,0.000000000,0.000000000,0.000000000,0.000000000
150,7.534889256,0.400000000,0.000000000,0.200000000,-0.014899544,-0.019407444,0.015363922,0.000183333,-0.001427661,-0.004374752,-0.014338532,-0.010492317,-0.020247040,0.009122171,-0.001339619,-0.002432721,-0.005138382,0.017085766,0.000000000,0.000000000,0.000000000,0.000000000,0.000000000,0.000000000,0.000000000,0.000000000,0.000000000,0.000000000,0.000000000,0.000000000,0.000000000,0.000000000
151,7.584909404,0.400000000,0.000000000,0.200000000,-0.014793181,-0.019359555,0.015268801,0.000180196,-0.001479815,-0.004359195,-0.014202288,-0.010377428,-0.020215761,0.009037018,-0.001318311,-0.002403232,-0.005111068,0.016890038,0.000000000,0.000000000,0.000000000,0.000000000,0.000000000,0.000000000,0.000000000,0.000000000,0.000000000,0.000000000,0.000000000,0.000000000,0.000000000,0.000000000
152,7.634942066,0.400000000,0.000000000,0.200000000,-0.014694996,-0.019293120,0.015105000,0.000158634,-0.001570771,-0.004334579,-0.014048523,-0.010252628,-0.020143963,0.008956662,-0.001303529,-0.002357903,-0.005074189,0.016682977,0.000000000,0.000000000,0.000000000,0.000000000,0.000000000,0.000000000,0.000000000,0.000000000,0.000000000,0.000000000,0.000000000,0.000000000,0.000000000,0.000000000
153,7.684956025,0.400000000,0.000000000,0.200000000,-0.014573824,-0.019231722,0.014969922,0.000151705,-0.001640613,-0.004305642,-0.013891050,-0.010132724,-0.020084804,0.008857294,-0.001286661,-0.002321186,-0.005030858,0.016471922,0.000000000,0.000000000,0.000000000,0.000000000,0.000000000,0.000000000,0.000000000,0.000000000,0.000000000,0.000000000,0.000000000,0.000000000,0.000000000,0.000000000
154,7.734996591,0.400000000,0.000000000,0.200000000,-0.014460018,-0.019166894,0.014828266,0.000137005,-0.001709471,-0.004279155,-0.013732531,-0.010005525,-0.020024411,0.008767984,-0.001269181,-0.002284947,-0.004987988,0.016256971,0.000000000,0.000000000,0.000000000,0.000000000,0.000000000,0.000000000,0.000000000,0.000000000,0.000000000,0.000000000,0.000000000,0.000000000,0.000000000,0.000000000
155,7.784893794,0.400000000,0.000000000,0.200000000,-0.014345019,-0.019100877,0.014691249,0.000122946,-0.001772413,-0.004252609,-0.013576202,-0.009882939,-0.019967489,0.008672928,-0.001248171,-0.002251166,-0.004942228,0.016041422,0.000000000,0.000000000,0.000000000,0.000000000,0.000000000,0.000000000,0.000000000,0.000000000,0.000000000,0.000000000,0.000000000,0.000000000,0.000000000,0.000000000
156,7.835236633,0.400000000,0.000000000,0.200000000,-0.014230803,-0.019037094,0.014554493,0.000113402,-0.001833418,-0.004223210,-0.013421199,-0.009759427,-0.019908447,0.008581137,-0.001234208,-0.002218205,-0.004901832,0.015826907,0.000000000,0.000000000,0.000000000,0.000000000,0.000000000,0.000000000,0.000000000,0.000000000,0.000000000,0.000000000,0.000000000,0.000000000,0.000000000,0.000000000
157,7.884963685,0.400000000,0.000000000,0.200000000,-0.014118023,-0.018970987,0.014420851,0.000096466,-0.001889968,-0.004196254,-0.013268660,-0.009638836,-0.019851295,0.008486834,-0.001216417,-0.002186958,-0.004860885,0.015613353,0.000000000,0.000000000,0.000000000,0.000000000,0.000000000,0.000000000,0.000000000,0.000000000,0.000000000,0.000000000,0.000000000,0.000000000,0.000000000,0.000000000
158,7.934955359,0.400000000,0.000000000,0.200000000,-0.014005662,-0.018907679,0.014287937,0.000082891,-0.001943135,-0.004168851,-0.013117470,-0.009518803,-0.019790517,0.008394305,-0.001205718,-0.002157126,-0.004824169,0.015401471,0.000000000,0.000000000,0.000000000,0.000000000,0.000000000,0.000000000,0.000000000,0.000000000,0.000000000,0.000000000,0.000000000,0.000000000,0.000000000,0.000000000
159,7.985015809,0.400000000,0.000000000,0.200000000,-0.013895214,-0.018842569,0.014157169,0.000069696,-0.001993277,-0.004139482,-0.012968685,-0.009400432,-0.019732963,0.008302088,-0.001186286,-0.002128694,-0.004781061,0.015191377,0.000000000,0.000000000,0.000000000,0.000000000,0.000000000,0.000000000,0.000000000,0.000000000,0.000000000,0.000000000,0.000000000,0.000000000,0.000000000,0.000000000
160,8.035527921,0.400000000,0.000000000,0.200000000,0.105993629,-0.454114228,-0.505840182,0.999957919,-0.664273679,0.998858154,0.785852194,-0.386741936,-0.526290357,0.168742999,0.999898612,-0.345725715,0.999804854,0.863180518,0.000000000,0.000000000,0.000000000,0.000000000,0.000000000,0.000000000,0.000000000,0.000000000,0.000000000,0.000000000,0.000000000,0.000000000,0.000000000,0.000000000
161,8.084859430,0.600000000,0.000000000,0.300000000,0.053986862,-0.375828594,-0.086247899,0.999701083,-0.005128067,0.987156749,0.788390994,-0.327436715,-0.357351333,0.320315301,0.999090374,-0.359754860,0.998456717,0.878674746,0.000000000,0.000000000,0.000000000,0.000000000,0.000000000,0.000000000,0.000000000,0.000000000,0.000000000,0.000000000,0.000000000,0.000000000,0.000000000,0.000000000
162,8.135009284,0.600000000,0.000000000,0.300000000,0.080070361,-0.399629980,0.041567493,0.998751700,-0.021873543,0.932267189,0.645052195,-0.232510880,0.093919300,0.258958936,0.995863616,-0.217667684,0.992194474,0.863001764,0.000000000,0.000000000,0.000000000,0.000000000,0.000000000,0.000000000,0.000000000,0.000000000,0.000000000,0.000000000,0.000000000,0.000000000,0.000000000,0.000000000
163,8.184968580,0.600000000,0.000000000,0.300000000,-0.077164978,-0.115216032,0.155364946,0.993053496,0.062771648,0.764733136,0.495448112,-0.182853192,0.299733251,0.156887859,0.976225019,-0.184447169,0.955507994,0.827964425,0.000000000,0.000000000,0.000000000,0.000000000,0.000000000,0.000000000,0.000000000,0.000000000,0.000000000,0.000000000,0.000000000,0.000000000,0.000000000,0.000000000
164,8.234959152,0.600000000,0.000000000,0.300000000,-0.277600914,0.198686957,0.182882130,0.958532631,0.109082751,0.478373647,0.251139969,-0.131776989,0.411927342,0.093551464,0.877685964,-0.122667775,0.780089319,0.761273980,0.000000000,0.000000000,0.000000000,0.000000000,0.000000000,0.000000000,0.000000000,0.000000000,0.000000000,0.000000000,0.000000000,0.000000000,0.000000000,0.000000000
165,8.284912951,0.600000000,0.000000000,0.300000000,-0.418261558,0.407727450,0.151368186,0.755000055,0.169801936,0.191043317,-0.070514798,-0.101544343,0.482515424,-0.013453596,0.512370348,-0.044832561,0.293490827,0.645508826,0.000000000,0.000000000,0.000000000,0.000000000,0.000000000,0.000000000,0.000000000,0.000000000,0.000000000,0.000000000,0.000000000,0.000000000,0.000000000,0.000000000
166,8.335356546,0.600000000,0.000000000,0.300000000,-0.479906023,0.445638239,0.060826290,0.074073382,0.310707361,-0.205919266,-0.297949493,-0.055633940,0.493137687,-0.103406616,-0.002598077,0.066440128,-0.105438299,0.449573040,0.000000000,0.000000000,0.000000000,0.000000000,0.000000000,0.000000000,0.000000000,0.000000000,0.000000000,0.000000000,0.000000000,0.000000000,0.000000000,0.000000000
167,8.384973463,0.600000000,0.000000000,0.300000000,-0.385129273,0.484016865,0.063127749,-0.308028013,0.454642594,-0.339027524,-0.281635970,0.076714329,0.354182810,-0.107717097,-0.204938561,0.223266616,-0.270146161,0.231609434,0.000000000,0.000000000,0.000000000,0.000000000,0.000000000,0.000000000,0.000000000,0.000000000,0.000000000,0.000000000,0.000000000,0.000000000,0.000000000,0.000000000
168,8.435188522,0.600000000,0.000000000,0.300000000,-0.149780035,0.419974416,0.200043380,-0.280963212,0.408422291,-0.277476877,-0.064872459,0.164493129,0.235022813,-0.046577714,-0.222782582,0.257613301,-0.291516006,0.105453603,0.000000000,0.000000000,0.000000000,0.000000000,0.000000000,0.000000000,0.000000000,0.000000000,0.000000000,0.000000000,0.000000000,0.000000000,0.000000000,0.000000000
169,8.484957846,0.600000000,0.000000000,0.300000000,-0.015348041,0.354135096,0.235638574,-0.256793320,0.338354558,-0.224531159,0.074764505,0.181802213,0.187075809,-0.024460666,-0.195751712,0.235146195,-0.223780125,0.046635807,0.000000000,0.000000000,0.000000000,0.000000000,0.000000000,0.000000000,0.000000000,0.000000000,0.000000000,0.000000000,0.000000000,0.000000000,0.000000000,0.000000000
170,8.535361096,0.600000000,0.000000000,0.300000000,0.086443312,0.290145159,0.206735328,-0.153476775,0.210796744,-0.121595979,0.177455053,0.155718878,0.135348335,-0.007220254,-0.126964614,0.158964813,-0.118703634,-0.010073023,0.000000000,0.000000000,0.000000000,0.000000000,0.000000000,0.000000000,0.000000000,0.000000000,0.000000000,0.000000000,0.000000000,0.000000000,0.000000000,0.000000000
171,8.584934087,0.600000000,0.000000000,0.300000000,0.113914825,0.220198676,0.114440948,-0.080743246,0.100467280,-0.068769246,0.205276176,0.108685464,0.088504024,-0.032074578,-0.068757825,0.075179756,-0.070493393,-0.052958414,0.000000000,0.000000000,0.000000000,0.000000000,0.000000000,0.000000000,0.000000000,0.000000000,0.000000000,0.000000000,0.000000000,0.000000000,0.000000000,0.000000000
172,8.634913692,0.600000000,0.000000000,0.300000000,0.093003906,0.145315975,0.041149419,-0.053239424,0.098464072,-0.074116036,0.164553016,0.075100414,0.069606654,-0.033068560,-0.038726598,0.059994314,-0.058800619,-0.093672365,0.000000000,0.000000000,0.000000000,0.000000000,0.000000000,0.000000000,0.000000000,0.000000000,0.000000000,0.000000000,0.000000000,0.000000000,0.000000000,0.000000000
173,8.685232055,0.600000000,0.000000000,0.300000000,0.103287891,0.096319027,0.002787806,0.001132462,0.062396724,-0.034694843,0.131013736,0.051236048,0.052567463,-0.029442545,0.000116790,0.047931772,-0.030923532,-0.113554209,0.000000000,0.000000000,0.000000000,0.000000000,0.000000000,0.000000000,0.000000000,0.000000000,0.000000000,0.000000000,0.000000000,0.000000000,0.000000000,0.000000000
174,8.735143525,0.600000000,0.000000000,0.300000000,0.080508947,0.056014199,-0.038272385,0.011143629,0.030849118,-0.046299420,0.109621875,0.032262933,0.035566512,-0.032843009,0.012409313,0.026145332,-0.032574762,-0.110356845,0.000000000,0.000000000,0.000000000,0.000000000,0.000000000,0.000000000,0.000000000,0.000000000,0.000000000,0.000000000,0.000000000,0.000000000,0.000000000,0.000000000
175,8.784893331,0.600000000,0.000000000,0.300000000,0.060828686,0.026667928,-0.062172431,0.034310345,0.030173218,-0.033557527,0.086718991,0.026124442,0.019514071,-0.028389081,0.029902386,0.030982476,-0.026963163,-0.106879033,0.000000000,0.000000000,0.000000000,0.000000000,0.000000000,0.000000000,0.000000000,0.000000000,0.000000000,0.000000000,0.000000000,0.000000000,0.000000000,0.000000000
176,8.834922835,0.600000000,0.000000000,0.300000000,0.047875121,0.009678208,-0.066459291,0.039062683,0.023491787,-0.037011303,0.072632797,0.019636111,0.011506115,-0.028275834,0.032447737,0.025953073,-0.027672242,-0.095902354,0.000000000,0.000000000,0.000000000,0.000000000,0.000000000,0.000000000,0.000000000,0.000000000,0.000000000,0.000000000,0.000000000,0.000000000,0.000000000,0.000000000
177,8.884909568,0.600000000,0.000000000,0.300000000,0.037735164,0.003031109,-0.065973751,0.041174490,0.023646360,-0.032253601,0.060598820,0.019474586,0.010220833,-0.025121782,0.034570225,0.027681258,-0.027143188,-0.085768916,0.000000000,0.000000000,0.000000000,0.000000000,0.000000000,0.000000000,0.000000000,0.000000000,0.000000000,0.000000000,0.000000000,0.000000000,0.000000000,0.000000000
178,8.934938389,0.600000000,0.000000000,0.300000000,0.030958129,0.002879699,-0.059845842,0.038405418,0.022752356,-0.031758450,0.052773714,0.017114557,0.010969725,-0.025523974,0.032565154,0.025832796,-0.027024319,-0.075247079,0.000000000,0.000000000,0.000000000,0.000000000,0.000000000,0.000000000,0.000000000,0.000000000,0.000000000,0.000000000,0.000000000,0.000000000,0.000000000,0.000000000
179,8.985027132,0.600000000,0.000000000,0.300000000,0.026375284,0.005922619,-0.053325534,0.035804059,0.023199765,-0.029083401,0.046671364,0.016883269,0.014563549,-0.024878090,0.030390494,0.025753740,-0.027051643,-0.066350281,0.000000000,0.000000000,0.000000000,0.000000000,0.000000000,0.000000000,0.000000000,0.000000000,0.000000000,0.000000000,0.000000000,0.000000000,0.000000000,0.000000000
180,9.035087570,0.600000000,0.000000000,0.300000000,0.024205709,0.010052281,-0.045934841,0.032449283,0.024818035,-0.028082190,0.042534824,0.016794631,0.017707737,-0.025167171,0.028396862,0.024853349,-0.026404411,-0.058711074,0.000000000,0.000000000,0.000000000,0.000000000,0.000000000,0.000000000,0.000000000,0.000000000,0.000000000,0.000000000,0.000000000,0.000000000,0.000000000,0.000000000
181,9.084919506,0.600000000,0.000000000,0.300000000,0.023436397,0.013813063,-0.039767426,0.030111486,0.026860230,-0.026845716,0.039607566,0.017323112,0.020340176,-0.024922231,0.026464118,0.023881298,-0.026433568,-0.052778941,0.000000000,0.000000000,0.000000000,0.000000000,0.000000000,0.000000000,0.000000000,0.000000000,0.000000000,0.000000000,0.000000000,0.000000000,0.000000000,0.000000000
182,9.134883001,0.600000000,0.000000000,0.300000000,0.023668101,0.017296256,-0.034405950,0.028035864,0.027922913,-0.026056090,0.037526827,0.017593782,0.022428140,-0.025145488,0.025152914,0.022668539,-0.026227880,-0.047828276,0.000000000,0.000000000,0.000000000,0.000000000,0.000000000,0.000000000,0.000000000,0.000000000,0.000000000,0.000000000,0.000000000,0.000000000,0.000000000,0.000000000
183,9.185252876,0.600000000,0.000000000,0.300000000,0.024229193,0.020315040,-0.030324293,0.025955878,0.027636750,-0.025778102,0.035918556,0.017997148,0.023384098,-0.025136167,0.024455553,0.021461746,-0.026039166,-0.043627273,0.000000000,0.000000000,0.000000000,0.000000000,0.000000000,0.000000000,0.000000000,0.000000000,0.000000000,0.000000000,0.000000000,0.000000000,0.000000000,0.000000000
184,9.234868667,0.600000000,0.000000000,0.300000000,0.024807235,0.022543870,-0.027539270,0.024200879,0.027452160,-0.025765996,0.034530666,0.018300317,0.023689000,-0.024989005,0.024188355,0.020465979,-0.025597015,-0.040374000,0.000000000,0.000000000,0.000000000,0.000000000,0.000000000,0.000000000,0.000000000,0.000000000,0.000000000,0.000000000,0.000000000,0.000000000,0.000000000,0.000000000
185,9.284886713,0.600000000,0.000000000,0.300000000,0.025417484,0.022921463,-0.025899541,0.023634365,0.027116224,-0.025886586,0.033190180,0.018392494,0.023909280,-0.024677467,0.023769842,0.019679055,-0.025471346,-0.037838250,0.000000000,0.000000000,0.000000000,0.000000000,0.000000000,0.000000000,0.000000000,0.000000000,0.000000000,0.000000000,0.000000000,0.000000000,0.000000000,0.000000000
186,9.335394407,0.600000000,0.000000000,0.300000000,0.025697980,0.022804208,-0.025428049,0.023481123,0.026713857,-0.025896234,0.032331694,0.018251697,0.023812030,-0.024420606,0.023628032,0.019139970,-0.025295924,-0.036248129,0.000000000,0.000000000,0.000000000,0.000000000,0.000000000,0.000000000,0.000000000,0.000000000,0.000000000,0.000000000,0.000000000,0.000000000,0.000000000,0.000000000
187,9.384941599,0.600000000,0.000000000,0.300000000,0.025622049,0.022879509,-0.024965655,0.023181587,0.026199190,-0.025755573,0.031239731,0.018048005,0.023539074,-0.024046166,0.023490006,0.018563380,-0.025195077,-0.034547031,0.000000000,0.000000000,0.000000000,0.000000000,0.000000000,0.000000000,0.000000000,0.000000000,0.000000000,0.000000000,0.000000000,0.000000000,0.000000000,0.000000000
188,9.435001941,0.600000000,0.000000000,0.300000000,0.025204625,0.022896219,-0.024966385,0.022820253,0.025732426,-0.025778757,0.030204147,0.017768519,0.023245519,-0.023628440,0.023318706,0.018089058,-0.025096733,-0.033042699,0.000000000,0.000000000,0.000000000,0.000000000,0.000000000,0.000000000,0.000000000,0.000000000,0.000000000,0.000000000,0.000000000,0.000000000,0.000000000,0.000000000
189,9.485045223,0.600000000,0.000000000,0.300000000,0.024695121,0.022910457,-0.025102178,0.022562187,0.025623051,-0.025735959,0.029315261,0.017474461,0.022918850,-0.023202620,0.023194766,0.017712282,-0.024939148,-0.031979427,0.000000000,0.000000000,0.000000000,0.000000000,0.000000000,0.000000000,0.000000000,0.000000000,0.000000000,0.000000000,0.000000000,0.000000000,0.000000000,0.000000000
190,9.535051372,0.600000000,0.000000000,0.300000000,0.024258994,0.022966413,-0.025185764,0.022276370,0.025295898,-0.025662635,0.028554467,0.017222291,0.022671321,-0.022720436,0.023000231,0.017416853,-0.024800802,-0.030954363,0.000000000,0.000000000,0.000000000,0.000000000,0.000000000,0.000000000,0.000000000,0.000000000,0.000000000,0.000000000,0.000000000,0.000000000,0.000000000,0.000000000
191,9.585022353,0.600000000,0.000000000,0.300000000,0.023803104,0.023109522,-0.025314331,0.021961454,0.024802949,-0.025576742,0.027930593,0.017011888,0.022462796,-0.022267163,0.022808375,0.017179936,-0.024661383,-0.030011639,0.000000000,0.000000000,0.000000000,0.000000000,0.000000000,0.000000000,0.000000000,0.000000000,0.000000000,0.000000000,0.000000000,0.000000000,0.000000000,0.000000000
192,9.634932122,0.600000000,0.000000000,0.300000000,0.023396095,0.023283206,-0.025370525,0.021680426,0.024285685,-0.025427649,0.027398240,0.016873019,0.022277221,-0.021820806,0.022607580,0.016994637,-0.024518864,-0.029164445,0.000000000,0.000000000,0.000000000,0.000000000,0.000000000,0.000000000,0.000000000,0.000000000,0.000000000,0.000000000,0.000000000,0.000000000,0.000000000,0.000000000
193,9.684900312,0.600000000,0.000000000,0.300000000,0.023069222,0.023475787,-0.025267869,0.021394135,0.023848336,-0.025260042,0.026940456,0.016794095,0.022096083,-0.021403009,0.022398146,0.016818227,-0.024390880,-0.028423863,0.000000000,0.000000000,0.000000000,0.000000000,0.000000000,0.000000000,0.000000000,0.000000000,0.000000000,0.000000000,0.000000000,0.000000000,0.000000000,0.000000000
194,9.734908048,0.600000000,0.000000000,0.300000000,0.022735059,0.023649512,-0.025167186,0.021110315,0.023434881,-0.025097992,0.026536722,0.016747139,0.021915181,-0.021012150,0.022195801,0.016651275,-0.024271965,-0.027813114,0.000000000,0.000000000,0.000000000,0.000000000,0.000000000,0.000000000,0.000000000,0.000000000,0.000000000,0.000000000,0.000000000,0.000000000,0.000000000,0.000000000
195,9.784913548,0.600000000,0.000000000,0.300000000,0.022414587,0.023816548,-0.025032729,0.020838853,0.023052217,-0.024926692,0.026176086,0.016714754,0.021740383,-0.020642314,0.021985587,0.016490119,-0.024159884,-0.027306948,0.000000000,0.000000000,0.000000000,0.000000000,0.000000000,0.000000000,0.000000000,0.000000000,0.000000000,0.000000000,0.000000000,0.000000000,0.000000000,0.000000000
196,9.834873708,0.600000000,0.000000000,0.300000000,0.022091512,0.023975201,-0.024892932,0.020573994,0.022686720,-0.024752708,0.025862979,0.016690949,0.021562206,-0.020294903,0.021782732,0.016329827,-0.024051914,-0.026891250,0.000000000,0.000000000,0.000000000,0.000000000,0.000000000,0.000000000,0.000000000,0.000000000,0.000000000,0.000000000,0.000000000,0.000000000,0.000000000,0.000000000
197,9.884860277,0.600000000,0.000000000,0.300000000,0.021810573,0.024102459,-0.024736557,0.020318443,0.022350987,-0.024570219,0.025547164,0.016685557,0.021386139,-0.019949337,0.021574065,0.016198805,-0.023924256,-0.026519874,0.000000000,0.000000000,0.000000000,0.000000000,0.000000000,0.000000000,0.000000000,0.000000000,0.000000000,0.000000000,0.000000000,0.000000000,0.000000000,0.000000000
198,9.935353098,0.600000000,0.000000000,0.300000000,0.021606375,0.024178052,-0.024576966,0.020079741,0.022058651,-0.024359047,0.025145033,0.016702062,0.021233009,-0.019604629,0.021344095,0.016126271,-0.023763889,-0.026175784,0.000000000,0.000000000,0.000000000,0.000000000,0.000000000,0.000000000,0.000000000,0.000000000,0.000000000,0.000000000,0.000000000,0.000000000,0.000000000,0.000000000
199,9.984886294,0.600000000,0.000000000,0.300000000,0.021435613,0.024251917,-0.024410188,0.019849803,0.021800598,-0.024103912,0.024686884,0.016725747,0.021088310,-0.019273441,0.021118684,0.016072387,-0.023575570,-0.025885141,0.000000000,0.000000000,0.000000000,0.000000000,0.000000000,0.000000000,0.000000000,0.000000000,0.000000000,0.000000000,0.000000000,0.000000000,0.000000000,0.000000000
200,10.034956858,0.600000000,0.000000000,0.300000000,0.021277942,0.024306871,-0.024231153,0.019624786,0.021567550,-0.023817839,0.024188481,0.016747110,0.020955957,-0.018948209,0.020872923,0.016017117,-0.023382498,-0.025604887,0.000000000,0.000000000,0.000000000,0.000000000,0.000000000,0.000000000,0.000000000,0.000000000,0.000000000,0.000000000,0.000000000,0.000000000,0.000000000,0.000000000
201,10.084904484,0.600000000,0.000000000,0.300000000,0.021119092,0.024333723,-0.024035949,0.019402293,0.021361234,-0.023511911,0.023676280,0.016747825,0.020827506,-0.018616835,0.020607201,0.015946891,-0.023193147,-0.025251845,0.000000000,0.000000000,0.000000000,0.000000000,0.000000000,0.000000000,0.000000000,0.000000000,0.000000000,0.000000000,0.000000000,0.000000000,0.000000000,0.000000000
202,10.135030920,0.600000000,0.000000000,0.300000000,0.021006027,0.024329463,-0.023921417,0.019237138,0.021211442,-0.023273131,0.023264527,0.016728697,0.020701719,-0.018356482,0.020381276,0.015902035,-0.023042161,-0.024887348,0.000000000,0.000000000,0.000000000,0.000000000,0.000000000,0.000000000,0.000000000,0.000000000,0.000000000,0.000000000,0.000000000,0.000000000,0.000000000,0.000000000
203,10.184894022,0.600000000,0.000000000,0.300000000,0.020843243,0.024347050,-0.023684757,0.019019609,0.021052949,-0.022970041,0.022769110,0.016697712,0.020600300,-0.018017234,0.020111376,0.015793910,-0.022856724,-0.024550734,0.000000000,0.000000000,0.000000000,0.000000000,0.000000000,0.000000000,0.000000000,0.000000000,0.000000000,0.000000000,0.000000000,0.000000000,0.000000000,0.000000000
204,10.234898673,0.600000000,0.000000000,0.300000000,0.020658728,0.024343848,-0.023526357,0.018792670,0.020869477,-0.022700783,0.022268811,0.016655166,0.020440374,-0.017705245,0.019845914,0.015679482,-0.022672210,-0.024189007,0.000000000,0.000000000,0.000000000,0.000000000,0.000000000,0.000000000,0.000000000,0.000000000,0.000000000,0.000000000,0.000000000,0.000000000,0.000000000,0.000000000
205,10.284929841,0.600000000,0.000000000,0.300000000,0.020497467,0.024337027,-0.023332942,0.018580731,0.020704949,-0.022427799,0.021769667,0.016607108,0.020302283,-0.017393667,0.019576635,0.015554880,-0.022480022,-0.023820333,0.000000000,0.000000000,0.000000000,0.000000000,0.000000000,0.000000000,0.000000000,0.000000000,0.000000000,0.000000000,0.000000000,0.000000000,0.000000000,0.000000000
206,10.334934511,0.600000000,0.000000000,0.300000000,0.020331845,0.024322016,-0.023156995,0.018369535,0.020542268,-0.022165848,0.021280332,0.016545076,0.020158695,-0.017104760,0.019314595,0.015415379,-0.022284394,-0.023452377,0.000000000,0.000000000,0.000000000,0.000000000,0.000000000,0.000000000,0.000000000,0.000000000,0.000000000,0.000000000,0.000000000,0.000000000,0.000000000,0.000000000
207,10.385129506,0.600000000,0.000000000,0.300000000,0.020171223,0.024305949,-0.022973852,0.018164540,0.020388002,-0.021909447,0.020800507,0.016481526,0.020017697,-0.016817609,0.019051893,0.015265792,-0.022087662,-0.023090355,0.000000000,0.000000000,0.000000000,0.000000000,0.000000000,0.000000000,0.000000000,0.000000000,0.000000000,0.000000000,0.000000000,0.000000000,0.000000000,0.000000000
208,10.435309782,0.600000000,0.000000000,0.300000000,0.020009067,0.024283521,-0.022796376,0.017959634,0.020236759,-0.021665677,0.020329129,0.016409960,0.019875418,-0.016546080,0.018795744,0.015105819,-0.021889109,-0.022734933,0.000000000,0.000000000,0.000000000,0.000000000,0.000000000,0.000000000,0.000000000,0.000000000,0.000000000,0.000000000,0.000000000,0.000000000,0.000000000,0.000000000
209,10.484933778,0.600000000,0.000000000,0.300000000,0.019848058,0.024260795,-0.022619434,0.017760081,0.020088611,-0.021426668,0.019865951,0.016335147,0.019733196,-0.016282236,0.018539356,0.014937817,-0.021693299,-0.022386469,0.000000000,0.000000000,0.000000000,0.000000000,0.000000000,0.000000000,0.000000000,0.000000000,0.000000000,0.000000000,0.000000000,0.000000000,0.000000000,0.000000000
210,10.535048047,0.600000000,0.000000000,0.300000000,0.019688319,0.024234226,-0.022443021,0.017563626,0.019942952,-0.021194272,0.019410392,0.016255982,0.019592749,-0.016030220,0.018290084,0.014762454,-0.021496009,-0.022044178,0.000000000,0.000000000,0.000000000,0.000000000,0.000000000,0.000000000,0.000000000,0.000000000,0.000000000,0.000000000,0.000000000,0.000000000,0.000000000,0.000000000
211,10.584890197,0.600000000,0.000000000,0.300000000,0.019530160,0.024204411,-0.022269068,0.017369494,0.019798914,-0.020971464,0.018963598,0.016173840,0.019449886,-0.015786231,0.018046143,0.014580937,-0.021296991,-0.021707894,0.000000000,0.000000000,0.000000000,0.000000000,0.000000000,0.000000000,0.000000000,0.000000000,0.000000000,0.000000000,0.000000000,0.000000000,0.000000000,0.000000000
212,10.634913104,0.600000000,0.000000000,0.300000000,0.019373490,0.024173481,-0.022095392,0.017180230,0.019657079,-0.020752586,0.018524848,0.016087376,0.019309094,-0.015552265,0.017805835,0.014393445,-0.021097777,-0.021377495,0.000000000,0.000000000,0.000000000,0.000000000,0.000000000,0.000000000,0.000000000,0.000000000,0.000000000,0.000000000,0.000000000,0.000000000,0.000000000,0.000000000
213,10.685204960,0.600000000,0.000000000,0.300000000,0.019217642,0.024141237,-0.021922480,0.016991653,0.019517658,-0.020541141,0.018093187,0.015998647,0.019168939,-0.015326223,0.017568802,0.014201245,-0.020897387,-0.021053161,0.000000000,0.000000000,0.000000000,0.000000000,0.000000000,0.000000000,0.000000000,0.000000000,0.000000000,0.000000000,0.000000000,0.000000000,0.000000000,0.000000000
214,10.735077373,0.600000000,0.000000000,0.300000000,0.019062936,0.024107730,-0.021751236,0.016806901,0.019379994,-0.020333564,0.017669210,0.015906790,0.019030707,-0.015109447,0.017331140,0.014004872,-0.020702370,-0.020734333,0.000000000,0.000000000,0.000000000,0.000000000,0.000000000,0.000000000,0.000000000,0.000000000,0.000000000,0.000000000,0.000000000,0.000000000,0.000000000,0.000000000
215,10.784872620,0.600000000,0.000000000,0.300000000,0.018911805,0.024072092,-0.021587037,0.016628696,0.019245412,-0.020136040,0.017259777,0.015815588,0.018892206,-0.014901056,0.017105484,0.013810047,-0.020508066,-0.020421563,0.000000000,0.000000000,0.000000000,0.000000000,0.000000000,0.000000000,0.000000000,0.000000000,0.000000000,0.000000000,0.000000000,0.000000000,0.000000000,0.000000000
216,10.834874546,0.600000000,0.000000000,0.300000000,0.018762995,0.024035113,-0.021420451,0.016455391,0.019113228,-0.019940557,0.016857611,0.015719946,0.018757489,-0.014702855,0.016883284,0.013611794,-0.020313628,-0.020116998,0.000000000,0.000000000,0.000000000,0.000000000,0.000000000,0.000000000,0.000000000,0.000000000,0.000000000,0.000000000,0.000000000,0.000000000,0.000000000,0.000000000
217,10.884896167,0.600000000,0.000000000,0.300000000,0.018614376,0.023999074,-0.021255853,0.016280945,0.018982325,-0.019752609,0.016463106,0.015624304,0.018621324,-0.014509390,0.016665192,0.013411663,-0.020119455,-0.019818645,0.000000000,0.000000000,0.000000000,0.000000000,0.000000000,0.000000000,0.000000000,0.000000000,0.000000000,0.000000000,0.000000000,0.000000000,0.000000000,0.000000000
218,10.934934412,0.600000000,0.000000000,0.300000000,0.018467302,0.023960413,-0.021091664,0.016112747,0.018852567,-0.019566430,0.016074771,0.015527381,0.018489018,-0.014322449,0.016446324,0.013210624,-0.019929675,-0.019525625,0.000000000,0.000000000,0.000000000,0.000000000,0.000000000,0.000000000,0.000000000,0.000000000,0.000000000,0.000000000,0.000000000,0.000000000,0.000000000,0.000000000
219,10.984936869,0.600000000,0.000000000,0.300000000,0.018321058,0.023921452,-0.020929148,0.015946202,0.018723166,-0.019384481,0.015693728,0.015428044,0.018353790,-0.014144088,0.016236929,0.013007227,-0.019738792,-0.019236986,0.000000000,0.000000000,0.000000000,0.000000000,0.000000000,0.000000000,0.000000000,0.000000000,0.000000000,0.000000000,0.000000000,0.000000000,0.000000000,0.000000000
220,11.034869183,0.600000000,0.000000000,0.300000000,0.018209798,0.023874661,-0.020826569,0.015818056,0.018620770,-0.019248918,0.015386287,0.015349234,0.018233459,-0.013985989,0.016056880,0.012851179,-0.019579547,-0.018961765,0.000000000,0.000000000,0.000000000,0.000000000,0.000000000,0.000000000,0.000000000,0.000000000,0.000000000,0.000000000,0.000000000,0.000000000,0.000000000,0.000000000
221,11.084931507,0.600000000,0.000000000,0.300000000,0.018069282,0.023847496,-0.020622712,0.015656156,0.018507352,-0.019057626,0.015017960,0.015237264,0.018122736,-0.013827724,0.015858835,0.012639855,-0.019388422,-0.018711826,0.000000000,0.000000000,0.000000000,0.000000000,0.000000000,0.000000000,0.000000000,0.000000000,0.000000000,0.000000000,0.000000000,0.000000000,0.000000000,0.000000000
222,11.135323038,0.600000000,0.000000000,0.300000000,0.017909907,0.023810040,-0.020479914,0.015484172,0.018367032,-0.018894397,0.014652638,0.015141174,0.017981699,-0.013660043,0.015654411,0.012431794,-0.019202406,-0.018446648,0.000000000,0.000000000,0.000000000,0.000000000,0.000000000,0.000000000,0.000000000,0.000000000,0.000000000,0.000000000,0.000000000,0.000000000,0.000000000,0.000000000
223,11.185132523,0.600000000,0.000000000,0.300000000,0.017768390,0.023769280,-0.020309754,0.015328276,0.018237077,-0.018719550,0.014287040,0.015038766,0.017850356,-0.013500273,0.015451895,0.012224743,-0.019013871,-0.018174972,0.000000000,0.000000000,0.000000000,0.000000000,0.000000000,0.000000000,0.000000000,0.000000000,0.000000000,0.000000000,0.000000000,0.000000000,0.000000000,0.000000000
224,11.234957159,0.600000000,0.000000000,0.300000000,0.017624244,0.023725646,-0.020151919,0.015170733,0.018104814,-0.018549914,0.013929178,0.014934422,0.017721100,-0.013345358,0.015250120,0.012018273,-0.018827984,-0.017903412,0.000000000,0.000000000,0.000000000,0.000000000,0.000000000,0.000000000,0.000000000,0.000000000,0.000000000,0.000000000,0.000000000,0.000000000,0.000000000,0.000000000
225,11.284924500,0.600000000,0.000000000,0.300000000,0.017482601,0.023686104,-0.019990284,0.015013836,0.017977018,-0.018384479,0.013578083,0.014829095,0.017587909,-0.013193185,0.015058119,0.011812190,-0.018637137,-0.017634688,0.000000000,0.000000000,0.000000000,0.000000000,0.000000000,0.000000000,0.000000000,0.000000000,0.000000000,0.000000000,0.000000000,0.000000000,0.000000000,0.000000000
226,11.334977663,0.600000000,0.000000000,0.300000000,0.017341968,0.023641292,-0.019831076,0.014864001,0.017850190,-0.018219994,0.013232767,0.014723320,0.017458294,-0.013043215,0.014864178,0.011608131,-0.018447913,-0.017369639,0.000000000,0.000000000,0.000000000,0.000000000,0.000000000,0.000000000,0.000000000,0.000000000,0.000000000,0.000000000,0.000000000,0.000000000,0.000000000,0.000000000
227,11.385218357,0.600000000,0.000000000,0.300000000,0.017201902,0.023599144,-0.019673588,0.014713213,0.017723614,-0.018058922,0.012893372,0.014616381,0.017332284,-0.012898594,0.014666812,0.011405562,-0.018266270,-0.017108507,0.000000000,0.000000000,0.000000000,0.000000000,0.000000000,0.000000000,0.000000000,0.000000000,0.000000000,0.000000000,0.000000000,0.000000000,0.000000000,0.000000000
228,11.434920474,0.600000000,0.000000000,0.300000000,0.017061932,0.023555836,-0.019516852,0.014565692,0.017599095,-0.017899873,0.012559342,0.014509414,0.017199079,-0.012758234,0.014487141,0.011204393,-0.018077862,-0.016851380,0.000000000,0.000000000,0.000000000,0.000000000,0.000000000,0.000000000,0.000000000,0.000000000,0.000000000,0.000000000,0.000000000,0.000000000,0.000000000,0.000000000
229,11.484988979,0.600000000,0.000000000,0.300000000,0.016925462,0.023512378,-0.019360358,0.014421376,0.017474128,-0.017744325,0.012231835,0.014402744,0.017075807,-0.012619048,0.014296655,0.011005635,-0.017895322,-0.016597921,0.000000000,0.000000000,0.000000000,0.000000000,0.000000000,0.000000000,0.000000000,0.000000000,0.000000000,0.000000000,0.000000000,0.000000000,0.000000000,0.000000000
230,11.534941962,0.600000000,0.000000000,0.300000000,0.016787516,0.023469025,-0.019207008,0.014278898,0.017349636,-0.017589550,0.011909548,0.014294822,0.016946562,-0.012486479,0.014118711,0.010808099,-0.017711651,-0.016347986,0.000000000,0.000000000,0.000000000,0.000000000,0.000000000,0.000000000,0.000000000,0.000000000,0.000000000,0.000000000,0.000000000,0.000000000,0.000000000,0.000000000
231,11.585224827,0.600000000,0.000000000,0.300000000,0.016652549,0.023425613,-0.019052770,0.014139414,0.017225934,-0.017436160,0.011592733,0.014187317,0.016822753,-0.012355653,0.013937012,0.010612633,-0.017532026,-0.016101668,0.000000000,0.000000000,0.000000000,0.000000000,0.000000000,0.000000000,0.000000000,0.000000000,0.000000000,0.000000000,0.000000000,0.000000000,0.000000000,0.000000000
232,11.635270420,0.600000000,0.000000000,0.300000000,0.016520293,0.023379697,-0.018905703,0.014005561,0.017104838,-0.017288638,0.011286540,0.014082523,0.016698869,-0.012228819,0.013761033,0.010424213,-0.017358407,-0.015859608,0.000000000,0.000000000,0.000000000,0.000000000,0.000000000,0.000000000,0.000000000,0.000000000,0.000000000,0.000000000,0.000000000,0.000000000,0.000000000,0.000000000
233,11.684840862,0.600000000,0.000000000,0.300000000,0.016389214,0.023338577,-0.018756060,0.013870203,0.016985426,-0.017142590,0.010985465,0.013976508,0.016576476,-0.012106587,0.013593129,0.010237418,-0.017182954,-0.015623766,0.000000000,0.000000000,0.000000000,0.000000000,0.000000000,0.000000000,0.000000000,0.000000000,0.000000000,0.000000000,0.000000000,0.000000000,0.000000000,0.000000000
234,11.734911533,0.600000000,0.000000000,0.300000000,0.016259927,0.023293674,-0.018608969,0.013741191,0.016866041,-0.016999284,0.010690535,0.013871535,0.016457135,-0.011986799,0.013423584,0.010053169,-0.017010240,-0.015391759,0.000000000,0.000000000,0.000000000,0.000000000,0.000000000,0.000000000,0.000000000,0.000000000,0.000000000,0.000000000,0.000000000,0.000000000,0.000000000,0.000000000
235,11.784940877,0.600000000,0.000000000,0.300000000,0.016130792,0.023249844,-0.018462883,0.013612908,0.016746821,-0.016857585,0.010400896,0.013767127,0.016335322,-0.011869007,0.013261459,0.009871736,-0.016836707,-0.015163243,0.000000000,0.000000000,0.000000000,0.000000000,0.000000000,0.000000000,0.000000000,0.000000000,0.000000000,0.000000000,0.000000000,0.000000000,0.000000000,0.000000000
236,11.834971558,0.600000000,0.000000000,0.300000000,0.016033050,0.023205359,-0.018372420,0.013514043,0.016654251,-0.016755451,0.010171290,0.013687808,0.016232425,-0.011760095,0.013117628,0.009736491,-0.016699295,-0.014945623,0.000000000,0.000000000,0.000000000,0.000000000,0.000000000,0.000000000,0.000000000,0.000000000,0.000000000,0.000000000,0.000000000,0.000000000,0.000000000,0.000000000
237,11.884921296,0.600000000,0.000000000,0.300000000,0.015910899,0.023170225,-0.018189732,0.013391294,0.016550003,-0.016602175,0.009890610,0.013570706,0.016130768,-0.011665247,0.012968552,0.009552613,-0.016528562,-0.014749448,0.000000000,0.000000000,0.000000000,0.000000000,0.000000000,0.000000000,0.000000000,0.000000000,0.000000000,0.000000000,0.000000000,0.000000000,0.000000000,0.000000000
238,11.934989658,0.600000000,0.000000000,0.300000000,0.015771482,0.023131160,-0.018059466,0.013256313,0.016421633,-0.016471066,0.009612484,0.013471990,0.016005674,-0.011552446,0.012808153,0.009373740,-0.016363502,-0.014540832,0.000000000,0.000000000,0.000000000,0.000000000,0.000000000,0.000000000,0.000000000,0.000000000,0.000000000,0.000000000,0.000000000,0.000000000,0.000000000,0.000000000
239,11.984957634,0.600000000,0.000000000,0.300000000,0.015646135,0.023086913,-0.017909251,0.013137423,0.016299447,-0.016331270,0.009334096,0.013368445,0.015888015,-0.011446259,0.012653713,0.009198042,-0.016192839,-0.014325651,0.000000000,0.000000000,0.000000000,0.000000000,0.000000000,0.000000000,0.000000000,0.000000000,0.000000000,0.000000000,0.000000000,0.000000000,0.000000000,0.000000000
240,12.035406760,0.600000000,0.000000000,0.300000000,0.286410093,-0.857045770,-0.118114643,-0.934767962,0.417320192,-0.989024460,0.022316594,0.144399360,-0.882199168,-0.160058513,-0.944448352,0.271868855,-0.989789248,-0.452397555,0.000000000,0.000000000,0.000000000,0.000000000,0.000000000,0.000000000,0.000000000,0.000000000,0.000000000,0.000000000,0.000000000,0.000000000,0.000000000,0.000000000
241,12.084891816,0.500000000,0.000000000,0.300000000,0.312144518,-0.589383185,-0.095883280,-0.725949824,-0.076171875,-0.921494722,0.320310861,0.270774245,-0.789160490,0.019718787,-0.680287838,0.223205715,-0.950371444,-0.485450715,0.000000000,0.000000000,0.000000000,0.000000000,0.000000000,0.000000000,0.000000000,0.000000000,0.000000000,0.000000000,0.000000000,0.000000000,0.000000000,0.000000000
242,12.135066466,0.500000000,0.000000000,0.300000000,0.299325168,-0.225214645,-0.108363546,-0.324557781,-0.346585006,-0.560559809,0.387645721,0.272578061,-0.627335131,0.043457761,-0.396537393,0.241229326,-0.793542087,-0.412976414,0.000000000,0.000000000,0.000000000,0.000000000,0.000000000,0.000000000,0.000000000,0.000000000,0.000000000,0.000000000,0.000000000,0.000000000,0.000000000,0.000000000
243,12.184917104,0.500000000,0.000000000,0.300000000,0.148824766,-0.164517120,-0.169738933,-0.121532477,-0.314046949,-0.241711199,0.200716585,0.101871721,-0.366055608,-0.053714633,-0.120606750,0.045857213,-0.387261569,-0.365899205,0.000000000,0.000000000,0.000000000,0.000000000,0.000000000,0.000000000,0.000000000,0.000000000,0.000000000,0.000000000,0.000000000,0.000000000,0.000000000,0.000000000
244,12.235106491,0.500000000,0.000000000,0.300000000,0.003316115,-0.221280217,-0.224780381,-0.071590364,-0.177363440,-0.193561926,-0.067072041,-0.095869653,-0.189170837,-0.145552620,0.015472870,-0.123576060,-0.097474970,-0.316368729,0.000000000,0.000000000,0.000000000,0.000000000,0.000000000,0.000000000,0.000000000,0.000000000,0.000000000,0.000000000,0.000000000,0.000000000,0.000000000,0.000000000
245,12.285391084,0.500000000,0.000000000,0.300000000,-0.055381097,-0.200275809,-0.190798223,0.013079452,-0.121996783,-0.071955927,-0.221604541,-0.121214747,-0.060885437,-0.077615984,0.039111495,-0.124140702,-0.094003573,-0.230881020,0.000000000,0.000000000,0.000000000,0.000000000,0.000000000,0.000000000,0.000000000,0.000000000,0.000000000,0.000000000,0.000000000,0.000000000,0.000000000,0.000000000
246,12.334926406,0.500000000,0.000000000,0.300000000,-0.084975533,-0.126870319,-0.085662313,-0.015625982,-0.072791561,-0.054145712,-0.271138251,-0.134819984,0.020342685,-0.029597845,0.026126392,-0.085162982,-0.055747528,-0.138801888,0.000000000,0.000000000,0.000000000,0.000000000,0.000000000,0.000000000,0.000000000,0.000000000,0.000000000,0.000000000,0.000000000,0.000000000,0.000000000,0.000000000
247,12.384907107,0.500000000,0.000000000,0.300000000,-0.090307839,-0.041315559,-0.015676243,-0.014623609,-0.046842314,-0.010336158,-0.266909689,-0.081727505,0.065213382,0.038145140,-0.011557234,-0.043307476,-0.061210118,-0.067276023,0.000000000,0.000000000,0.000000000,0.000000000,0.000000000,0.000000000,0.000000000,0.000000000,0.000000000,0.000000000,0.000000000,0.000000000,0.000000000,0.000000000
248,12.434981663,0.500000000,0.000000000,0.300000000,-0.094438642,-0.001117402,0.048496164,-0.029477127,-0.027966056,-0.020558516,-0.242254302,-0.047265727,0.071237415,0.041487031,-0.032833550,-0.045377668,-0.059712503,-0.015953662,0.000000000,0.000000000,0.000000000,0.000000000,0.000000000,0.000000000,0.000000000,0.000000000,0.000000000,0.000000000,0.000000000,0.000000000,0.000000000,0.000000000
249,12.484911674,0.500000000,0.000000000,0.300000000,-0.059129249,0.012333168,0.097217359,-0.031834092,0.002318650,-0.015261224,-0.215418577,-0.032291617,0.069068402,0.042274836,-0.052626695,-0.038177188,-0.050962456,0.001803605,0.000000000,0.000000000,0.000000000,0.000000000,0.000000000,0.000000000,0.000000000,0.000000000,0.000000000,0.000000000,0.000000000,0.000000000,0.000000000,0.000000000
250,12.534969209,0.500000000,0.000000000,0.300000000,-0.039998259,0.018218832,0.103209458,-0.039825972,0.021002486,-0.018972445,-0.176110297,-0.028443461,0.056477346,0.039093759,-0.057642054,-0.041072555,-0.046095487,0.013955343,0.000000000,0.000000000,0.000000000,0.000000000,0.000000000,0.000000000,0.000000000,0.000000000,0.000000000,0.000000000,0.000000000,0.000000000,0.000000000,0.000000000
251,12.584905930,0.500000000,0.000000000,0.300000000,-0.027173206,0.018807836,0.094512023,-0.038944352,0.037838001,-0.020332195,-0.138235778,-0.028333044,0.037033785,0.035049830,-0.054738402,-0.036323242,-0.039817221,0.018981099,0.000000000,0.000000000,0.000000000,0.000000000,0.000000000,0.000000000,0.000000000,0.000000000,0.000000000,0.000000000,0.000000000,0.000000000,0.000000000,0.000000000
252,12.634867348,0.500000000,0.000000000,0.300000000,-0.019275907,0.017488571,0.079843871,-0.036658872,0.032468010,-0.023361120,-0.104751833,-0.030522063,0.018730788,0.030432383,-0.047014695,-0.032193847,-0.034116626,0.022569817,0.000000000,0.000000000,0.000000000,0.000000000,0.000000000,0.000000000,0.000000000,0.000000000,0.000000000,0.000000000,0.000000000,0.000000000,0.000000000,0.000000000
253,12.684983399,0.500000000,0.000000000,0.300000000,-0.017694198,0.013362788,0.069578506,-0.033847179,0.029833240,-0.026550526,-0.084028423,-0.031939361,0.008320436,0.029241746,-0.041662648,-0.029393123,-0.029276125,0.024333879,0.000000000,0.000000000,0.000000000,0.000000000,0.000000000,0.000000000,0.000000000,0.000000000,0.000000000,0.000000000,0.000000000,0.000000000,0.000000000,0.000000000
254,12.735260944,0.500000000,0.000000000,0.300000000,-0.016711662,0.004953133,0.051189981,-0.032013614,0.025126267,-0.033152811,-0.063898385,-0.034082253,-0.008116874,0.026611004,-0.032715168,-0.025478153,-0.023982486,0.025131162,0.000000000,0.000000000,0.000000000,0.000000000,0.000000000,0.000000000,0.000000000,0.000000000,0.000000000,0.000000000,0.000000000,0.000000000,0.000000000,0.000000000
255,12.784924101,0.500000000,0.000000000,0.300000000,-0.018112242,-0.001627565,0.036692888,-0.020181393,0.020617755,-0.027703533,-0.048177298,-0.034869157,-0.019605957,0.026694361,-0.027605973,-0.022559762,-0.022950359,0.024750706,0.000000000,0.000000000,0.000000000,0.000000000,0.000000000,0.000000000,0.000000000,0.000000000,0.000000000,0.000000000,0.000000000,0.000000000,0.000000000,0.000000000
256,12.834908448,0.500000000,0.000000000,0.300000000,-0.020659219,-0.008883870,0.027132630,-0.013507301,0.013999743,-0.026309019,-0.038839173,-0.034657992,-0.024715926,0.026855536,-0.025249721,-0.019204505,-0.022568073,0.026048876,0.000000000,0.000000000,0.000000000,0.000000000,0.000000000,0.000000000,0.000000000,0.000000000,0.000000000,0.000000000,0.000000000,0.000000000,0.000000000,0.000000000
257,12.884908666,0.500000000,0.000000000,0.300000000,-0.018954927,-0.014913074,0.026651805,-0.008839821,0.011489992,-0.026403792,-0.034951556,-0.032696266,-0.023959672,0.028854413,-0.025368333,-0.015415416,-0.021175526,0.028402153,0.000000000,0.000000000,0.000000000,0.000000000,0.000000000,0.000000000,0.000000000,0.000000000,0.000000000,0.000000000,0.000000000,0.000000000,0.000000000,0.000000000
258,12.934935054,0.500000000,0.000000000,0.300000000,-0.017126078,-0.018129593,0.025185429,-0.005760096,0.009967850,-0.025105491,-0.032499880,-0.030746398,-0.023955651,0.028917192,-0.024885975,-0.012543542,-0.019586442,0.028751584,0.000000000,0.000000000,0.000000000,0.000000000,0.000000000,0.000000000,0.000000000,0.000000000,0.000000000,0.000000000,0.000000000,0.000000000,0.000000000,0.000000000
259,12.984913140,0.500000000,0.000000000,0.300000000,-0.015491796,-0.019563891,0.024934234,-0.004074086,0.008913658,-0.023950838,-0.030479094,-0.029192666,-0.023969151,0.028462246,-0.024379389,-0.010952035,-0.018066244,0.028469451,0.000000000,0.000000000,0.000000000,0.000000000,0.000000000,0.000000000,0.000000000,0.000000000,0.000000000,0.000000000,0.000000000,0.000000000,0.000000000,0.000000000
260,13.034921276,0.500000000,0.000000000,0.300000000,-0.014899299,-0.018654360,0.024553012,-0.004067805,0.007605261,-0.022883749,-0.028819587,-0.027860260,-0.024378536,0.027984129,-0.023904931,-0.009980794,-0.016993854,0.028208951,0.000000000,0.000000000,0.000000000,0.000000000,0.000000000,0.000000000,0.000000000,0.000000000,0.000000000,0.000000000,0.000000000,0.000000000,0.000000000,0.000000000
261,13.084867144,0.500000000,0.000000000,0.300000000,-0.014464234,-0.018136146,0.024568195,-0.003765159,0.006583644,-0.021943534,-0.027775705,-0.026831063,-0.024657445,0.027376501,-0.023448510,-0.009290234,-0.015991457,0.028050335,0.000000000,0.000000000,0.000000000,0.000000000,0.000000000,0.000000000,0.000000000,0.000000000,0.000000000,0.000000000,0.000000000,0.000000000,0.000000000,0.000000000
262,13.134926895,0.500000000,0.000000000,0.300000000,-0.014166965,-0.017735085,0.024561495,-0.003604810,0.005715684,-0.021269698,-0.027098525,-0.026261359,-0.024812918,0.026769910,-0.023133075,-0.008839042,-0.015118669,0.027838791,0.000000000,0.000000000,0.000000000,0.000000000,0.000000000,0.000000000,0.000000000,0.000000000,0.000000000,0.000000000,0.000000000,0.000000000,0.000000000,0.000000000
263,13.184937794,0.500000000,0.000000000,0.300000000,-0.014180156,-0.017405363,0.024083940,-0.003424694,0.004762141,-0.020672811,-0.026679792,-0.025917288,-0.024907401,0.026342049,-0.022757525,-0.008463188,-0.014243965,0.027527202,0.000000000,0.000000000,0.000000000,0.000000000,0.000000000,0.000000000,0.000000000,0.000000000,0.000000000,0.000000000,0.000000000,0.000000000,0.000000000,0.000000000
264,13.234973466,0.500000000,0.000000000,0.300000000,-0.014118381,-0.017109664,0.023687230,-0.003190845,0.003931819,-0.020068431,-0.026403295,-0.025678016,-0.024994623,0.026013836,-0.022366896,-0.008153846,-0.013346088,0.027252095,0.000000000,0.000000000,0.000000000,0.000000000,0.000000000,0.000000000,0.000000000,0.000000000,0.000000000,0.000000000,0.000000000,0.000000000,0.000000000,0.000000000
265,13.284901575,0.500000000,0.000000000,0.300000000,-0.014066960,-0.016826570,0.023243599,-0.002981531,0.003163256,-0.019495320,-0.026178092,-0.025490444,-0.025074948,0.025766516,-0.021993255,-0.007884718,-0.012478404,0.027009897,0.000000000,0.000000000,0.000000000,0.000000000,0.000000000,0.000000000,0.000000000,0.000000000,0.000000000,0.000000000,0.000000000,0.000000000,0.000000000,0.000000000
266,13.334931980,0.500000000,0.000000000,0.300000000,-0.013976469,-0.016564792,0.022839872,-0.002766926,0.002497120,-0.018942026,-0.026001826,-0.025335558,-0.025134932,0.025551448,-0.021624224,-0.007655553,-0.011632290,0.026809473,0.000000000,0.000000000,0.000000000,0.000000000,0.000000000,0.000000000,0.000000000,0.000000000,0.000000000,0.000000000,0.000000000,0.000000000,0.000000000,0.000000000
267,13.384941644,0.500000000,0.000000000,0.300000000,-0.013841148,-0.016329434,0.022425117,-0.002527831,0.001914786,-0.018398928,-0.025863348,-0.025145985,-0.025124613,0.025210371,-0.021270499,-0.007523469,-0.010825301,0.026632149,0.000000000,0.000000000,0.000000000,0.000000000,0.000000000,0.000000000,0.000000000,0.000000000,0.000000000,0.000000000,0.000000000,0.000000000,0.000000000,0.000000000
268,13.435283454,0.500000000,0.000000000,0.300000000,-0.013713253,-0.016104158,0.022030998,-0.002295449,0.001388418,-0.017908283,-0.025684176,-0.025019063,-0.025125014,0.024744978,-0.020903513,-0.007526620,-0.010058526,0.026428295,0.000000000,0.000000000,0.000000000,0.000000000,0.000000000,0.000000000,0.000000000,0.000000000,0.000000000,0.000000000,0.000000000,0.000000000,0.000000000,0.000000000
269,13.484913300,0.500000000,0.000000000,0.300000000,-0.013592121,-0.015902804,0.021669624,-0.002074846,0.000877876,-0.017473632,-0.025443150,-0.024729399,-0.025118724,0.024556020,-0.020547409,-0.007462147,-0.009355242,0.026233330,0.000000000,0.000000000,0.000000000,0.000000000,0.000000000,0.000000000,0.000000000,0.000000000,0.000000000,0.000000000,0.000000000,0.000000000,0.000000000,0.000000000
270,13.535029740,0.500000000,0.000000000,0.300000000,-0.013481768,-0.015690904,0.021307426,-0.001882465,0.000376288,-0.017058847,-0.025184147,-0.024522996,-0.025136288,0.024260588,-0.020176912,-0.007392658,-0.008687709,0.026069514,0.000000000,0.000000000,0.000000000,0.000000000,0.000000000,0.000000000,0.000000000,0.000000000,0.000000000,0.000000000,0.000000000,0.000000000,0.000000000,0.000000000
271,13.585066513,0.500000000,0.000000000,0.300000000,-0.013343011,-0.015491522,0.021120938,-0.001708778,0.000019852,-0.016711371,-0.024941003,-0.024305435,-0.025117397,0.024080591,-0.019949015,-0.007337468,-0.008164627,0.025965374,0.000000000,0.000000000,0.000000000,0.000000000,0.000000000,0.000000000,0.000000000,0.000000000,0.000000000,0.000000000,0.000000000,0.000000000,0.000000000,0.000000000
272,13.634974012,0.500000000,0.000000000,0.300000000,-0.013324508,-0.015302985,0.020673124,-0.001559513,-0.000464108,-0.016372910,-0.024660503,-0.024115883,-0.025129765,0.023809953,-0.019552650,-0.007257713,-0.007593084,0.025825337,0.000000000,0.000000000,0.000000000,0.000000000,0.000000000,0.000000000,0.000000000,0.000000000,0.000000000,0.000000000,0.000000000,0.000000000,0.000000000,0.000000000
273,13.684888718,0.500000000,0.000000000,0.300000000,-0.013192417,-0.015086164,0.020379396,-0.001375298,-0.000867586,-0.016019218,-0.024366576,-0.023896083,-0.025121590,0.023564877,-0.019217098,-0.007171671,-0.007020164,0.025636896,0.000000000,0.000000000,0.000000000,0.000000000,0.000000000,0.000000000,0.000000000,0.000000000,0.000000000,0.000000000,0.000000000,0.000000000,0.000000000,0.000000000
274,13.735001018,0.500000000,0.000000000,0.300000000,-0.013106773,-0.014855129,0.020027686,-0.001228284,-0.001280169,-0.015675543,-0.024067573,-0.023669744,-0.025123212,0.023296237,-0.018862087,-0.007086731,-0.006469636,0.025421238,0.000000000,0.000000000,0.000000000,0.000000000,0.000000000,0.000000000,0.000000000,0.000000000,0.000000000,0.000000000,0.000000000,0.000000000,0.000000000,0.000000000
275,13.784972979,0.500000000,0.000000000,0.300000000,-0.012998534,-0.014631913,0.019717649,-0.001070927,-0.001659224,-0.015336071,-0.023771582,-0.023433127,-0.025116267,0.023031944,-0.018523933,-0.007001255,-0.005939384,0.025192518,0.000000000,0.000000000,0.000000000,0.000000000,0.000000000,0.000000000,0.000000000,0.000000000,0.000000000,0.000000000,0.000000000,0.000000000,0.000000000,0.000000000
276,13.835213542,0.500000000,0.000000000,0.300000000,-0.012898773,-0.014407980,0.019403428,-0.000930328,-0.002025017,-0.015006771,-0.023477612,-0.023197025,-0.025112551,0.022762360,-0.018188920,-0.006917053,-0.005435026,0.024956139,0.000000000,0.000000000,0.000000000,0.000000000,0.000000000,0.000000000,0.000000000,0.000000000,0.000000000,0.000000000,0.000000000,0.000000000,0.000000000,0.000000000
277,13.884870186,0.500000000,0.000000000,0.300000000,-0.012795145,-0.014191958,0.019103713,-0.000788841,-0.002370111,-0.014683451,-0.023186997,-0.022958422,-0.025101479,0.022497986,-0.017864998,-0.006832545,-0.004954447,0.024715023,0.000000000,0.000000000,0.000000000,0.000000000,0.000000000,0.000000000,0.000000000,0.000000000,0.000000000,0.000000000,0.000000000,0.000000000,0.000000000,0.000000000
278,13.934937230,0.500000000,0.000000000,0.300000000,-0.012693960,-0.013979398,0.018809753,-0.000660289,-0.002697130,-0.014371203,-0.022899915,-0.022723628,-0.025088038,0.022231320,-0.017549908,-0.006750093,-0.004497244,0.024469988,0.000000000,0.000000000,0.000000000,0.000000000,0.000000000,0.000000000,0.000000000,0.000000000,0.000000000,0.000000000,0.000000000,0.000000000,0.000000000,0.000000000
279,13.984924692,0.500000000,0.000000000,0.300000000,-0.012593438,-0.013771872,0.018524338,-0.000539672,-0.003003793,-0.014070529,-0.022616329,-0.022488518,-0.025071859,0.021970117,-0.017240014,-0.006667753,-0.004058354,0.024220878,0.000000000,0.000000000,0.000000000,0.000000000,0.000000000,0.000000000,0.000000000,0.000000000,0.000000000,0.000000000,0.000000000,0.000000000,0.000000000,0.000000000
280,14.034904973,0.500000000,0.000000000,0.300000000,-0.012494078,-0.013569537,0.018244857,-0.000422250,-0.003293782,-0.013776518,-0.022337252,-0.022256339,-0.025052499,0.021710694,-0.016939724,-0.006586448,-0.003638922,0.023968583,0.000000000,0.000000000,0.000000000,0.000000000,0.000000000,0.000000000,0.000000000,0.000000000,0.000000000,0.000000000,0.000000000,0.000000000,0.000000000,0.000000000
281,14.084877146,0.500000000,0.000000000,0.300000000,-0.012394725,-0.013372431,0.017973701,-0.000311132,-0.003565769,-0.013489910,-0.022062059,-0.022026364,-0.025028747,0.021453114,-0.016649934,-0.006506343,-0.003238979,0.023714194,0.000000000,0.000000000,0.000000000,0.000000000,0.000000000,0.000000000,0.000000000,0.000000000,0.000000000,0.000000000,0.000000000,0.000000000,0.000000000,0.000000000
282,14.134902763,0.500000000,0.000000000,0.300000000,-0.012296742,-0.013179793,0.017708469,-0.000206802,-0.003821306,-0.013211711,-0.021789685,-0.021797577,-0.025004078,0.021198867,-0.016364073,-0.006427490,-0.002856679,0.023457380,0.000000000,0.000000000,0.000000000,0.000000000,0.000000000,0.000000000,0.000000000,0.000000000,0.000000000,0.000000000,0.000000000,0.000000000,0.000000000,0.000000000
283,14.185222984,0.500000000,0.000000000,0.300000000,-0.012197731,-0.012992472,0.017459063,-0.000107091,-0.004056159,-0.012943164,-0.021523802,-0.021572929,-0.024977274,0.020950515,-0.016094448,-0.006351437,-0.002497981,0.023201078,0.000000000,0.000000000,0.000000000,0.000000000,0.000000000,0.000000000,0.000000000,0.000000000,0.000000000,0.000000000,0.000000000,0.000000000,0.000000000,0.000000000
284,14.235801948,0.500000000,0.000000000,0.300000000,-0.012104784,-0.012811021,0.017209686,-0.000016395,-0.004278630,-0.012686071,-0.021262607,-0.021351166,-0.024948778,0.020705542,-0.015827471,-0.006275943,-0.002154824,0.022944350,0.000000000,0.000000000,0.000000000,0.000000000,0.000000000,0.000000000,0.000000000,0.000000000,0.000000000,0.000000000,0.000000000,0.000000000,0.000000000,0.000000000
285,14.284955390,0.500000000,0.000000000,0.300000000,-0.012011025,-0.012632951,0.016968120,0.000068832,-0.004485871,-0.012436531,-0.021005111,-0.021133082,-0.024918785,0.020463143,-0.015567541,-0.006201284,-0.001827089,0.022686463,0.000000000,0.000000000,0.000000000,0.000000000,0.000000000,0.000000000,0.000000000,0.000000000,0.000000000,0.000000000,0.000000000,0.000000000,0.000000000,0.000000000
286,14.335232144,0.500000000,0.000000000,0.300000000,-0.011917943,-0.012461452,0.016732151,0.000152241,-0.004679478,-0.012192093,-0.020751886,-0.020916769,-0.024884779,0.020224286,-0.015316039,-0.006127481,-0.001514687,0.022427412,0.000000000,0.000000000,0.000000000,0.000000000,0.000000000,0.000000000,0.000000000,0.000000000,0.000000000,0.000000000,0.000000000,0.000000000,0.000000000,0.000000000
287,14.384910739,0.500000000,0.000000000,0.300000000,-0.011813397,-0.012302481,0.016596023,0.000222716,-0.004814435,-0.011986672,-0.020537088,-0.020719400,-0.024856292,0.020029459,-0.015136567,-0.006073579,-0.001264154,0.022198889,0.000000000,0.000000000,0.000000000,0.000000000,0.000000000,0.000000000,0.000000000,0.000000000,0.000000000,0.000000000,0.000000000,0.000000000,0.000000000,0.000000000
288,14.435200235,0.500000000,0.000000000,0.300000000,-0.011768743,-0.012153446,0.016303450,0.000279982,-0.005011930,-0.011772618,-0.020298956,-0.020522311,-0.024824660,0.019793510,-0.014873054,-0.005997437,-0.000992328,0.021952722,0.000000000,0.000000000,0.000000000,0.000000000,0.000000000,0.000000000,0.000000000,0.000000000,0.000000000,0.000000000,0.000000000,0.000000000,0.000000000,0.000000000
289,14.484915183,0.500000000,0.000000000,0.300000000,-0.011660361,-0.011997722,0.016099768,0.000360515,-0.005163963,-0.011543171,-0.020056240,-0.020318637,-0.024780998,0.019565081,-0.014637861,-0.005923425,-0.000711292,0.021696456,0.000000000,0.000000000,0.000000000,0.000000000,0.000000000,0.000000000,0.000000000,0.000000000,0.000000000,0.000000000,0.000000000,0.000000000,0.000000000,0.000000000
290,14.534921240,0.500000000,0.000000000,0.300000000,-0.011575644,-0.011835084,0.015867407,0.000421625,-0.005318558,-0.011319884,-0.019809529,-0.020110166,-0.024740268,0.019334476,-0.014404990,-0.005851172,-0.000445887,0.021433633,0.000000000,0.000000000,0.000000000,0.000000000,0.000000000,0.000000000,0.000000000,0.000000000,0.000000000,0.000000000,0.000000000,0.000000000,0.000000000,0.000000000
291,14.585198473,0.500000000,0.000000000,0.300000000,-0.011481332,-0.011679791,0.015657986,0.000489179,-0.005454080,-0.011098816,-0.019565789,-0.019900486,-0.024695421,0.019105678,-0.014181458,-0.005780424,-0.000193834,0.021168929,0.000000000,0.000000000,0.000000000,0.000000000,0.000000000,0.000000000,0.000000000,0.000000000,0.000000000,0.000000000,0.000000000,0.000000000,0.000000000,0.000000000
292,14.635301173,0.500000000,0.000000000,0.300000000,-0.011393621,-0.011523617,0.015444965,0.000544574,-0.005583761,-0.010887193,-0.019324481,-0.019692667,-0.024652047,0.018877529,-0.013956779,-0.005710651,0.000048146,0.020902256,0.000000000,0.000000000,0.000000000,0.000000000,0.000000000,0.000000000,0.000000000,0.000000000,0.000000000,0.000000000,0.000000000,0.000000000,0.000000000,0.000000000
293,14.684998335,0.500000000,0.000000000,0.300000000,-0.011303487,-0.011372548,0.015241017,0.000597503,-0.005701089,-0.010682832,-0.019085735,-0.019484950,-0.024602717,0.018654365,-0.013744016,-0.005640483,0.000276372,0.020634808,0.000000000,0.000000000,0.000000000,0.000000000,0.000000000,0.000000000,0.000000000,0.000000000,0.000000000,0.000000000,0.000000000,0.000000000,0.000000000,0.000000000
294,14.734945906,0.500000000,0.000000000,0.300000000,-0.011216319,-0.011222832,0.015039323,0.000647489,-0.005809983,-0.010481339,-0.018850142,-0.019280240,-0.024555463,0.018431170,-0.013531162,-0.005571866,0.000494376,0.020367473,0.000000000,0.000000000,0.000000000,0.000000000,0.000000000,0.000000000,0.000000000,0.000000000,0.000000000,0.000000000,0.000000000,0.000000000,0.000000000,0.000000000
295,14.785016369,0.500000000,0.000000000,0.300000000,-0.011128070,-0.011079263,0.014843246,0.000696164,-0.005910384,-0.010285961,-0.018616872,-0.019076573,-0.024505559,0.018212019,-0.013324521,-0.005503681,0.000702485,0.020100508,0.000000000,0.000000000,0.000000000,0.000000000,0.000000000,0.000000000,0.000000000,0.000000000,0.000000000,0.000000000,0.000000000,0.000000000,0.000000000,0.000000000
296,14.834995038,0.500000000,0.000000000,0.300000000,-0.011040350,-0.010937331,0.014651733,0.000742402,-0.006002425,-0.010093205,-0.018385982,-0.018875314,-0.024453869,0.017994644,-0.013126235,-0.005436180,0.000896558,0.019834546,0.000000000,0.000000000,0.000000000,0.000000000,0.000000000,0.000000000,0.000000000,0.000000000,0.000000000,0.000000000,0.000000000,0.000000000,0.000000000,0.000000000
297,14.884956617,0.500000000,0.000000000,0.300000000,-0.010954509,-0.010798558,0.014463496,0.000782352,-0.006086688,-0.009908464,-0.018157326,-0.018675501,-0.024400167,0.017780166,-0.012928486,-0.005369335,0.001083061,0.019569058,0.000000000,0.000000000,0.000000000,0.000000000,0.000000000,0.000000000,0.000000000,0.000000000,0.000000000,0.000000000,0.000000000,0.000000000,0.000000000,0.000000000
298,14.934979281,0.500000000,0.000000000,0.300000000,-0.010868762,-0.010662019,0.014280473,0.000821266,-0.006162830,-0.009726382,-0.017931946,-0.018477533,-0.024343688,0.017568942,-0.012741359,-0.005302982,0.001257523,0.019303808,0.000000000,0.000000000,0.000000000,0.000000000,0.000000000,0.000000000,0.000000000,0.000000000,0.000000000,0.000000000,0.000000000,0.000000000,0.000000000,0.000000000
299,14.984944450,0.500000000,0.000000000,0.300000000,-0.010784953,-0.010529861,0.014098865,0.000857781,-0.006233131,-0.009549826,-0.017708723,-0.018282110,-0.024288505,0.017358243,-0.012550952,-0.005238090,0.001426606,0.019040272,0.000000000,0.000000000,0.000000000,0.000000000,0.000000000,0.000000000,0.000000000,0.000000000,0.000000000,0.000000000,0.000000000,0.000000000,0.000000000,0.000000000
300,15.034927094,0.500000000,0.000000000,0.300000000,-0.010698447,-0.010400518,0.013931156,0.000893134,-0.006292853,-0.009378039,-0.017490257,-0.018089235,-0.024230424,0.017155267,-0.012377634,-0.005174851,0.001580297,0.018780168,0.000000000,0.000000000,0.000000000,0.000000000,0.000000000,0.000000000,0.000000000,0.000000000,0.000000000,0.000000000,0.000000000,0.000000000,0.000000000,0.000000000
301,15.084899630,0.500000000,0.000000000,0.300000000,-0.010618950,-0.010274163,0.013759579,0.000919748,-0.006349177,-0.009215072,-0.017275589,-0.017899886,-0.024173856,0.016953789,-0.012197476,-0.005112074,0.001730604,0.018522043,0.000000000,0.000000000,0.000000000,0.000000000,0.000000000,0.000000000,0.000000000,0.000000000,0.000000000,0.000000000,0.000000000,0.000000000,0.000000000,0.000000000
302,15.134879058,0.500000000,0.000000000,0.300000000,-0.010536206,-0.010151144,0.013595100,0.000948693,-0.006397424,-0.009054466,-0.017063266,-0.017712936,-0.024113884,0.016755950,-0.012031278,-0.005049901,0.001868544,0.018266188,0.000000000,0.000000000,0.000000000,0.000000000,0.000000000,0.000000000,0.000000000,0.000000000,0.000000000,0.000000000,0.000000000,0.000000000,0.000000000,0.000000000
303,15.184862574,0.500000000,0.000000000,0.300000000,-0.010456144,-0.010031440,0.013432418,0.000977445,-0.006441471,-0.008895274,-0.016853323,-0.017527593,-0.024056243,0.016560784,-0.011860237,-0.004988621,0.002002013,0.018012363,0.000000000,0.000000000,0.000000000,0.000000000,0.000000000,0.000000000,0.000000000,0.000000000,0.000000000,0.000000000,0.000000000,0.000000000,0.000000000,0.000000000
304,15.235201308,0.500000000,0.000000000,0.300000000,-0.010376111,-0.009913576,0.013267983,0.000998724,-0.006481136,-0.008741998,-0.016643045,-0.017343486,-0.023990529,0.016365251,-0.011698403,-0.004926403,0.002128404,0.017757710,0.000000000,0.000000000,0.000000000,0.000000000,0.000000000,0.000000000,0.000000000,0.000000000,0.000000000,0.000000000,0.000000000,0.000000000,0.000000000,0.000000000
305,15.284826937,0.500000000,0.000000000,0.300000000,-0.010291489,-0.009804830,0.013176952,0.001026336,-0.006497944,-0.008611794,-0.016467342,-0.017177463,-0.023945449,0.016205158,-0.011575486,-0.004882252,0.002228465,0.017530434,0.000000000,0.000000000,0.000000000,0.000000000,0.000000000,0.000000000,0.000000000,0.000000000,0.000000000,0.000000000,0.000000000,0.000000000,0.000000000,0.000000000
306,15.334896694,0.500000000,0.000000000,0.300000000,-0.010241135,-0.009702454,0.012982078,0.001033697,-0.006546698,-0.008477172,-0.016271228,-0.017008979,-0.023883117,0.016017370,-0.011408599,-0.004819683,0.002333860,0.017296080,0.000000000,0.000000000,0.000000000,0.000000000,0.000000000,0.000000000,0.000000000,0.000000000,0.000000000,0.000000000,0.000000000,0.000000000,0.000000000,0.000000000
307,15.384955688,0.500000000,0.000000000,0.300000000,-0.010152066,-0.009593410,0.012842925,0.001057978,-0.006563581,-0.008331359,-0.016071031,-0.016836340,-0.023814363,0.015832905,-0.011256925,-0.004759365,0.002446349,0.017053753,0.000000000,0.000000000,0.000000000,0.000000000,0.000000000,0.000000000,0.000000000,0.000000000,0.000000000,0.000000000,0.000000000,0.000000000,0.000000000,0.000000000
308,15.434951299,0.500000000,0.000000000,0.300000000,-0.010076443,-0.009483741,0.012687069,0.001074899,-0.006583443,-0.008188094,-0.015868517,-0.016659647,-0.023747101,0.015649986,-0.011107425,-0.004699985,0.002549255,0.016807791,0.000000000,0.000000000,0.000000000,0.000000000,0.000000000,0.000000000,0.000000000,0.000000000,0.000000000,0.000000000,0.000000000,0.000000000,0.000000000,0.000000000
309,15.484939560,0.500000000,0.000000000,0.300000000,-0.009997504,-0.009374897,0.012540823,0.001089487,-0.006596466,-0.008049776,-0.015667289,-0.016484337,-0.023680456,0.015465502,-0.010959252,-0.004641938,0.002646127,0.016560605,0.000000000,0.000000000,0.000000000,0.000000000,0.000000000,0.000000000,0.000000000,0.000000000,0.000000000,0.000000000,0.000000000,0.000000000,0.000000000,0.000000000
310,15.534894347,0.500000000,0.000000000,0.300000000,-0.009920063,-0.009269659,0.012396438,0.001104507,-0.006606196,-0.007913142,-0.015468615,-0.016308818,-0.023609364,0.015284168,-0.010818511,-0.004584220,0.002735146,0.016313380,0.000000000,0.000000000,0.000000000,0.000000000,0.000000000,0.000000000,0.000000000,0.000000000,0.000000000,0.000000000,0.000000000,0.000000000,0.000000000,0.000000000
311,15.585066213,0.500000000,0.000000000,0.300000000,-0.009843255,-0.009164346,0.012254586,0.001115802,-0.006612692,-0.007780648,-0.015271057,-0.016134908,-0.023540426,0.015103644,-0.010675895,-0.004527366,0.002819382,0.016067969,0.000000000,0.000000000,0.000000000,0.000000000,0.000000000,0.000000000,0.000000000,0.000000000,0.000000000,0.000000000,0.000000000,0.000000000,0.000000000,0.000000000
312,15.635030683,0.500000000,0.000000000,0.300000000,-0.009767348,-0.009061165,0.012115072,0.001122389,-0.006615315,-0.007654435,-0.015076263,-0.015963009,-0.023470482,0.014925623,-0.010536897,-0.004470802,0.002900473,0.015823638,0.000000000,0.000000000,0.000000000,0.000000000,0.000000000,0.000000000,0.000000000,0.000000000,0.000000000,0.000000000,0.000000000,0.000000000,0.000000000,0.000000000
313,15.684917295,0.500000000,0.000000000,0.300000000,-0.009690726,-0.008961201,0.011979476,0.001134101,-0.006614004,-0.007526867,-0.014883351,-0.015791509,-0.023398340,0.014751608,-0.010403293,-0.004414559,0.002974204,0.015581874,0.000000000,0.000000000,0.000000000,0.000000000,0.000000000,0.000000000,0.000000000,0.000000000,0.000000000,0.000000000,0.000000000,0.000000000,0.000000000,0.000000000
314,15.734925163,0.500000000,0.000000000,0.300000000,-0.009615483,-0.008861729,0.011845035,0.001141507,-0.006610920,-0.007403670,-0.014691555,-0.015623347,-0.023328692,0.014577400,-0.010266650,-0.004359731,0.003046592,0.015342351,0.000000000,0.000000000,0.000000000,0.000000000,0.000000000,0.000000000,0.000000000,0.000000000,0.000000000,0.000000000,0.000000000,0.000000000,0.000000000,0.000000000
315,15.784979529,0.500000000,0.000000000,0.300000000,-0.009539695,-0.008766421,0.011714109,0.001151103,-0.006604378,-0.007281763,-0.014502075,-0.015456270,-0.023254346,0.014406906,-0.010140792,-0.004305179,0.003111069,0.015104992,0.000000000,0.000000000,0.000000000,0.000000000,0.000000000,0.000000000,0.000000000,0.000000000,0.000000000,0.000000000,0.000000000,0.000000000,0.000000000,0.000000000
316,15.834911716,0.500000000,0.000000000,0.300000000,-0.009466022,-0.008670160,0.011585052,0.001152906,-0.006594395,-0.007166017,-0.014314545,-0.015290951,-0.023182718,0.014237962,-0.010009884,-0.004251327,0.003174443,0.014869652,0.000000000,0.000000000,0.000000000,0.000000000,0.000000000,0.000000000,0.000000000,0.000000000,0.000000000,0.000000000,0.000000000,0.000000000,0.000000000,0.000000000
317,15.884955387,0.500000000,0.000000000,0.300000000,-0.009391613,-0.008578509,0.011462954,0.001159954,-0.006581282,-0.007051664,-0.014131254,-0.015128612,-0.023107558,0.014073865,-0.009893309,-0.004199472,0.003228445,0.014638109,0.000000000,0.000000000,0.000000000,0.000000000,0.000000000,0.000000000,0.000000000,0.000000000,0.000000000,0.000000000,0.000000000,0.000000000,0.000000000,0.000000000
318,15.935005072,0.500000000,0.000000000,0.300000000,-0.009321263,-0.008487686,0.011339052,0.001162279,-0.006568408,-0.006941453,-0.013950606,-0.014968937,-0.023035558,0.013911304,-0.009771340,-0.004148243,0.003279779,0.014410184,0.000000000,0.000000000,0.000000000,0.000000000,0.000000000,0.000000000,0.000000000,0.000000000,0.000000000,0.000000000,0.000000000,0.000000000,0.000000000,0.000000000
319,15.984864862,0.500000000,0.000000000,0.300000000,-0.009248872,-0.008399306,0.011221116,0.001163069,-0.006550438,-0.006835116,-0.013771893,-0.014811466,-0.022962388,0.013751944,-0.009653512,-0.004097416,0.003329414,0.014185223,0.000000000,0.000000000,0.000000000,0.000000000,0.000000000,0.000000000,0.000000000,0.000000000,0.000000000,0.000000000,0.000000000,0.000000000,0.000000000,0.000000000
320,16.035373521,0.500000000,0.000000000,0.300000000,-0.009178179,-0.008314248,0.011102496,0.001166704,-0.006531723,-0.006728451,-0.013595205,-0.014655440,-0.022887250,0.013595428,-0.009542166,-0.004046618,0.003372075,0.013962844,0.000000000,0.000000000,0.000000000,0.000000000,0.000000000,0.000000000,0.000000000,0.000000000,0.000000000,0.000000000,0.000000000,0.000000000,0.000000000,0.000000000
